track,artist,explicit_label,age_rating
Hello,Adele,clean,all
LosT,Bring Me The Horizon,explicit,18+
Zombie,Bad Wolves,clean,all
2 Million Up,Peezy,explicit,18+
Drifting,Tiï¿½ï¿,clean,all
ýýýýýý,SPRITE,explicit,18+
Yaar Ka Sataya Hua Hai (feat. Nawazuddin Siddiqui),B Praak,clean,all
Magic Johnson,ian,explicit,18+
LEATHER,MAKAELA,explicit,18+
UNHEALTHY (feat. Shania Twain),Anne-Marie,clean,all
Mele Kalikimaka,Bing Crosby,clean,all
DJ BIWIR BEUREUM-BEUREUM JAWER HAYAM PANO COKLAT KOPI SUSU - RUNTAH,DJ MANIKCI REMIX,clean,all
Casca de Bala,Thullio Milionï¿½ï¿,clean,all
PILLOWTALK,ZAYN,explicit,18+
Best Day Of My Life,American Authors,clean,all
Malas Decisiones,Kenia OS,clean,all
Wind Up Missin' You,Tucker Wetmore,explicit,18+
Such a Whore (Stellular Remix),JVLA,explicit,18+
400 Degreez,JUVENILE,explicit,18+
Left and Right (Feat. Jung Kook of BTS),Charlie Puth,clean,all
Bandook,Nirvair Pannu,clean,all
Aullando,Wisin & Yandel,clean,all
Last Night Lonely,Jon Pardi,clean,all
Estï¿½ï¿½ Daï,Ivan Cornejo,clean,all
Pretty - Sped Up,MEYY,clean,all
Green Green Grass,George Ezra,clean,all
What He'll Never Have,Dylan Scott,clean,all
"Going, Going, Gone",Luke Combs,clean,all
Malvada,Zï¿½ï¿½ Fe,clean,all
Michi Teyu Ku (Overflowing),Fujii Kaze,clean,all
Demasiadas Mujeres,C. Tangana,clean,all
Summer of Love (Shawn Mendes & Tainy),Shawn Mendes,clean,all
Ballena,Vulgo FK,clean,all
One Right Now (with The Weeknd),Post Malone,explicit,18+
Bodak Black,Young Sunny Boy,explicit,18+
Be The One,Eli Brown,clean,all
I'm a Mess,Bebe Rexha,clean,all
Bhauji Lenge Lenge,Khesari Lal Yadav,clean,all
ýýýýýýýýýýýýýýýýýýýýýýýýýýýýýýýýýýýýýýý Feat.IIVY B,bonnadol,clean,all
Shootout,Izzamuzzic,clean,all
First Love,Oscar Maydon,clean,all
Last Night,Morgan Wallen,clean,all
Dead Man Walking,Brent Faiyaz,explicit,18+
Una Locura,Ozuna,clean,all
Sweater Weather,The Neighbourhood,clean,all
Whatsapp (Wassam),Gunna,explicit,18+
Easy,DaniLeigh,clean,all
soso,Omah Lay,clean,all
7 rings,Ariana Grande,explicit,18+
But I Got A Beer In My Hand,Luke Bryan,clean,all
Montagem Rave Eterno,Dj Samir,clean,all
We Ride,Bryan Martin,explicit,18+
Benjamins Deli,JRitt,clean,all
Wrong,Luh Kel,clean,all
What Else Can I Do?,Diane Guerrero,clean,all
Let You Down,NF,clean,all
YKWIM?,Yot Club,clean,all
22,JayO,explicit,18+
Solteiro Forï¿½ï¿½ado - (Boiadeira Internacio,Ana Castela,clean,all
Chupï¿½,El Gudi,clean,all
Baila Conmigo (with Rauw Alejandro),Selena Gomez,clean,all
Renklensin,Reynmen,clean,all
Bussin (with Rob49),Moneybagg Yo,explicit,18+
Ropa Cara,Camilo,clean,all
Ram Pam Pam,NATTI NATASHA,explicit,18+
Jennifer's Body,Ken Carson,explicit,18+
Bling-Bang-Bang-Born,Creepy Nuts,clean,all
Danza Kuduro - Cover,MUSIC LAB JPN,explicit,18+
In The Name Of Love,Martin Garrix,clean,all
MAMIII,Becky G,explicit,18+
Wish You The Best,Lewis Capaldi,clean,all
Remember,Becky Hill,clean,all
A Mimir En El Chat,Dejavu FF,clean,all
Cama Repetida,Leo Santana,clean,all
Need A Favor,Jelly Roll,clean,all
ýýýýýýýýýýýýýýýýýý ýýýýýýýýýýýý,MORGENSHTERN,explicit,18+
I'm Good (Blue),David Guetta,explicit,18+
Seven Nation Army,The White Stripes,clean,all
Took Her To The O,King Von,explicit,18+
I Don't Care,Boy Spyce,clean,all
Skyfall - Full Length,Adele,clean,all
Angry,The Rolling Stones,clean,all
Meridian,Dave,explicit,18+
Extssy Model,Junior H,clean,all
Cena Engraï¿½ï¿½ada e Inusi,HarmonicoHCO,clean,all
In the End,Linkin Park,clean,all
Hasta Que Dios Diga,Anuel AA,explicit,18+
Mas Existe um Lugar,Kaio Viana,explicit,18+
Yes I'm A Mess,AJR,explicit,18+
52 Gaj Ka Daman,Renuka Panwar,clean,all
There I Go (feat. J. Cole & Mike WiLL Made-It),Gucci Mane,explicit,18+
Middle,DJ Snake,clean,all
Bel Bont El3areedh,Hussain Aljassmi,clean,all
Pepas,Farruko,explicit,18+
FRI(END)S,V,clean,all
Bebefinn Song,Pinkfong,clean,all
#BrooklynBloodPop!,SyKo,explicit,18+
Dos Besitos,La Joaqui,clean,all
Kings & Queens,Ava Max,clean,all
TOMBOY,(G)I-DLE,clean,all
greedy sped up,Tate McRae,explicit,18+
Rosa Pastel,Peso Pluma,explicit,18+
brutal,Olivia Rodrigo,explicit,18+
Spotless (feat. The Lumineers),Zach Bryan,explicit,18+
Joli bï¿½ï¿,Naza,explicit,18+
ONE MORE TIME,blink-182,clean,all
El Rescate,Grupo Marca Registrada,explicit,18+
T-Shirt,Migos,explicit,18+
Permission to Dance,BTS,clean,all
Broccoli (feat. Lil Yachty),DRAM,explicit,18+
Casi Completa,Juliï¿½ï¿½n ï¿½ï¿½lvarez y su Norteï,clean,all
Locked Out Of Heaven,Bruno Mars,clean,all
Sum 2 Prove,Lil Baby,explicit,18+
Ready For Love,BLACKPINK,clean,all
Nosso Quadro,AgroPlay,clean,all
Dick (feat. Doja Cat),StarBoi3,explicit,18+
Tadow,Masego,clean,all
City Boys,Burna Boy,explicit,18+
BBY BOO (REMIX),iZaak,explicit,18+
Super Shy,NewJeans,clean,all
Witchy (feat. Childish Gambino),KAYTRANADA,explicit,18+
La kiffance,Naps,explicit,18+
Pure Water (with Migos),Mustard,explicit,18+
BOOKER T,Bad Bunny,explicit,18+
"So Long, London",Taylor Swift,clean,all
Flooded The Face,Lil Uzi Vert,explicit,18+
Psikopat,Butrint Imeri,clean,all
Bulletproof,Nate Smith,clean,all
Chulo pt.2,Bad Gyal,explicit,18+
Ascend,Dezko,clean,all
PARANOIA,HEARTSTEEL,clean,all
Martes 13,Luis R Conriquez,explicit,18+
Freestyle,Lil Baby,explicit,18+
DANCE CRIP,Trueno,explicit,18+
Dura,Daddy Yankee,clean,all
Who Needs Love,Trippie Redd,explicit,18+
Normal,Feid,explicit,18+
"Welcome To Rosas - From ""Wish""",Ariana DeBose,clean,all
SAY for thank YOU,Uni kukka,clean,all
Yonaguni,Bad Bunny,explicit,18+
Lo Que Tiene,Morad,clean,all
"Ranjha (From ""Shershaah"")",Jasleen Royal,clean,all
Otra Noche,Los ï¿½ï¿½ngeles Az,clean,all
Little Talks,Of Monsters and Men,clean,all
KICK BACK,Kenshi Yonezu,clean,all
"SI SI SI SI (feat. Eladio Carrion, Bryant Myers, Dei V)",The Academy: Segunda Misiï¿½,explicit,18+
Kill Bill,pasa michaelson,explicit,18+
Top 10 staTues tHat CriEd bloOd,Bring Me The Horizon,clean,all
WAIT FOR U (feat. Drake & Tems),Future,explicit,18+
ýýýýýýýýýýýýýýýýýý - ýýýý ýýýýýýýý ýýýýýýýý ýýýýýý,Ahmed Saad,clean,all
Bad Habits,Ed Sheeran,clean,all
Rainfall,Tom Santa,clean,all
Dancing With Your Ghost,Sasha Alex Sloan,clean,all
Surround Sound (feat. 21 Savage & Baby Tate),JID,explicit,18+
bye,Ariana Grande,clean,all
My Oh My,Ava Max,clean,all
Krippy Kush,Farruko,explicit,18+
Sorry,Justin Bieber,clean,all
Rich Flex,Drake,explicit,18+
A Thousand Years,Christina Perri,clean,all
telepatï¿½,Kali Uchis,clean,all
Mi Gente,J Balvin,clean,all
Kiss Me More (feat. SZA),Doja Cat,explicit,18+
Lonely At The Top,Asake,clean,all
Chicago Freestyle (feat. Giveon),Drake,explicit,18+
TO THE MOON,JNR CHOI,explicit,18+
Mbappe,Eladio Carrion,explicit,18+
Purple Stain,Alex Temple,clean,all
ýýCýýmo Pasýý?,Ela Taubert,clean,all
Famous Hoes,NLE Choppa,explicit,18+
Daddy Issues,The Neighbourhood,clean,all
Calm Down (with Selena Gomez),Rema,clean,all
Whoopty,CJ,explicit,18+
Teresa & Maria,alyona alyona,clean,all
ýýýýýýýýýýýýýýýýýýýýýýýýýýýýýýýýýýýýýýýýýýýýýýýýýýýýýýýýýýýýýýýýýý,Djpaoremix,clean,all
MERCEDES CAROTA,Bad Bunny,explicit,18+
The 5th Letter,Hollywood Dots The Oncelor,explicit,18+
Forget About Us,Perrie,clean,all
Canon and Gigue for Three Violins and Continuo in D Major: Canon,Sir Neville Marriner,clean,all
Paris,The Chainsmokers,clean,all
"Happy - From ""Despicable Me 2""",Pharrell Williams,clean,all
Hola Seï¿½ï¿½o,GIMS,clean,all
TEXAS HOLD 'EM,Beyoncï¿,explicit,18+
Die A Happy Man,Thomas Rhett,clean,all
PERSIAN RUGS,PARTYNEXTDOOR,explicit,18+
fast,Sueco,explicit,18+
Ice Cream (with Selena Gomez),BLACKPINK,clean,all
"Maroon Color Sadiya (From ""Fasal"")",Kalpana,clean,all
Souk,Samara,explicit,18+
Leave Out All The Rest,Linkin Park,clean,all
lo que hay x aquï¿,Rels B,clean,all
BOUNCY (K-HOT CHILLI PEPPERS),ATEEZ,clean,all
One Call Away,Charlie Puth,clean,all
Ring (feat. Kehlani),Cardi B,explicit,18+
FEARLESS,LE SSERAFIM,clean,all
Baby Don't Hurt Me,David Guetta,clean,all
the boy is mine,Ariana Grande,explicit,18+
act iii: on god? (she like),4batz,explicit,18+
Northern Attitude (with Hozier),Noah Kahan,explicit,18+
Marea (Weï¿½ï¿½ï¿½ve Lost Da,Fred again..,clean,all
good 4 u,Olivia Rodrigo,explicit,18+
Lil Boo Thang,Paul Russell,clean,all
"Sex, Drugs, Etc.",Beach Weather,clean,all
Collide (feat. Tyga),Justine Skye,explicit,18+
Haegeum,Agust D,clean,all
Animals,Martin Garrix,explicit,18+
we fell in love in october,girl in red,clean,all
El Perdedor,Maluma,clean,all
Cover Me In Sunshine,P!nk,clean,all
Tu Fan,mafalda cardenal,clean,all
Suzume,RADWIMPS,clean,all
Freaks,Surf Curse,clean,all
Up,Cardi B,explicit,18+
Con Calma,Daddy Yankee,clean,all
Petit gï¿½ï¿,Jungeli,explicit,18+
Ex's & Oh's,Elle King,clean,all
Fantasias,Rauw Alejandro,clean,all
Chasing Game,Nick Hanzo,clean,all
MVP,Shubh,explicit,18+
BREAK MY SOUL,Beyoncï¿,clean,all
Eyes Closed,Imagine Dragons,clean,all
MEMORIES!,347aidan,clean,all
Puro Campeï¿½,Grupo Marca Registrada,clean,all
3 Nights,Dominic Fike,clean,all
Tal Para Cual,Salastkbron,clean,all
Adictiva,Daddy Yankee,clean,all
"Jaragandi (From ""Game Changer"") (Telugu)",Thaman S,clean,all
Sip (Alcohol),Joeboy,clean,all
You Know You Like It,DJ Snake,clean,all
AUTOMï¿½ï¿½,Maria Becerra,clean,all
On My Mama,Victoria Monï¿½,explicit,18+
On The Floor,Jennifer Lopez,clean,all
Damage,H.E.R.,clean,all
GO (feat. Juice WRLD),The Kid LAROI,explicit,18+
Un Finde | CROSSOVER #2,Big One,clean,all
A Thousand Years,Aldy Santos,clean,all
"Who Want Smoke?? (feat. G Herbo, Lil Durk & 21 Savage)",Nardo Wick,explicit,18+
Envy Me,Calboy,explicit,18+
Piscina,Maria Becerra,explicit,18+
Aking Pahinga - Sped Up Version,Dro Perez,clean,all
Bel Mercy,Jengi,clean,all
M.A - Remix,BM,explicit,18+
S91,KAROL G,clean,all
As the World Caves In,Sarah Cothran,clean,all
Wasted On You,Morgan Wallen,clean,all
If We Ever Broke Up,Mae Stephens,explicit,18+
Crï¿½ï¿,KAROL G,clean,all
Sarah's Place (feat. Noah Kahan),Zach Bryan,clean,all
Stay,Rihanna,clean,all
We Don't Trust You,Future,explicit,18+
Issues,Julia Michaels,clean,all
CRAZYZ,Fuerza Regida,explicit,18+
MY HOUSE,Beyoncï¿,explicit,18+
DIME QUE,Ian G.,clean,all
Peaches & Eggplants (feat. 21 Savage),Young Nudy,explicit,18+
As It Was,Harry Styles,clean,all
Meant to Be (feat. Florida Georgia Line),Bebe Rexha,clean,all
Rubicon Drill,Laddi Chahal,clean,all
INDUSTRY BABY (feat. Jack Harlow),Lil Nas X,clean,all
El Patito Juan,Biper Y Sus Amigos,clean,all
Saturno,Pablo Alborï¿½,clean,all
Don't Be Shy,Tiï¿½ï¿,explicit,18+
Amapiano,Asake,explicit,18+
Buttabomma - Telugu,Armaan Malik,clean,all
Ric Flair Drip (with Metro Boomin),Offset,explicit,18+
Cï¿½ï¿½,Rauw Alejandro,explicit,18+
Paro,Nej,explicit,18+
About Damn Time,Lizzo,explicit,18+
Jordan,Ryan Castro,clean,all
La Tï¿½ï¿½,Farruko,clean,all
If You're Happy and You Know It (Clap Your Hands),CoComelon,clean,all
"O Saki Saki (From ""Batla House"")",Neha Kakkar,clean,all
ýýýýýýýýýý ýýýýýýýýýýýý,ALEX&RUS,clean,all
Oddara (feat. Mercedes Salinas),Overcast,clean,all
The Nights,Avicii,clean,all
The Way We Move - Extended Mix,PowerDress,clean,all
Hrs and Hrs,Muni Long,explicit,18+
ESCAPE PLAN,Travis Scott,explicit,18+
Dark Horse,Katy Perry,clean,all
Mï¿½ï¿½dchen auf dem P,Luca-Dante Spadafora,clean,all
Tigini (Remix),Kikimoteleba,clean,all
"Paint It, Black",The Rolling Stones,clean,all
Whatever She Wants,Bryson Tiller,explicit,18+
Ignorantes,Bad Bunny,explicit,18+
Agua (with J Balvin),Tainy,clean,all
Ya No Tiene Novio,Sebastian Yatra,clean,all
Highs & Lows,Prinz,clean,all
ýýýýýýýýýýýýýýýýýýýýý,FLI:P,clean,all
Wild as Her,Corey Kent,clean,all
Venom - Music From The Motion Picture,Eminem,explicit,18+
Mitu,Maian,clean,all
Not Fair,Niklas Dee,clean,all
Do not touch,MISAMO,clean,all
Have You Ever Seen The Rain,Creedence Clearwater Revival,clean,all
Bad Liar,Imagine Dragons,clean,all
"i hate u, i love u (feat. olivia o'brien)",gnash,explicit,18+
Virtual Angel,ARTMS,clean,all
All of Me,John Legend,clean,all
Faded,Benjamin Richter,clean,all
Boyfriend,Dove Cameron,explicit,18+
Dream Girl,Ir Sais,clean,all
Lonely (with benny blanco),Justin Bieber,explicit,18+
Gangstas,Pop Smoke,explicit,18+
ROCKSTAR (feat. Roddy Ricch),DaBaby,explicit,18+
When It Comes To You,Fridayy,clean,all
Commando,Mavokali,clean,all
Por el Resto de Tu Vida,Christian Nodal,clean,all
Can't Tame Her,Zara Larsson,clean,all
Bitch Let's Do It,YoungBoy Never Broke Again,explicit,18+
Bad At Love,Halsey,clean,all
GIRL LIKE ME,Black Eyed Peas,explicit,18+
Deixa,Maria Marï¿½ï,clean,all
Black Magic,Little Mix,clean,all
CCC,Michelle Maciel,clean,all
Sin Pijama,Becky G,clean,all
OKLOSER,Doja Cat,explicit,18+
HIND'S HALL,Macklemore,explicit,18+
Someone Like You,Adele,clean,all
Mon Amour - Remix,zzoilo,clean,all
Good Love,Hannah Laing,clean,all
Agora Hills,Doja Cat,explicit,18+
Do you like yogurt,Pierce,clean,all
Lullaby - BadWolf Remix,TR-MEET,clean,all
Doomsday,Juice WRLD,explicit,18+
Party Girl,StaySolidRocky,clean,all
Pasoori,Shae Gill,clean,all
Tï¿½ï¿½,Ozuna,clean,all
Praise The Lord (Da Shine) (feat. Skepta),A$AP Rocky,explicit,18+
Body Moving,Eliza Rose,clean,all
Calling My Phone,Lil Tjay,explicit,18+
Mama (with Skilla Baby & Tay B),Rob49,explicit,18+
Cat Partying (TikTok Sped Up) - Remix,Music Factory,clean,all
Baarish Ban Jaana,Payal Dev,clean,all
'Til You Can't,Cody Johnson,clean,all
Symphony (feat. Zara Larsson),Clean Bandit,clean,all
Faucet Failure,Ski Mask The Slump God,explicit,18+
Casanova,Soolking,clean,all
Lily,Alan Walker,clean,all
Into the Unknown,ALPHA 9,clean,all
Fast Car,Jonas Blue,clean,all
Go Stupid,Polo G,explicit,18+
Pickup Man (feat. Post Malone),HARDY,clean,all
24 (feat. Lil Baby),Money Man,explicit,18+
Happier Than Ever,Billie Eilish,explicit,18+
Deep in the Water,Don Toliver,explicit,18+
Super,SEVENTEEN,clean,all
Happy Dance,Elmo,clean,all
UNA CERVEZA,Fuerza Regida,explicit,18+
Melhor Eu Ir / Ligando os Fatos / Sonho de Amor / Deixa Eu Te Querer (Ao Vivo),Grupo Menos ï¿½ï¿½,clean,all
Ocean (feat. Khalid),Martin Garrix,clean,all
PUNTO 40,Rauw Alejandro,explicit,18+
Stay (with Alessia Cara),Zedd,clean,all
Poland,Lil Yachty,explicit,18+
La Gï¿½ï¿½e,Grupo Marca Registrada,clean,all
Walk It Talk It,Migos,explicit,18+
ISABELLE,Sefo,clean,all
LA FAMA,ROSALï¿½,clean,all
SAD!,XXXTENTACION,explicit,18+
Major Distribution,Drake,explicit,18+
act ii: date @ 8 (remix),4batz,explicit,18+
Cheques,Shubh,clean,all
Corazï¿½ï¿½n Roto pt. 3 (feat. Jhayco & Ryan Cas,Brray,explicit,18+
drivers license,Olivia Rodrigo,explicit,18+
Veggie Dance - Remix,Gracie's Corner,clean,all
Feel It,d4vd,clean,all
OTW,Khalid,explicit,18+
"10,000 Hours",Dan + Shay,clean,all
LA FALDA,Myke Towers,explicit,18+
Soltera - Remix,Lunay,clean,all
NDA,Billie Eilish,explicit,18+
See You Again (feat. Charlie Puth),Wiz Khalifa,clean,all
"yes, and?",Ariana Grande,explicit,18+
"Poblado (feat. Crissin, Totoy El Frio & Natan & Shander) [Remix]",J Balvin,clean,all
All of Me - Radio Edit,John Legend,clean,all
Another Love (Tiï¿½ï¿½sto Re,Tom Odell,clean,all
Faint,Linkin Park,clean,all
A Bar Song (Tipsy),Shaboozey,clean,all
Wagon Wheel,Darius Rucker,clean,all
Zombie Dance with New DB Heroes,D Billions,clean,all
PUNTO G,Quevedo,clean,all
If I Can't Have You,Shawn Mendes,clean,all
Fear Of Heights,Drake,explicit,18+
ceilings,Lizzy McAlpine,clean,all
"Mommy, Mommy Give Me Yummy",D Billions,clean,all
I Can Fix Him (No Really I Can),Taylor Swift,clean,all
Look Back At It,A Boogie Wit da Hoodie,explicit,18+
Lost Boy,Ruth B.,clean,all
Basit Numaralar,Zerrin ï¿½ï¿,clean,all
Rim Tim Tagi Dim,Baby Lasagna,clean,all
Did Me Wrong,A Boogie Wit da Hoodie,explicit,18+
Baby Me Atende,Matheus Fernandes,clean,all
Madrid City,Ana Mena,clean,all
Standing Next to You,Jung Kook,clean,all
GOOD LOYAL THOTS,Odetari,explicit,18+
ADIVINO,Myke Towers,explicit,18+
Botella Tras Botella,Gera MX,clean,all
Mama,Jonas Blue,clean,all
Super Bass,Nicki Minaj,explicit,18+
Legends,Juice WRLD,explicit,18+
Danï¿½ï¿½a Ma,Bolofofos,clean,all
HONEY BEES,Hachi,clean,all
Queen of Kings,Alessandra,clean,all
hey! hey!,TWS,clean,all
Antidote,Travis Scott,explicit,18+
Le Monde,Richard Carter,clean,all
Bad (feat. Vassy) - Radio Edit,Showtek,clean,all
Despacito,Luis Fonsi,clean,all
Tiroteo - Remix,Marc Seguï¿,clean,all
Feels Like Summer,Childish Gambino,clean,all
Conversations,Juice WRLD,explicit,18+
BADGYAL,SAIKO,explicit,18+
Outside (feat. Ellie Goulding),Calvin Harris,clean,all
Faz um Vuk Vuk (Teto Espelhado),MC Kevin o Chris,explicit,18+
Old Days,Lil Durk,explicit,18+
WORTH IT (feat. Don Toliver),Offset,explicit,18+
Ghost,Justin Bieber,clean,all
CONTIGO (with Tiï¿½ï¿½,KAROL G,clean,all
Con La Brisa,Foudeqush,clean,all
On The Radar Freestyle,Drake,explicit,18+
LOVE YOU BETTER,Future,explicit,18+
Mentiras | CROSSOVER #3,Big One,clean,all
Thotiana,Blueface,explicit,18+
She Had Me At Heads Carolina,Cole Swindell,clean,all
Title,Meghan Trainor,explicit,18+
Ain't Your Mama,Jennifer Lopez,clean,all
Lionheart (Fearless),Joel Corry,clean,all
A Tu Merced,Bad Bunny,clean,all
Often,The Weeknd,explicit,18+
Gï¿½ï¿½r,Fatih Bulut,clean,all
LALA,Myke Towers,explicit,18+
In My Mind,Dynoro,clean,all
THATS WHAT I WANT,Lil Nas X,explicit,18+
Dueles,Jesse & Joy,clean,all
Safe And Sound,Capital Cities,clean,all
POPSTAR (feat. Drake),DJ Khaled,explicit,18+
Axel F,Crazy Frog,clean,all
Belly Dancer,Imanbek,clean,all
One Of Your Girls,Troye Sivan,clean,all
Piï¿½ï¿½man Deï¿,Semicenk,clean,all
Peekaboo,Dave Angel,clean,all
Sexy And I Know It,LMFAO,clean,all
Khairiyat,Arijit Singh,clean,all
one of wun,Gunna,clean,all
2002,Anne-Marie,clean,all
Si Se Da,Myke Towers,explicit,18+
CAROLINA,KAROL G,clean,all
Palhaï¿½ï¿½a (Ao V,Naiara Azevedo,clean,all
Centuries,Fall Out Boy,clean,all
Yeshua (dance cruise),Dj Bentoa,clean,all
Poco A Poco,Xavi,clean,all
Poesia Acï¿½ï¿½stica #6: Era uma,Pineapple StormTv,explicit,18+
Come back to me,RM,clean,all
Elini Ver,Amo988,clean,all
ROZE | DJ TAO Turreo Sessions #22,DJ Tao,clean,all
"ZEIT, DASS SICH WAS DREHT",$OHO BANI,explicit,18+
Gimmie A Light,Ice Spice,explicit,18+
Lï¿½ï¿½ï¿½AMOUR DE,Billie Eilish,clean,all
Seven (feat. Latto) (Clean Ver.),Jung Kook,clean,all
This Is The Life,LIZOT,clean,all
Runaway,AURORA,clean,all
23 Preguntas,Anuel AA,explicit,18+
Slippery (feat. Gucci Mane),Migos,explicit,18+
Everyday Hustle,Future,explicit,18+
Ya Leil W Yal Ein,AL SHAMI,clean,all
Imitadora,Romeo Santos,clean,all
"Arcï¿½ï¿½ngel: Bzrp Music Sessions, Vol",Bizarrap,clean,all
if u think i'm pretty,Artemas,explicit,18+
Hola - Remix,Dalex,clean,all
Wolves,Selena Gomez,clean,all
Adios Amor,Christian Nodal,clean,all
Instant Crush (feat. Julian Casablancas),Daft Punk,clean,all
En Peligro de Extinciï¿½,La Adictiva,clean,all
Wunder,AYLIVA,explicit,18+
Chunni Me Perfume Lagawe,Gajendra Gurjar,clean,all
Higher Power,Coldplay,clean,all
Luchï¿½ï¿½ La,BoomBoxRepairKit,clean,all
Wellerman - Sea Shanty,Nathan Evans,clean,all
Pacas De Billetes,Natanael Cano,explicit,18+
Gangsta's Paradise,Coolio,clean,all
Out Of My Hands,Future,explicit,18+
the perfect pair,beabadoobee,clean,all
Cake By The Ocean - Cover,MUSIC LAB JPN,explicit,18+
FTCU,Nicki Minaj,explicit,18+
The Weekend,SZA,explicit,18+
We Laugh And Clap At The Circus,Surgeon,clean,all
Algo Mï¿½ï¿½,Rauw Alejandro,clean,all
Control,Zoe Wees,clean,all
Dark Red,Steve Lacy,clean,all
Muï¿½ï¿½,TINI,clean,all
Iced Coffee,Arthur Hill,clean,all
PICK IT UP (feat. A$AP Rocky),Famous Dex,explicit,18+
Chana Tera Shukriya,Tanveer Anjum,clean,all
MEMORIAS,Mora,clean,all
Maquillaje,Renn,explicit,18+
Rara Vez,Taiu,clean,all
Otro Atardecer,Bad Bunny,clean,all
Going Bad (feat. Drake),Meek Mill,explicit,18+
Bandana,Shubh,clean,all
Las Morras,Peso Pluma,explicit,18+
Qual ï¿½ï¿½ o seu des,Tz da Coronel,explicit,18+
Apocalypse,Cigarettes After Sex,explicit,18+
A Ella,KAROL G,clean,all
Wellerman - Sea Shanty / 220 KID x Billen Ted Remix,Nathan Evans,clean,all
Besito,Soy Pau,clean,all
Baklava,Gya,clean,all
Entre las de 20,Bizarrap,explicit,18+
Chyba ï¿½ï¿½e z T,MODELKI,clean,all
On BS,Drake,explicit,18+
Dance Monkey,Tones And I,clean,all
Ch y la Pizza,Fuerza Regida,explicit,18+
Shiver,John Summit,clean,all
Abc,J Ross,clean,all
Head & Heart (feat. MNEK),Joel Corry,clean,all
Pï¿½ï¿½gina De Ex - Ao Vivo N,Mari Fernandez,clean,all
Style,Taylor Swift,clean,all
Like That (feat. Gucci Mane),Doja Cat,explicit,18+
Proteï¿½ï¿½ï¿½ï¿½o,Tarcï¿½ï¿½sio do Acor,clean,all
The Magic Bomb,Hoï¿½ï¿½ng,clean,all
Bombonzinho - Ao Vivo,Israel & Rodolffo,clean,all
SIRENS,Travis Scott,explicit,18+
Speechless (Full),Naomi Scott,clean,all
Shut up My Moms Calling,Hotel Ugly,clean,all
Yes or No,Jung Kook,clean,all
Hold My Hand,Lady Gaga,clean,all
ORANGE SODA,Baby Keem,explicit,18+
TIL FURTHER NOTICE,Travis Scott,explicit,18+
SNAP - High and Fast,Rosa Linn,clean,all
Pantysito,Alejo,explicit,18+
Right Now (Feat. Crush),Coogie,clean,all
ALL MY FELLAS,Frizk,explicit,18+
Still With You,Jung Kook,clean,all
Train Wreck,James Arthur,clean,all
ýýýýýýýýýý ýýýýýýýýýýýý (ýýýýýýýýýýýýýý),5ï¿½ï¿½ï¿,clean,all
ýýýýýýýýýýýýýýý,Ado,clean,all
ýýýýýýýýýýýýýý,Wallem,clean,all
BOA,Megan Thee Stallion,explicit,18+
Fï¿½ï¿½S,Britney Manson,explicit,18+
Laxed (Siren Beat),Jawsh 685,clean,all
Build a Bitch,Bella Poarch,explicit,18+
Hymn For The Weekend - Seeb Remix,Coldplay,clean,all
Toda Remix - Remix,Alex Rose,explicit,18+
Sunshine,OneRepublic,clean,all
Jugnu,Badshah,clean,all
Soundgasm,Rema,explicit,18+
"One Of The Girls (with JENNIE, Lily Rose Depp)",The Weeknd,clean,all
Loco,Justin Quiles,clean,all
Sï¿½ï¿½,Anuel AA,explicit,18+
Red Leather,Future,explicit,18+
Adderall (Corvette Corvette),Popp Hunna,explicit,18+
IMAN (Two Of Us),Maria Becerra,clean,all
Lioness,Swedish House Mafia,clean,all
ULTRA SOLO REMIX,Polimï¿½ï¿½ Westc,clean,all
X SI VOLVEMOS,KAROL G,explicit,18+
When I'm Gone,Alesso,clean,all
MILLION DOLLAR BABY,Tommy Richman,clean,all
ýýýýýýýýýýýýýýýýýýýýýýýýýýýýýýýýýýýýýýýýýýýýýýýýýýýýýýýýýýýý (Fade),Jeff Satur,clean,all
Baby Car,Bebefinn,clean,all
Paint The Town Red,Doja Cat,explicit,18+
DANï¿½ï¿½A,PEDRO SAMPAIO,clean,all
Run Free,Deep Chills,clean,all
Tell Ur Girlfriend,Lay Bankz,explicit,18+
O Me Voy O Te Vas,Natanael Cano,clean,all
Afterglow,Ed Sheeran,clean,all
Give It To Me - Full Vocal Mix,Matt Sassari,clean,all
Personal,HRVY,clean,all
TOPIA TWINS,Travis Scott,explicit,18+
YEAH RIGHT,Joji,explicit,18+
Freaky Friday (feat. Chris Brown),Lil Dicky,explicit,18+
What You Know Bout Love,Pop Smoke,explicit,18+
Show Time,SUPER JUNIOR,clean,all
Hours In Silence,Drake,explicit,18+
we can't be friends (wait for your love),Ariana Grande,clean,all
Virginia Beach,Drake,explicit,18+
Steven Universe,L.Dre,clean,all
Tal Vez,Paulo Londra,clean,all
Segï¿½ï¿½n Qu,Maluma,explicit,18+
Last Heartbreak Song,Ayra Starr,clean,all
Accendio,IVE,clean,all
Afraid To Feel,LF SYSTEM,clean,all
Shake It Off,Taylor Swift,clean,all
The Code,Nemo,clean,all
Little Things x Gypsy Woman - L BEATS MASHUP,Jorja Smith,clean,all
LAGUNAS,Peso Pluma,explicit,18+
"Halli Naatu (From ""Rrr"")",Rahul Sipligunj,clean,all
I'll Be There,Robin Schulz,clean,all
Ayang,Nabila Maharani,clean,all
Mi Tesoro (feat. Nicky Jam),Zion & Lennox,clean,all
Royals,Lorde,clean,all
11:00 PM,Maluma,clean,all
MONTAGEM ANOS 2000,DJ Arana,explicit,18+
AMOR PROPIO,Grupo Frontera,clean,all
Andrea,Bad Bunny,explicit,18+
100 MESSAGGI,Lazza,explicit,18+
Why Not,Ghostface Playa,explicit,18+
July,Noah Cyrus,clean,all
Turn Me On (feat. Vula),Riton,clean,all
life gets hard,iilliaa,clean,all
Get It Sexyy,Sexyy Red,explicit,18+
Snowman,Sia,clean,all
Bailando,El Jordan 23,clean,all
Son Of A Sinner,Jelly Roll,explicit,18+
Giving Me,Jazzy,clean,all
5 Foot 9,Tyler Hubbard,clean,all
Thinkinï¿½ï¿½ï¿½ B,Morgan Wallen,clean,all
Orang Yang Salah - Sped Up Version,Luvia band,clean,all
Way 2 Sexy (with Future & Young Thug),Drake,explicit,18+
Fire On Fire,Sam Smith,clean,all
Rag Doll - Live,Aerosmith,clean,all
"Are You Going to See the Rose in the Vase, or the Dust on the Table",$uicideboy$,explicit,18+
Shadow,Livingston,clean,all
Sigues Con El,Dï¿½ï¿½melo,clean,all
Tera Ban Jaunga,Akhil Sachdeva,clean,all
"Lutt Putt Gaya (From ""Dunki"")",Pritam,clean,all
Nashe Si Chadh Gayi,Arijit Singh,clean,all
Jï¿½ï¿½lale,Bb trickz,clean,all
Blueberry Faygo,Lil Mosey,explicit,18+
GODS,League of Legends,clean,all
Love You Anyway,Luke Combs,clean,all
Needed Me,Rihanna,explicit,18+
WAKE UP!,MoonDeity,explicit,18+
I Wrote The Book,Morgan Wallen,clean,all
Ya No Estoy Dolido,Adrian L Santos,clean,all
21 Reasons (feat. Ella Henderson),Nathan Dawe,clean,all
Leave a Light On,Tom Walker,clean,all
WUSYANAME,"Tyler, The Creator",explicit,18+
Dreaming,Marshmello,clean,all
ýýndigo,Camilo,clean,all
Live Another Day,Kordhell,explicit,18+
LOU LOU,Gabito Ballesteros,explicit,18+
Johnny Dang (with Paul Wall & DRODi),That Mexican OT,explicit,18+
Eyvah Neye Yarar,Semicenk,clean,all
DNA,BTS,clean,all
Killshot,Eminem,explicit,18+
"Good Luck, Babe!",Chappell Roan,clean,all
Street Runner,Rod Wave,explicit,18+
Swang,Rae Sremmurd,explicit,18+
Te Felicito,Shakira,clean,all
What If I Told You That I Love You,Ali Gatie,clean,all
Cover Me Up,Morgan Wallen,clean,all
Love Again,Dua Lipa,clean,all
Little Do You Know,Alex & Sierra,clean,all
Giant (with Rag'n'Bone Man),Calvin Harris,clean,all
MATHEMATICAL DISRESPECT,Lil Mabu,explicit,18+
Bahagiaku Sederhana,Jamik Jams,clean,all
We Don't Talk Anymore (feat. Selena Gomez),Charlie Puth,clean,all
Daylight,David Kushner,clean,all
The Summoning,Sleep Token,clean,all
Handle On You,Parker McCollum,clean,all
Fresh Out The Slammer,Taylor Swift,clean,all
Looking Like a Wow End of Year 2023,WasteLand,clean,all
Kafamï¿½ï¿½n ï,Ebru Yaï¿½ï,clean,all
you should see me in a crown,Billie Eilish,clean,all
All I Need,Tyler Antonius,explicit,18+
You Right,Doja Cat,explicit,18+
"MHD: Bzrp Music Sessions, Vol. 44",Bizarrap,explicit,18+
this is what falling in love feels like,JVKE,clean,all
Nira Ishq,Guri,clean,all
MERCHO,LiL CaKe,clean,all
ýýýýýýýýýýýý ýýýýýýýýýýýý,Lusia Chebotina,clean,all
Hello Koun,Ritesh Pandey,clean,all
White Iverson,Post Malone,explicit,18+
Shallow,Lady Gaga,clean,all
Otro Trago,Sech,explicit,18+
Cupid - Twin Ver.,FIFTY FIFTY,clean,all
By Your Side,Rod Wave,explicit,18+
Pacto (feat. Bryant Myers & Dei V) - Remix,Jay Wheeler,explicit,18+
Chlorine,Twenty One Pilots,clean,all
I Don't Wanna Wait,David Guetta,clean,all
(It Goes Like) Nanana - Edit,Peggy Gou,clean,all
Por Primera Vez,Camilo,clean,all
It's Getting Hot,NLE Choppa,explicit,18+
Still Don't Know My Name,Labrinth,clean,all
Timber (feat. Ke$ha),Pitbull,clean,all
Feelings,Sumit Goswami,clean,all
All The Parties (feat. Chief Keef),Drake,explicit,18+
To the Bone,Pamungkas,clean,all
SAY MY GRACE (feat. Travis Scott),Offset,explicit,18+
UNFORGIVEN (feat. Nile Rodgers),LE SSERAFIM,clean,all
I Can Do It With a Broken Heart,Taylor Swift,explicit,18+
Swear to God (feat. Future),Tee Grizzley,explicit,18+
X1,MC Cabelinho,explicit,18+
Him & I (with Halsey),G-Eazy,explicit,18+
DOLA,ANGGA DERMAWAN,clean,all
Hey Mor,Ozuna,clean,all
Heyy,Lil Baby,explicit,18+
Butta My Bread,JZyNo,clean,all
GENTO,SB19,clean,all
Mtg Quero Te Encontrar,DJ LG PROD,clean,all
El Hijo Mayor,Junior H,explicit,18+
Dime,El Malilla,clean,all
Show of Hands,Future,explicit,18+
XXL,UZI,explicit,18+
Happier (feat. Clementine Douglas),The Blessed Madonna,clean,all
Yaad Piya Ki Aane Lagi,Neha Kakkar,clean,all
ýýýýýýýýýýýýýýýýýýýýýýýýýýý,ýýýýýýýýýýýý ýýýýýýýýýýýýýýýýýýýýýýýýýýý,clean,all
Dame Tu Cosita (feat. Cutty Ranks),El Chombo,clean,all
prove it,21 Savage,explicit,18+
Victoriaï¿½ï¿½ï¿½s,Jax,explicit,18+
CUFF IT,Beyoncï¿,explicit,18+
Escapism. - Sped Up,RAYE,explicit,18+
Fly Away,Tones And I,clean,all
Houdini,Eminem,clean,all
Ojos Marrones,Dos Waves,clean,all
Congratulations,Post Malone,explicit,18+
Murder on the Dance Floor - triple j Like A Version,Royel Otis,clean,all
"Burn, Burn, Burn",Zach Bryan,clean,all
Trust,Brent Faiyaz,explicit,18+
The Box,Roddy Ricch,explicit,18+
Lollipop - Remix,Darell,explicit,18+
Teri Aankhon Mein,Darshan Raval,clean,all
Earned It (Fifty Shades Of Grey),The Weeknd,explicit,18+
Cuando Te Besï¿,Becky G,clean,all
Mua!,Barracca Republic,clean,all
Do Not Climb,Claps,clean,all
Kya Loge Tum,B Praak,clean,all
Feel the POP,ZEROBASEONE,clean,all
Still Trappin' (with King Von),Lil Durk,explicit,18+
Cash In Cash Out,Pharrell Williams,explicit,18+
Me Rehï¿½ï,Danny Ocean,clean,all
Coï¿½ï¿½o (feat. Jhorrmountain x A,Puri,clean,all
Old Town Road - Remix,Lil Nas X,clean,all
Cake By The Ocean,DNCE,explicit,18+
ýýýýýýýýýýýýýýýýýý ýýýýýý ýýýýýý ýýýýýýýýýýýýýýýýýý,Md Faisal Ahmed,clean,all
Love The Way You Lie,Eminem,explicit,18+
girl$,Dom Dolla,clean,all
Taaron Ke Shehar,Neha Kakkar,clean,all
Hotline Bling,Drake,clean,all
Million Dollar Baby (Vhs),Tommy Richman,clean,all
La Bebe,Yng Lvcas,explicit,18+
drunk text,Henry Moodie,clean,all
Lose Control,MEDUZA,clean,all
Labios Mordidos (with KAROL G),Kali Uchis,clean,all
911,Fuerza Regida,clean,all
SNAP,Rosa Linn,clean,all
Sakhiyaan,Maninder Buttar,clean,all
Nevermind,Dennis Lloyd,clean,all
BELLAKEO,Peso Pluma,explicit,18+
Picky,Banda Coraleï¿½,clean,all
After Hours,Kehlani,explicit,18+
Sweet Child O' Mine,Guns N' Roses,explicit,18+
Fin de Semana,Oscar Maydon,clean,all
Come and Say - Original Mix,"""XY""",clean,all
It's A Wrap - Sped Up,Mariah Carey,clean,all
Danza Kuduro - Cover,LOVE BGM JPN,explicit,18+
Jefe,Ninho,explicit,18+
Cure For Me,AURORA,clean,all
We Are Never Ever Getting Back Together,Taylor Swift,clean,all
FALTA DE QUï¿½,Luan Pereira,clean,all
What Lovers Do (feat. SZA),Maroon 5,clean,all
fantasmas,Humbe,clean,all
HISS,Megan Thee Stallion,explicit,18+
Vamos Aclarando Muchas Cosas - En Vivo,Codiciado,explicit,18+
Joy (In My Own Time) - Tribe Song,DAMIEN,clean,all
Corazï¿½ï¿½n de Pi,Xavi,clean,all
Nachts wach,Miksu / Macloud,explicit,18+
Car Keys (Ayla),Alok,clean,all
Welcome To Brixton,SR,explicit,18+
From the Start,Good Kid,clean,all
Tï¿½ï¿½ï¿½n,Wren Evans,clean,all
Calling (feat. A Boogie wit da Hoodie) [Spider-Man: Across the Spider-Verse],Metro Boomin,clean,all
Se Joga no Passinho,Brisa Star,clean,all
Passionfruit,Drake,clean,all
Toca o Trompete,Felipe Amorim,explicit,18+
Copines,Aya Nakamura,clean,all
Baile do Bruxo,Tropa do Bruxo,explicit,18+
Where You Are,John Summit,clean,all
Psycho,Post Malone,explicit,18+
The Heart Part 5,Kendrick Lamar,explicit,18+
Boy With Luv (feat. Halsey),BTS,clean,all
Fighting My Demons,Ken Carson,explicit,18+
Bongos (feat. Megan Thee Stallion),Cardi B,explicit,18+
Angel Numbers / Ten Toes,Chris Brown,explicit,18+
Sunny Day,Matteo Rossanese,clean,all
Where the Wild Things Are,Luke Combs,clean,all
Drip Too Hard (Lil Baby & Gunna),Lil Baby,explicit,18+
"Tere Vaaste (From ""Zara Hatke Zara Bachke"")",Varun Jain,clean,all
Me and My Brother,5ive,explicit,18+
Facas - Ao Vivo,Diego & Victor Hugo,clean,all
I Don't Even Want To Know,Delifinger,clean,all
she's all i wanna be,Tate McRae,clean,all
Adicto (with Anuel AA & Ozuna),Tainy,clean,all
DNA.,Kendrick Lamar,explicit,18+
Gimme Love,Joji,clean,all
Silent Hill,Kendrick Lamar,explicit,18+
Lay Low,Tiï¿½ï¿,clean,all
Bondade de Deus,Isaias Saad,clean,all
Do It Again (feat. 2Rare),NLE Choppa,explicit,18+
Smack That - Dirty,Akon,explicit,18+
Soltera,Lunay,clean,all
ýýýýýýýýýýýý ýýýýýýýýýýýýýýýý ýýýýýýýýýý,Jazzdauren,clean,all
TKN (feat. Travis Scott),ROSALï¿½,clean,all
Sezen Aksu,Lvbel C5,clean,all
bad,wave to earth,clean,all
Stop Breathing,Playboi Carti,explicit,18+
Alone,Burna Boy,clean,all
B.S. (feat. H.E.R.),Jhenï¿½ï¿½,explicit,18+
Bam Lagatar,Khushi Kakkar,clean,all
Something in the Orange,Zach Bryan,clean,all
IDGAF,Lucixn,explicit,18+
imgonnagetyouback,Taylor Swift,clean,all
i love you,Billie Eilish,clean,all
How Sweet,NewJeans,clean,all
"High Rated Gabru (From ""High Rated Gabru"")",Guru Randhawa,clean,all
ýýýýýýýýýýýý,Hoshimachi Suisei,clean,all
How We Roll,Ciara,explicit,18+
Daqui pra Sempre,Manu,clean,all
Bella y Sensual,Romeo Santos,clean,all
MIDDLE CHILD,PnB Rock,explicit,18+
Jale 2 (feat. Vinay Yadav & Neha Shukla),Shiva Choudhary,clean,all
Joro,Wizkid,clean,all
Spell,SEVENTEEN,clean,all
Sticky,Drake,explicit,18+
BATTER UP,BABYMONSTER,clean,all
La Romana,Bad Bunny,explicit,18+
Alcohol-Free,TWICE,clean,all
Oye,LuckReaper,explicit,18+
Jingle Bell Rock,Bobby Helms,clean,all
The Perfect Girl,Mareux,clean,all
Heart Attack,Demi Lovato,clean,all
changes,XXXTENTACION,clean,all
These Walls,Dua Lipa,explicit,18+
Tubarï¿½ï¿½o Te,Dj LK da Escï¿½ï¿,explicit,18+
Amor Tumbado,Natanael Cano,clean,all
Akher Yawm,Ghaliaa,clean,all
Que Onda,Calle 24,explicit,18+
This Is What You Came For,Calvin Harris,clean,all
Let Her Go,Passenger,clean,all
Cupido,TINI,clean,all
En la Intimidad,Big One,clean,all
Tucson Too Late,Jordan Davis,clean,all
Kill Em With Kindness,Selena Gomez,clean,all
Blood // Water,grandson,clean,all
"Choli Ke Peeche (From ""Crew"")",Diljit Dosanjh,clean,all
Delincuente,Tokischa,explicit,18+
Aku Sayang Tapi Kau Tak Paham,DJ Boneng,clean,all
Show Yourself,Idina Menzel,clean,all
Manos Rotas,DELLAFUENTE,clean,all
BABY OTAKU,Pablito Pesadilla,explicit,18+
American Boy (No Rap Version),Estelle,clean,all
Laad Piya Ke,Raju Punjabi,clean,all
Dakiti,Bad Bunny,explicit,18+
Jar of Hearts,Christina Perri,clean,all
21,Polo G,explicit,18+
Husn,Anuv Jain,clean,all
Shaky Shaky,Daddy Yankee,clean,all
Martini,Dei V,explicit,18+
Black Swan,BTS,clean,all
Malicious Intentions,Pozer,explicit,18+
APAGA EL CEL,FloyyMenor,explicit,18+
Jai Jai Shivshankar (The Unwind Mix),Benny Dayal,clean,all
Jerusalema (feat. Nomcebo Zikode),Master KG,clean,all
CHIHIRO,Billie Eilish,clean,all
One Step Closer,Linkin Park,clean,all
Gï¿½ï¿½ï¿½p ï¿½ï¿½ï¿½ï¿½i,Tuï¿½ï¿½ï¿½n,clean,all
Blood Sweat & Tears,BTS,clean,all
O Patinho Colorido,Bento e Totï¿,clean,all
Call Your Friends,Rod Wave,explicit,18+
"Don't Give Up On Me - (From ""Five Feet Apart"")",Andy Grammer,clean,all
Andamos Mejor,Los Gemelos De Sinaloa,clean,all
I Won't Give Up,Jason Mraz,clean,all
We Still Don't Trust You,Future,explicit,18+
Solo,Myles Smith,clean,all
"Gali Gali (From ""Kgf Chapter 1"")",Neha Kakkar,clean,all
Popular,The Weeknd,clean,all
"Steal The Show - From ""Elemental""",Lauv,clean,all
Dawns (feat. Maggie Rogers),Zach Bryan,explicit,18+
OJALï¿,Maria Becerra,clean,all
Sofia,Clairo,clean,all
In Ha Mood,Ice Spice,explicit,18+
EL AMOR DE SU VIDA,Grupo Frontera,clean,all
River (feat. Ed Sheeran),Eminem,explicit,18+
ýýýýýýýýýýýýýýý,YOASOBI,clean,all
DFMU,Ella Mai,explicit,18+
Dï¿½ï¿½,Teya Dora,clean,all
Losin Control,Russ,explicit,18+
Strike (Holster),Lil Yachty,explicit,18+
Cracker Island (feat. Thundercat),Gorillaz,clean,all
Cynical,twocolors,clean,all
2 Hielos,King Savagge,explicit,18+
CASE 143,Stray Kids,clean,all
"""Slut!"" (Taylor's Version) (From The Vault)",Taylor Swift,clean,all
BUBALU,Feid,clean,all
Un Coco,Bad Bunny,clean,all
Ball If I Want To,DaBaby,explicit,18+
First Class,Jack Harlow,explicit,18+
UN RAGAZZO UNA RAGAZZA,The Kolors,clean,all
Morado,J Balvin,clean,all
Kernkraft 400 (A Better Day),Topic,clean,all
Thank You for Being You,OctaSounds,clean,all
I KNOW ?,Travis Scott,explicit,18+
Mercy,Shawn Mendes,clean,all
On My Mind,Diplo,clean,all
World Hold On - FISHER Rework,Bob Sinclar,clean,all
Freezing,purpl,clean,all
El Paso del Gigante,Grupo Soï¿½ï¿½,clean,all
La Mordidita,Ricky Martin,clean,all
Skin and Bones,David Kushner,clean,all
Titï¿½ï¿½ Me Pregu,Bad Bunny,explicit,18+
Private Jet,D. Savage,explicit,18+
Razzi Bolja,Harjeet Deewana,clean,all
POR QUï¿½ï¿½ SE,Grupo Frontera,clean,all
Love Me Again,V,clean,all
Gulabi Sharara,Inder Arya,clean,all
Who Is Your Guy?,Spyro,clean,all
To. X,TAEYEON,clean,all
Invincible,Pop Smoke,explicit,18+
"Bitch, Donï¿½ï¿½ï¿½t Kill M",Kendrick Lamar,explicit,18+
Danza Kuduro - Cover,WORK OUT GYM - DJ MIX,explicit,18+
Prisoner (feat. Dua Lipa),Miley Cyrus,clean,all
ZOOM,Jessi,clean,all
In My Head,Lil Tjay,explicit,18+
Chantaje,Shakira,clean,all
The Scientist,Coldplay,clean,all
Ice Attack,Future,explicit,18+
Viva La Vida,Coldplay,clean,all
Sun to Me,Zach Bryan,clean,all
20 Tragos,Yiï¿½,explicit,18+
"Or Nah (feat. The Weeknd, Wiz Khalifa and DJ Mustard) - Remix",Ty Dolla $ign,explicit,18+
Another Late Night (feat. Lil Yachty),Drake,explicit,18+
"Lagdi Lahore Di (From ""Street Dancer 3D"")",Guru Randhawa,clean,all
Bertahan Terluka,Fabio Asher,clean,all
Honey Boy (feat. Nile Rodgers & Shenseea),Purple Disco Machine,clean,all
MANIAC,Stray Kids,clean,all
LA INOCENTE,Mora,explicit,18+
Raining In Manila,Lola Amour,clean,all
The Way Life Goes (feat. Oh Wonder),Lil Uzi Vert,explicit,18+
AHHH HA,Lil Durk,explicit,18+
Playing Games,Summer Walker,explicit,18+
YOSEMITE,Travis Scott,explicit,18+
Let Me Love You,Mario,clean,all
Rake It Up,Yo Gotti,explicit,18+
"Hukum - Thalaivar Alappara (From ""Jailer"")",Anirudh Ravichander,clean,all
Shoota (feat. Lil Uzi Vert),Playboi Carti,explicit,18+
Si Una Vez (Remasterizado 2024/30th Anniversary),Selena,clean,all
ALL MINE,Brent Faiyaz,explicit,18+
Tï¿,Carin Leon,clean,all
34+35,Ariana Grande,explicit,18+
Deep End,Fousheï¿,explicit,18+
Fed Up,Ghostemane,explicit,18+
Trouble With A Heartbreak,Jason Aldean,clean,all
MAESTRO,SEVENTEEN,clean,all
Scream & Shout,will.i.am,explicit,18+
Very Cute Melody by Marimba Tone (39813),mitsu sound,clean,all
Baila Conmigo (feat. Kelly Ruiz),Dayvi,clean,all
BIRDS OF A FEATHER,Billie Eilish,clean,all
Tattoo,Loreen,clean,all
Too Many Nights (feat. Don Toliver & with Future),Metro Boomin,explicit,18+
bathroom floor,Kids With Buns,clean,all
someday i'll get it,Alek Olsen,clean,all
Tiryakinim,Bayhan,clean,all
Million Reasons,Lady Gaga,clean,all
New Gold (feat. Tame Impala and Bootie Brown),Gorillaz,explicit,18+
ERE,juan karlos,explicit,18+
It Ain't Me (with Selena Gomez),Kygo,clean,all
Havana (feat. Young Thug),Camila Cabello,clean,all
Therefore I Am,Billie Eilish,clean,all
Praise The Lord (Da Shine) (feat. Skepta) - Durdenhauer Edit,Durdenhauer,explicit,18+
For Life (feat. Zak Abel & Nile Rodgers),Kygo,clean,all
obsessed,Olivia Rodrigo,explicit,18+
GALOPA,PEDRO SAMPAIO,clean,all
POR EL CONTRARIO,Becky G,clean,all
Yacht Club (feat. Juice WRLD),Lil Yachty,explicit,18+
MODELITO,Mora,explicit,18+
PHONK BRASILEIRO FRESCO (Slowed + Reverb),DJ MOIGUS,clean,all
"Nathy Peluso: Bzrp Music Sessions, Vol. 36",Bizarrap,clean,all
Too Easy,Gunna,explicit,18+
Tormenta (feat. Bad Bunny),Gorillaz,explicit,18+
LUNCH,Billie Eilish,clean,all
all-american bitch,Olivia Rodrigo,explicit,18+
Single Soon,Selena Gomez,clean,all
"Shakira: Bzrp Music Sessions, Vol. 53",Bizarrap,clean,all
Solo Me Dejaste,Grupo Marca Registrada,clean,all
Boys,Charli xcx,clean,all
SLAY!,Eternxlkz,explicit,18+
"Naina (From ""Crew"")",Diljit Dosanjh,clean,all
Romeo Juliet - Title Song,Akassh,clean,all
Amor Na Praia,NATTAN,clean,all
Obsessed With You,Central Cee,explicit,18+
Better Place (From TROLLS Band Together),*NSYNC,clean,all
Asesina,Brytiago,explicit,18+
UP,INNA,clean,all
Saving Up,Dom Dolla,clean,all
ARRANCARMELO,WOS,clean,all
Soweto,Victony,explicit,18+
Hoa Cï¿½ï¿½ï,Phong Max,clean,all
No Time To Die,Billie Eilish,clean,all
Low Down,Lil Baby,explicit,18+
Hasta la Miel Amarga (feat. Grupo Firme),"Luis Angel ""El Flaco""",clean,all
Remember That Night?,Sara Kays,clean,all
"I spoke to the devil in miami, he said everything would be fine",XXXTENTACION,clean,all
Candy Shop,50 Cent,explicit,18+
Love Yourself,Justin Bieber,clean,all
El Incomprendido,Farruko,explicit,18+
ýýýýýýýýýýýý (White Flag),NONT TANONT,clean,all
Get Into It (Yuh),Doja Cat,explicit,18+
Toxic,YG,explicit,18+
Revenge,XXXTENTACION,explicit,18+
Mama's Boy,Dominic Fike,clean,all
Dilemma,Nelly,explicit,18+
Heartless,Kanye West,clean,all
I Hate U,SZA,explicit,18+
Come Through (feat. Chris Brown),H.E.R.,explicit,18+
"Ishq Jaisa Kuch (From ""Fighter"")",Vishal-Shekhar,clean,all
Building Blocks,Falls,clean,all
Onana,Jey One,clean,all
All The Stars (with SZA),Kendrick Lamar,explicit,18+
Bad Blood,Taylor Swift,clean,all
Alone (with Nicki Minaj),Kim Petras,explicit,18+
Que Hay Amor,Cris Mj,explicit,18+
redrum,21 Savage,explicit,18+
Birthday Sex,Jeremih,clean,all
Meet you at the Graveyard,Cleffy,explicit,18+
La llama que Baila,El Reino Infantil,clean,all
Drippy,Sidhu Moose Wala,explicit,18+
Spring Snow,10CM,clean,all
La Intenciï¿½,Christian Nodal,clean,all
Yo Perreo Sola,Bad Bunny,clean,all
Come & Go (with Marshmello),Juice WRLD,explicit,18+
Shooting Star,Kep1er,clean,all
Style (Taylor's Version),Taylor Swift,clean,all
Numero Uno,Dan-E-MC,clean,all
Guay,Ozuna,clean,all
HOLIDAY,Lil Nas X,explicit,18+
Diamondz n Roses,VaporGod,clean,all
Levitating,Dua Lipa,clean,all
Love Me,Lil Wayne,explicit,18+
The Greatest Show,Hugh Jackman,clean,all
Dear John,Wild Child,clean,all
Karma,Taylor Swift,explicit,18+
Mercy,Kanye West,explicit,18+
People,Libianca,explicit,18+
"Tested, Approved & Trusted",Burna Boy,explicit,18+
BAIXO,xxanteria,clean,all
En Tu Perra Vida,Grupo Firme,explicit,18+
You and Me,Shubh,clean,all
loml,Taylor Swift,explicit,18+
Piel,Tiago PZK,explicit,18+
Black Route - Kali Car,Hassan Goldy,clean,all
Heartless,The Weeknd,explicit,18+
BIPOLAR,Peso Pluma,explicit,18+
golden hour,JVKE,clean,all
I GUESS I'M IN LOVE,Clinton Kane,clean,all
Rover (feat. DTG),S1mba,explicit,18+
La Bachata,Manuel Turizo,clean,all
Water (Remix),Tyla,clean,all
Geri Dï¿½ï¿½nem,Semicenk,clean,all
SET ME FREE,TWICE,clean,all
Royalty,Egzod,clean,all
Fortnight (feat. Post Malone),Taylor Swift,clean,all
For My Hand (feat. Ed Sheeran),Burna Boy,clean,all
Winning Speech,Karan Aujla,clean,all
Dï¿½ï¿½jala Que Vuelva (feat. Manuel Tur,Piso 21,clean,all
Blank Space,Taylor Swift,clean,all
Marisola - Remix,Cris Mj,explicit,18+
HUMO,Chencho Corleone,clean,all
Rise,Jonas Blue,clean,all
Overdrive (feat. Norma Jean Martine),Ofenbach,clean,all
i like the way you kiss me,Artemas,clean,all
Classy 101,Feid,explicit,18+
After Party,Don Toliver,explicit,18+
Jungle,Alok,clean,all
Happier,Ed Sheeran,clean,all
California Breeze,Lil Baby,explicit,18+
Leave Before You Love Me (with Jonas Brothers),Marshmello,clean,all
As It Was,Hundreds,clean,all
Needle (feat. Drake),Nicki Minaj,explicit,18+
Big Energy,Latto,explicit,18+
The Door,Teddy Swims,clean,all
Monï¿½ï¿½y so,Yeat,explicit,18+
My Way,Calvin Harris,clean,all
Desde Esa Noche,Thalia,clean,all
Get Involved (feat. Q-Tip) [Mixed],Raphael Saadiq,clean,all
Alors on danse,Stromae,clean,all
Look At Me!,XXXTENTACION,explicit,18+
Midnight City,M83,clean,all
Hot N*gga,Bobby Shmurda,explicit,18+
She Share Story,Shayne Orok,clean,all
Not Like Us,Kendrick Lamar,explicit,18+
Pretty Little Poison,Warren Zeiders,clean,all
Que Tire Pa Lante,Daddy Yankee,clean,all
Meet Me At Our Spot,THE ANXIETY,explicit,18+
"Loser, Baby",Andrew Underberg,explicit,18+
breathin,Ariana Grande,explicit,18+
ROXANNE,Arizona Zervas,explicit,18+
I'm an Albatraoz,AronChupa,explicit,18+
Slow Hands,Niall Horan,clean,all
Ya Pedo Quiï¿½ï¿½n,Grupo Frontera,clean,all
True Love,Kanye West,clean,all
Roses (with Juice WRLD feat. Brendon Urie),benny blanco,explicit,18+
Butter Pecan,YNW Melly,explicit,18+
TRUCK BED,HARDY,explicit,18+
AA,Walker Hayes,clean,all
hot girl bummer,blackbear,explicit,18+
Amanece,Anuel AA,clean,all
Privileged Rappers,Drake,explicit,18+
Kehribar,Burak Bulut,clean,all
Tell Em,Cochise,explicit,18+
Kiss Me,Dermot Kennedy,clean,all
Merayu Tuhan,Tri Suaka,clean,all
GHOST TOWN,Benson Boone,clean,all
cardigan,Taylor Swift,clean,all
SPIDER,GIMS,clean,all
7 Minute Drill,J. Cole,explicit,18+
Mon amour,Slimane,clean,all
Lovin On Me,Jack Harlow,explicit,18+
Saiyaan Ji,Yo Yo Honey Singh,clean,all
Sin Seï¿½ï,Quevedo,clean,all
BellaBella,Vanco,clean,all
Spinnin,Connor Price,clean,all
CARNAL,Peso Pluma,explicit,18+
Volando (Remix),Mora,explicit,18+
In Da Club,50 Cent,clean,all
Poker Face,Lady Gaga,clean,all
Phir Bhi Tumko Chaahunga,Mithoon,clean,all
no tears left to cry,Ariana Grande,clean,all
Nikle Currant,Jassie Gill,clean,all
One Man Band,Old Dominion,clean,all
Loca - Remix,KHEA,explicit,18+
Suano,NTG,explicit,18+
Creatures in Heaven,Glass Animals,clean,all
EVIL EMPIRE,Lil Mabu,explicit,18+
SLOW DANCING IN THE DARK,Joji,explicit,18+
Radioactive,Imagine Dragons,clean,all
HARLEY QUINN,Fuerza Regida,explicit,18+
Made For Me,Muni Long,clean,all
Sex Sounds,Lil Tjay,explicit,18+
girls like me don't cry,thï¿½ï,clean,all
Cold Heart - PNAU Remix,Elton John,clean,all
I Like Me Better,Lauv,clean,all
Me Niego (feat. Ozuna & Wisin),Reik,clean,all
Levels,Sidhu Moose Wala,explicit,18+
Nakhrewali,Prashant Nakti,clean,all
A Puro Dolor,Gabito Ballesteros,clean,all
No Limit,G-Eazy,explicit,18+
WORTH NOTHING (feat. Oliver Tree) - Fast & Furious: Drift Tape/Phonk Vol 1,TWISTED,explicit,18+
"Love You, Miss You, Mean It",Luke Bryan,clean,all
Dancing With A Stranger (with Normani),Sam Smith,clean,all
Hey Brother,Avicii,clean,all
Devil You Know,Tyler Braden,clean,all
You're Somebody Else,flora cash,clean,all
KU LO SA - A COLORS SHOW,Oxlade,clean,all
Mujeriego,Ryan Castro,clean,all
ANDO,Jere Klein,explicit,18+
World on Fire,Nate Smith,clean,all
Mati-Matian,Mahalini,clean,all
The Astronaut,JIN,clean,all
exes,Tate McRae,explicit,18+
Talk Dirty (feat. 2 Chainz),Jason Derulo,explicit,18+
Limbo,Freddie Dredd,explicit,18+
Love Nwantiti - Remix,Dj Yo!,clean,all
Somewhere Only We Know,Gustixa,clean,all
Dream Girl,Izellah,clean,all
offline,Young Miko,explicit,18+
The Lazy Song,Bruno Mars,clean,all
Gangsta's Paradise (feat. L.V.),Coolio,clean,all
Salimo de Noche,Tiago PZK,explicit,18+
LOS APARATOS,El Alfa,clean,all
Papercut,Linkin Park,clean,all
Por Dentro,Rels B,explicit,18+
Butakera,La Joaqui,clean,all
ZITTI E BUONI,Mï¿½ï¿½ne,explicit,18+
Thank God,Kane Brown,clean,all
Enjoy,Jux,clean,all
DISPO,KAROL G,explicit,18+
Drag Me Down,One Direction,clean,all
Ensï¿½ï¿½ï¿½ï¿½ame,Bad Bunny,clean,all
Anyone,Justin Bieber,clean,all
Lut Gaye,Jubin Nautiyal,clean,all
Ya No Somos Ni Seremos,Christian Nodal,clean,all
"Annihilate (Spider-Man: Across the Spider-Verse) (Metro Boomin & Swae Lee, Lil Wayne, Offset)",Metro Boomin,clean,all
Los Patitos,El Reino Infantil,clean,all
The Bones,Maren Morris,clean,all
Light It Up (feat. Nyla & Fuse ODG) [Remix],Major Lazer,clean,all
Breakfast Challenge Song (Slowly),SPENCE,clean,all
Ni Me Debes Ni Te Debo,Carin Leon,clean,all
SOLO,JENNIE,clean,all
Turn Yo Clic Up (feat. Future),Quavo,explicit,18+
Summer,Calvin Harris,clean,all
Commas,Ayra Starr,clean,all
Pain,PinkPantheress,explicit,18+
Move,Adam Port,clean,all
The Way I Are,Timbaland,clean,all
Rumah Singgah,Fabio Asher,clean,all
HE KNOWS (feat. Lil Nas X),Camila Cabello,explicit,18+
Cruel Summer,Taylor Swift,clean,all
Me Porto Bonito,Bad Bunny,explicit,18+
Daytona,Cris Mj,explicit,18+
Sonrï¿½ï¿½ele a la,DnK,clean,all
Thrift Shop (feat. Wanz),Macklemore & Ryan Lewis,clean,all
Reckless,Madison Beer,clean,all
Big City Life,Luude,clean,all
Wish,Diler Kharkiya,clean,all
April Rain in August Weather,Baba Blakes,clean,all
Set Fire to the Rain,Adele,clean,all
bad idea right?,Olivia Rodrigo,explicit,18+
Too Little Light,koko die,clean,all
Suicidal,YNW Melly,explicit,18+
Those Eyes,New West,clean,all
I DONï¿½ï¿½ï¿½T WANNA DO THIS A,Juliï¿½ï¿½n Kh,explicit,18+
Churchill Downs (feat. Drake),Jack Harlow,explicit,18+
Piensan,Myke Towers,explicit,18+
Cry,Benson Boone,clean,all
Cheat On Me (feat. Dave),Burna Boy,explicit,18+
Nice For What,Drake,explicit,18+
I Can Feel It,Kane Brown,clean,all
So Far,florias,clean,all
Love,Kouz1,clean,all
Una Noche en Medellï¿½,Cris Mj,explicit,18+
Gulabi Sadi,Sanju Rathod,clean,all
Main Sharabi,Rajeev Raja,clean,all
Stick Season,Noah Kahan,clean,all
U My Everything (feat. Drake),Sexyy Red,explicit,18+
What A Man Gotta Do,Jonas Brothers,clean,all
Caroline,Aminï¿,explicit,18+
Camelot,NLE Choppa,explicit,18+
Worth It,Fifth Harmony,clean,all
Tyler Herro,Jack Harlow,explicit,18+
6 In the Morning (feat. Nate Dogg),Flex (UK),explicit,18+
Hayloft II,Mother Mother,explicit,18+
Down With Me,Lil Tecca,explicit,18+
ýýýýýýýýýýýýýýýýýýýýýýýýýýý,ýýýýýýýýýýýýýýýýýý,clean,all
Olha a Explosï¿½,MC Kevinho,clean,all
"Hua Main (From ""ANIMAL"")",Raghav Chaitanya,clean,all
Melhor Sï¿,KayBlack,clean,all
Primera Cita,Carin Leon,clean,all
Oklahoma Smokeshow,Zach Bryan,clean,all
Girl On Fire,Alicia Keys,clean,all
Is It Over Now? (Taylor's Version) (From The Vault),Taylor Swift,clean,all
Naach Meri Rani,Guru Randhawa,clean,all
2055,Sleepy Hallow,explicit,18+
Glimpse of Us,Joji,clean,all
Te Lo Agradezco,Kany Garcï¿½,clean,all
Calling My Spirit,Kodak Black,explicit,18+
I Don't Fuck With You,Big Sean,explicit,18+
Get You (feat. Kali Uchis),Daniel Caesar,clean,all
223's (feat. 9lokknine),YNW Melly,explicit,18+
La Mejor Version de Mi,NATTI NATASHA,clean,all
Ando Enfocado,Jaziel Avilez,clean,all
Bus 11 - John Falke Remix,Colouour,clean,all
Mourning,Post Malone,explicit,18+
Kilerito,Brytiago,explicit,18+
Send My Love (To Your New Lover),Adele,clean,all
Breaking the Habit,Linkin Park,clean,all
Como En Los Viejos Tiempos,Eden Muï¿½ï,clean,all
HVN ON EARTH (with Kodak Black),Lil Tecca,explicit,18+
Call It Love,Felix Jaehn,clean,all
Kitty,Kenia OS,explicit,18+
Sorry 4 The Wait,Lil Wayne,explicit,18+
Leï¿½,Marï¿½ï¿½lia Mendo,clean,all
Cuando Te Amï¿,Cupula Roja,clean,all
"Taki Taki (with Selena Gomez, Ozuna & Cardi B)",DJ Snake,explicit,18+
THANK GOD,Travis Scott,explicit,18+
Cuando La Vida Sea Trago,Carin Leon,explicit,18+
Barely Holdin' On,Polo G,explicit,18+
"Me, Myself & I",G-Eazy,explicit,18+
Satellite,Harry Styles,clean,all
Earth Song,Wizard Chan,clean,all
MONEY,LISA,explicit,18+
Nothing Breaks Like a Heart (feat. Miley Cyrus),Mark Ronson,clean,all
Drained of Color,Exhumed,clean,all
LA CANCIï¿½,J Balvin,clean,all
This Is Me,Keala Settle,clean,all
Baby Songs,Baby Lullaby,clean,all
BAND4BAND (feat. Lil Baby),Central Cee,explicit,18+
Coraï¿½ï¿½ï¿½ï¿½o,Marï¿½ï¿½lia Mendo,clean,all
WOKE UP,XG,clean,all
BABY SAID,Mï¿½ï¿½ne,clean,all
La player (Bandolera),Zion & Lennox,clean,all
Envolver,Anitta,clean,all
Galway Girl,Ed Sheeran,clean,all
Unholy (feat. Kim Petras),Sam Smith,clean,all
The American Dream Is Killing Me,Green Day,explicit,18+
Paradise - Radio Edit,Coldplay,clean,all
Too Rolling Stoned - 2024 Remaster,Robin Trower,clean,all
Smart,LE SSERAFIM,clean,all
do re mi,blackbear,explicit,18+
La_Original.mp3,Emilia,clean,all
Wiggle (feat. Snoop Dogg),Jason Derulo,clean,all
Whiskey On You,Nate Smith,clean,all
How Did It End?,Taylor Swift,clean,all
Numb Little Bug,Em Beihold,clean,all
OUT WEST (feat. Young Thug),JACKBOYS,explicit,18+
Roï¿½ï¿½a Em,Zï¿½ï¿½ Fe,clean,all
I Love Mama Mantu,Bulan Sutena,clean,all
Sequï¿½ï¿½ncia da,TRASHXRL,explicit,18+
Moth To A Flame (with The Weeknd),Swedish House Mafia,clean,all
8 Raflaan (feat. Gurlez Akhtar),Mankirt Aulakh,clean,all
Clout (feat. Cardi B),Offset,explicit,18+
Down Below,Roddy Ricch,explicit,18+
GOSSIP (feat. Tom Morello),Mï¿½ï¿½ne,explicit,18+
Si No Quieres No,Luis R Conriquez,clean,all
"Quevedo: Bzrp Music Sessions, Vol. 52",Bizarrap,clean,all
A Real Playa,Parsa Nani,clean,all
IT GIRL,Aliyah's Interlude,explicit,18+
Thousand Miles,The Kid LAROI,explicit,18+
It's Plenty,Burna Boy,explicit,18+
Baby Shark,Super Simple Songs,clean,all
Burn It Down,Parker McCollum,clean,all
get him back!,Olivia Rodrigo,explicit,18+
MEGAVERSE,Stray Kids,clean,all
Doin' Time,Lana Del Rey,explicit,18+
Ademï¿½ï¿½s de Mï¿½ï¿½,Rusherking,explicit,18+
Captain Hook,Megan Thee Stallion,explicit,18+
"Lose Yourself - From ""8 Mile"" Soundtrack",Eminem,explicit,18+
Stitches,Shawn Mendes,clean,all
Drama,aespa,clean,all
WTFYM,Future,explicit,18+
Efecto,Bad Bunny,explicit,18+
MONTERO (Call Me By Your Name),Lil Nas X,explicit,18+
P power (feat. Drake),Gunna,explicit,18+
on the street (with J. Cole),j-hope,explicit,18+
LA NENA,Lyanno,explicit,18+
THE SHADE,Rex Orange County,clean,all
Be Kind (with Halsey),Marshmello,clean,all
Dj Balada Boa X Pika Pika Kawenimeri,DJ USUP,clean,all
Like That,Future,clean,all
exile (feat. Bon Iver),Taylor Swift,clean,all
"A ver, a ver - Ric Piccolo Edit",Donald,clean,all
Legends Never Die,League of Legends,clean,all
ýýýýýý,ýýýýýýýýýýýý,clean,all
Bura Na Mano Holi Hai,Shaan,clean,all
Delilah (pull me out of this),Fred again..,clean,all
Starships,Nicki Minaj,explicit,18+
Woah,Lil Baby,explicit,18+
Boucan (feat. Franglish),KeBlack,explicit,18+
Yï¿½ï¿½reï¿½ï¿½i,Amo988,clean,all
Money Trees,Kendrick Lamar,explicit,18+
"Naa Ready (From ""Leo"")",Anirudh Ravichander,clean,all
Macarena (Bayside Boys Remix) (Remasterizado),Los Del Rio,clean,all
Go Fuck Yourself,Two Feet,explicit,18+
Yo No Soy Celoso,Bad Bunny,explicit,18+
Sugar Rush Ride,TOMORROW X TOGETHER,clean,all
La Difï¿½ï¿,Bad Bunny,explicit,18+
Nasty,Tinashe,clean,all
Everybody (feat. Lil Uzi Vert),Nicki Minaj,explicit,18+
3 Headed Goat (feat. Lil Baby & Polo G),Lil Durk,explicit,18+
Mariposita,La Vaca Lola,clean,all
LOOK DONï¿½ï¿½ï¿½T TOUCH (feat. cade,Odetari,explicit,18+
ýýýý ýýýý ýýýýýýýý,ýýýýýýýý ýýýýýýýýýýýý,clean,all
Love On,Selena Gomez,clean,all
ýýýH+3+ýýýýýýý7luCJIo0T6...,vyrval,clean,all
Kitsch,IVE,clean,all
Socadona (feat. Mr. Vegas),LUDMILLA,clean,all
Banana (feat. Shaggy),Conkarah,clean,all
Roar,Katy Perry,clean,all
Satu Rasa Cinta,Fira Cantika,clean,all
Linea del Perreo (feat. Dj Kiire),Uzielito Mix,explicit,18+
Somebody (2024),Gotye,clean,all
Rainy Days,V,clean,all
PERRO NEGRO,Bad Bunny,explicit,18+
Body,Loud Luxury,clean,all
Escapate Conmigo,Wisin,clean,all
Voices In My Head,Falling In Reverse,explicit,18+
El Belicï¿½,Peso Pluma,explicit,18+
un x100to,Grupo Frontera,clean,all
Ride,Twenty One Pilots,clean,all
Quï¿½ï¿½ Onda Per,Grupo Firme,clean,all
Mirame,Blessd,explicit,18+
Un Verano Sin Ti,Bad Bunny,clean,all
ELOVRGA,Alex Favela,explicit,18+
Monster,LUM!X,clean,all
Loosing interest,Kurochuu,clean,all
GOAT,Number_i,clean,all
Right On,Lil Baby,explicit,18+
"Eladio Carrion: Bzrp Music Sessions, Vol. 40",Bizarrap,explicit,18+
Move Your Body,ýýwnboss,clean,all
I Get The Bag (feat. Migos),Gucci Mane,explicit,18+
Gotta Move On (feat. Bryson Tiller),Diddy,clean,all
Young,Vacations,clean,all
Hype Boy,NewJeans,clean,all
Versace on the Floor,Bruno Mars,clean,all
Kamar Teri Left Right Hale,Sandeep Surila,clean,all
ALCH SI,Carin Leon,clean,all
Love Is Gone - Acoustic,SLANDER,clean,all
ýýýýýýýýýýýý,ANNA ASTI,clean,all
LA NOCHE DE ANOCHE,Bad Bunny,clean,all
Love Not War (The Tampa Beat),Jason Derulo,clean,all
Ay Vamos,J Balvin,clean,all
SC-9,Yahir Saldivar,explicit,18+
Propuesta Indecente,Romeo Santos,clean,all
Rock and A Hard Place,Bailey Zimmerman,clean,all
Gata Only (Remix),FloyyMenor,explicit,18+
Blinding Lights,The Weeknd,clean,all
LOT OF ME,Lil Tecca,clean,all
You,Regard,explicit,18+
Tacos Gucci,Anuel AA,explicit,18+
All I Want for Christmas Is You,Mariah Carey,clean,all
EARFQUAKE,"Tyler, The Creator",explicit,18+
you broke me first,Tate McRae,explicit,18+
Reminder,The Weeknd,explicit,18+
METAMORPHOSIS,INTERWORLD,explicit,18+
Tunnel Vision,Kodak Black,explicit,18+
Macetando,Ivete Sangalo,clean,all
Hasta Abajo,KEVIN ROLDAN,clean,all
UN PREVIEW,Bad Bunny,explicit,18+
X ï¿½ï¿½LTIMA,Daddy Yankee,explicit,18+
The EPA Song,Ants on a Log,clean,all
Never Gonna Not Dance Again,P!nk,clean,all
It's You,Ali Gatie,clean,all
Kï¿½ï¿½R,KAROL G,clean,all
TUS Lï¿½ï¿½GR,Mora,explicit,18+
Tek Tek (feat. MHD),DYSTINCT,clean,all
Pano,Zack Tabudlo,clean,all
M.A (Mejores Amigos),BM,explicit,18+
Mood - Remix,Zero Two,clean,all
lost souls,Baby Keem,explicit,18+
Leave Me Alone,Flipp Dinero,explicit,18+
Rungkad,Happy Asmara,clean,all
2 Balas,Roylimar y Royerlin,clean,all
Wait a Minute!,WILLOW,clean,all
Sunroof,Nicky Youre,clean,all
Californication,Red Hot Chili Peppers,clean,all
"Earth, Wind & Fire",BOYNEXTDOOR,clean,all
23,Chayce Beckham,clean,all
"Natanael Cano: Bzrp Music Sessions, Vol. 59",Bizarrap,explicit,18+
Janze,Xamdam Sobirov,clean,all
Te Robarï¿,Nicky Jam,clean,all
...Baby One More Time (from Kung Fu Panda 4),Tenacious D,clean,all
Lovefool,twocolors,clean,all
Papa,Lori,clean,all
Bandana,Fireboy DML,explicit,18+
Music For a Sushi Restaurant,Harry Styles,clean,all
Have Mercy,Chlï¿½,explicit,18+
The Search,NF,clean,all
"Villano Antillano: Bzrp Music Sessions, Vol. 51",Bizarrap,explicit,18+
Explï¿½ï¿½,Myke Towers,explicit,18+
Igual Que Un ï¿½ï¿½ngel (with Peso Pl,Kali Uchis,clean,all
Coal,Dylan Gossett,clean,all
The Thrill,Wiz Khalifa,explicit,18+
Funny Song,Bruno Portinho Trilhas para filmes,clean,all
Burn,Ellie Goulding,clean,all
Down Bad,Taylor Swift,explicit,18+
Beer Never Broke My Heart,Luke Combs,clean,all
10 Things I Hate About You,Leah Kate,explicit,18+
Hot (feat. Gunna),Young Thug,explicit,18+
She Don't Give a Fo,Duki,clean,all
BON,Number_i,clean,all
That That (prod. & feat. SUGA of BTS),PSY,clean,all
Kaikai Kitan,Eve,clean,all
El Amor de Mi Vida,Los ï¿½ï¿½ngeles Az,clean,all
Mi Niï¿½,Wisin,clean,all
"After The Storm (feat. Tyler, The Creator & Bootsy Collins)",Kali Uchis,clean,all
Hate You,Jung Kook,clean,all
Si La Calle Llama - Remix,Eladio Carrion,explicit,18+
This Side of Paradise,Coyote Theory,clean,all
Sundress,A$AP Rocky,explicit,18+
goosebumps,Travis Scott,explicit,18+
Dior,Pop Smoke,explicit,18+
Buy Dirt,Jordan Davis,clean,all
Hit Different,SZA,explicit,18+
FINA,Bad Bunny,explicit,18+
ýýýýýý,WINE,clean,all
As If It's Your Last,BLACKPINK,clean,all
Fine Day Anthem,Skrillex,clean,all
I Feel Like I'm Drowning,Two Feet,clean,all
DASH,NMIXX,clean,all
Mon Amour,Annalisa,clean,all
Solid (feat. Drake),Young Stoner Life,explicit,18+
Barking,Ramz,clean,all
La Curiosidad,Jay Wheeler,clean,all
La Jeepeta,Nio Garcia,explicit,18+
Panic Room,Au/Ra,clean,all
Sï¿½ï¿½guelo Bail,Ozuna,clean,all
I.F.L.Y.,Bazzi,explicit,18+
Love Scars,Trippie Redd,explicit,18+
Stargazing,Myles Smith,clean,all
Piya Chhod Dihin Na,Pawan Singh,clean,all
Go Crazy,Young Thug,explicit,18+
Levitating (feat. DaBaby),Dua Lipa,clean,all
Focus,Ariana Grande,clean,all
Slide,Calvin Harris,explicit,18+
Mahiya Ve Gal Sun Mahiya Vey,Nimra Mehra,clean,all
Bring Me To Life,Evanescence,clean,all
Bebe Dame,Fuerza Regida,clean,all
"Body (Remix) [feat. ArrDee, E1 (3x3), ZT (3x3), Bugzy Malone, Buni, Fivio Foreign & Darkoo]",Tion Wayne,explicit,18+
Tu Aake Dekhle,King,clean,all
Drama (feat. Drake),Roy Woods,explicit,18+
BICHOTA,KAROL G,explicit,18+
Slimed In,Future,explicit,18+
Moscow Mule,Bad Bunny,explicit,18+
NO ME QUIERO CASAR,Bad Bunny,explicit,18+
Problemï¿½,Alvaro Diaz,clean,all
Glue Song,beabadoobee,clean,all
Out thï¿½ï¿½,Yeat,explicit,18+
Ni Una Ni Dos,BM,explicit,18+
TROLLZ (with Nicki Minaj),6ix9ine,explicit,18+
Ojitos Lindos,Bad Bunny,clean,all
Space Song,Beach House,clean,all
Shotta Flow [Remix],NLE Choppa,explicit,18+
Good News,Mac Miller,clean,all
Por las Noches (Remix),Peso Pluma,clean,all
Beautiful Crazy,Luke Combs,clean,all
Dial Drunk (with Post Malone),Noah Kahan,explicit,18+
LOKERA,Rauw Alejandro,explicit,18+
JGL,La Adictiva,explicit,18+
Pretty Green Eyes (Sunset Ibiza Mix),KETTAMA,clean,all
Roses,The Chainsmokers,clean,all
Bam Yang Gang,BIBI,clean,all
Barely Breathing,Grant Averill,clean,all
Namas Today - Original Version,CA3RD,clean,all
MIENTRAS ME CURO DEL CORA,KAROL G,clean,all
I Hope,Gabby Barrett,clean,all
Boy's a liar,PinkPantheress,clean,all
Rich Baby Daddy (feat. Sexyy Red & SZA),Drake,explicit,18+
The Black Dog,Taylor Swift,explicit,18+
High Fashion (feat. Mustard),Roddy Ricch,explicit,18+
Gucci Gang,Lil Pump,explicit,18+
Heat,Gunna,explicit,18+
The Business,Tiï¿½ï¿,clean,all
Say Don't Go (Taylor's Version) (From The Vault),Taylor Swift,clean,all
Here With Me,Marshmello,clean,all
Slide,H.E.R.,explicit,18+
No Guidance (feat. Drake),Chris Brown,explicit,18+
Sin Tanto Royo,Luis R Conriquez,clean,all
Do I Wanna Know?,Arctic Monkeys,clean,all
Tattoo,Rauw Alejandro,clean,all
Case,Diljit Dosanjh,clean,all
Pretty Savage,BLACKPINK,clean,all
Raindrops (Insane) [with Travis Scott],Metro Boomin,explicit,18+
Prada Dem (feat. Offset),Gunna,explicit,18+
The Feeling,Lost Frequencies,clean,all
Distraction,Polo G,explicit,18+
Elvira,Oscar Maydon,explicit,18+
Now And Then,The Beatles,clean,all
Girls Like You (feat. Cardi B),Maroon 5,explicit,18+
Seven (feat. Latto) (Explicit Ver.),Jung Kook,explicit,18+
Not Even Ghosts Are This Empty,$uicideboy$,explicit,18+
Rover,KAI,clean,all
Outside Today,YoungBoy Never Broke Again,explicit,18+
Watermelon Moonshine,Lainey Wilson,clean,all
Creeper Star,Leo Walrus,clean,all
"Rauw Alejandro: Bzrp Music Sessions, Vol. 56",Bizarrap,explicit,18+
"Naiyo Lagda (From ""Kisi Ka Bhai Kisi Ki Jaan"")",Himesh Reshammiya,clean,all
Stereo Hearts (feat. Adam Levine),Gym Class Heroes,clean,all
On My Grind,OG Eat,clean,all
STAY (with Justin Bieber),The Kid LAROI,clean,all
Run,OneRepublic,clean,all
Si Tu Novio Te Deja Sola,J Balvin,explicit,18+
Us Vs Them,$uicideboy$,explicit,18+
Whiskey Glasses,Morgan Wallen,clean,all
God Damn,Badshah,clean,all
Lo Siento BB:/ (with Bad Bunny & Julieta Venegas),Tainy,explicit,18+
Daisy,Ashnikko,explicit,18+
Try That In A Small Town,Jason Aldean,explicit,18+
vendetta!,MUPP,explicit,18+
Never Be Lonely,Jax Jones,clean,all
Un Besito Mï¿½,Salastkbron,clean,all
Je M'appelle,Benzz,explicit,18+
boyfriend (with Social House),Ariana Grande,explicit,18+
Too Sweet,Hozier,clean,all
All Around The World (La La La),R3HAB,clean,all
See You Again (feat. Kali Uchis),"Tyler, The Creator",explicit,18+
Search Bar,NANI,clean,all
Home (Lala),Dayzy,clean,all
Bye,Peso Pluma,explicit,18+
Cold Heart (Claptone Remix),Elton John,clean,all
HYPNOTIC DATA,Odetari,explicit,18+
LOS PITS,Bad Bunny,explicit,18+
A La Antigï¿½ï¿,Calibre 50,clean,all
Casa Mia,Ghali,clean,all
24K Magic,Bruno Mars,clean,all
POP/STARS,K/DA,clean,all
Ocean,KAROL G,clean,all
Godzilla (feat. Juice WRLD),Eminem,explicit,18+
"Mast Malang Jhoom (From ""Bade Miyan Chote Miyan - Kannada"")",Vishal Mishra,clean,all
Broke In A Minute,Tory Lanez,explicit,18+
Boy's a Liar Pt. 2,PinkPantheress,explicit,18+
Here,Alessia Cara,clean,all
Double Fantasy (with Future),The Weeknd,explicit,18+
Girl,Myke Towers,explicit,18+
Whistle,Flo Rida,clean,all
Chasing After You (with Maren Morris),Ryan Hurd,clean,all
Tom's Diner,AnnenMayKantereit,clean,all
Hang Tight Honey,Lainey Wilson,clean,all
Who Is Your Guy? - Remix,Spyro,clean,all
Please Don't Fall In Love With Me,Khalid,clean,all
Tï¿½ï¿½ OK (Re,DENNIS,clean,all
"Maa Nammakam Nuvve Jagan, Vol 1",Jagananna Connects,clean,all
Budapest,George Ezra,clean,all
Love Shot,EXO,clean,all
II MOST WANTED,Beyoncï¿,clean,all
Circles,Post Malone,clean,all
Mil Preguntas,The La Planta,clean,all
THUNDER Y LIGHTNING,Bad Bunny,explicit,18+
Ramenez la coupe ï¿½ï¿½ la ma,Vegedream,clean,all
Sunflower - Spider-Man: Into the Spider-Verse,Post Malone,clean,all
Vai Novinha Ah Ah Ah,Dyamante DJ,explicit,18+
Bar,TINI,clean,all
Bande organisï¿½,13 Organisï¿,explicit,18+
OA,Anuel AA,explicit,18+
Jimmy Cooks (feat. 21 Savage),Drake,explicit,18+
Vaina Loca,Ozuna,clean,all
Mona Lisa - Spider-Man: Across the Spider-Verse (Deluxe Edition),Dominic Fike,clean,all
icantbelieveiletyougetaway,aldn,clean,all
Not My Fault (with Megan Thee Stallion),Reneï¿½ï¿½,explicit,18+
DESPECHï¿,ROSALï¿½,explicit,18+
Chatak Matak,Renuka Panwar,clean,all
For the Last Time,$uicideboy$,explicit,18+
Say You Won't Let Go,James Arthur,clean,all
1-800-273-8255,Logic,explicit,18+
Regalo De Dios,Juliï¿½ï¿½n ï¿½ï¿½lvarez y su Norteï,clean,all
RUNAWAY,OneRepublic,clean,all
Wild Ones (feat. Jelly Roll),Jessie Murph,explicit,18+
Pagodï¿½ï¿½o do Birimbola (Tchubirabi,Os Quebradeiras,clean,all
Bachke Bachke (feat. Yarah),Karan Aujla,clean,all
Coraï¿½ï¿½ï¿½ï¿½o,WIU,explicit,18+
DEUTSCHLAND,Rammstein,clean,all
Take Her Home,Kenny Chesney,clean,all
CAKE,ITZY,clean,all
Bhai Tera Gunda,Aman Jaji,clean,all
Youï¿½ï¿½ï¿½re Mines Still (feat.,Yung Bleu,explicit,18+
Waiting For Love,Avicii,clean,all
Stumblin' In,CYRIL,clean,all
Piï¿½ï¿½o de Vida L,Japï¿½ï¿½,clean,all
"CAN'T STOP THE FEELING! (Original Song From Dreamworks Animation's ""Trolls"")",Justin Timberlake,clean,all
DJ Got Us Fallin' In Love,USHER,clean,all
Vois sur ton chemin - Techno Mix,BENNETT,clean,all
ONLY,LeeHi,clean,all
positions,Ariana Grande,explicit,18+
Lighter,Galantis,clean,all
DUELE EL CORAZON,Enrique Iglesias,clean,all
Alibi (feat. Rudimental),Ella Henderson,clean,all
Titanium (feat. Sia),Sia,clean,all
What's Love Got to Do with It - 2023 Remaster,Tina Turner,clean,all
I Know,Kanii,explicit,18+
CORAZï¿½ï¿½N VA,Maria Becerra,clean,all
REACT,Switch Disco,clean,all
Can I Call You Tonight?,Dayglow,clean,all
Drunk in Love,Beyoncï¿,explicit,18+
Members Only (feat. PARTYNEXTDOOR),Drake,explicit,18+
Goin Baby,DaBaby,explicit,18+
Nonsense,Sabrina Carpenter,clean,all
"Coca Cola (From ""Luka Chuppi"")",Tony Kakkar,clean,all
New Freezer (feat. Kendrick Lamar),Rich The Kid,explicit,18+
A Sky Full of Stars,Coldplay,clean,all
Tomorrow 2 (with Cardi B),GloRilla,explicit,18+
Money,Cardi B,explicit,18+
Jiwa Yang Bersedih,Ghea Indrawari,clean,all
PLEBADA,El Alfa,clean,all
Baianï¿,Bakermat,clean,all
Vista Al Mar,Quevedo,clean,all
TiK ToK,Kesha,clean,all
Daechwita,Agust D,explicit,18+
Espresso,Sabrina Carpenter,explicit,18+
ýýýýýýýýýýýý,Omoinotake,clean,all
Cab In A Solo,Scotty McCreery,clean,all
BLUE,Billie Eilish,clean,all
Rockabye (feat. Sean Paul & Anne-Marie),Clean Bandit,explicit,18+
Never Last,Lil Tecca,explicit,18+
Back,LOLA,clean,all
Oh No,Kreepa,explicit,18+
TV,Billie Eilish,clean,all
Saiyan,Heuss L'enfoirï¿,explicit,18+
RUBICON,Peso Pluma,explicit,18+
"Badass (From ""Leo"")",Anirudh Ravichander,clean,all
When You're Gone,Shawn Mendes,clean,all
LOOOVE (feat. Kid Cudi),Travis Scott,explicit,18+
Cowgirls (feat. ERNEST),Morgan Wallen,clean,all
Soy Peor,Bad Bunny,explicit,18+
Wildest Dreams (Taylor's Version),Taylor Swift,clean,all
Babba,Guy Mac,clean,all
Bad Things (with Camila Cabello),mgk,clean,all
Como Si No Importara,Emilia,clean,all
FRANCHISE (feat. Young Thug & M.I.A.),Travis Scott,explicit,18+
Wrecked,Imagine Dragons,clean,all
Shake It Off (Taylor's Version),Taylor Swift,clean,all
Die For You (Remix Acapella),The Weeknd,clean,all
Here's Your Perfect,Jamie Miller,clean,all
HYAENA,Travis Scott,explicit,18+
La La La (Brazil 2014),Shakira,clean,all
Ngopi Maszeh,Happy Asmara,clean,all
Hold Me Closer,Elton John,clean,all
Nail Tech,Jack Harlow,explicit,18+
Runaway (U & I),Galantis,clean,all
Quï¿½ï¿½ Ago,Yuridia,clean,all
La Rompe Corazones,Daddy Yankee,clean,all
Lean Wit Me,Juice WRLD,explicit,18+
Lover,Taylor Swift,clean,all
I Donï¿½ï¿½ï¿½t Wanna Live Forever (Fifty Shades D,ZAYN,clean,all
Bado Badi,Chahat Fateh Ali Khan,clean,all
VIBE (feat. Jimin of BTS),TAEYANG,clean,all
Safari,J Balvin,clean,all
favorite crime,Olivia Rodrigo,clean,all
ýý ýýýýýýýý ýýýýýýýýýý,Moreart,explicit,18+
My Universe,Coldplay,clean,all
Low,SZA,explicit,18+
Terre Pyaar Mein,Himesh Reshammiya,clean,all
From The D To The A (feat. Lil Yachty),Tee Grizzley,explicit,18+
Hot In It,Tiï¿½ï¿,clean,all
Toosie Slide,Drake,explicit,18+
Mood,Makar,explicit,18+
Dandini Dandini Dastana,Derya Yildirim,clean,all
NI BIEN NI MAL,Bad Bunny,explicit,18+
Paradise,Coldplay,clean,all
Natural,Imagine Dragons,clean,all
"Jhoome Jo Pathaan (From ""Pathaan"") [Arabic Version]",Abd El Fattah Grini,clean,all
Tu Foto,Q' Lokura,clean,all
The Chicken Wing Beat,Ricky Desktop,clean,all
Can't Feel My Face,The Weeknd,clean,all
Se Grita,Morad,explicit,18+
Just Pretend,Bad Omens,clean,all
Lil Bit,Nelly,explicit,18+
Nhï¿½ï¿½ï¿½ Ngï¿½ï¿½ï¿½ï¿½ï¿½i Hay Nhï¿½ï¿½,Chau Dang Khoa,clean,all
Heeriye (feat. Arijit Singh),Jasleen Royal,clean,all
Memory Lane,Old Dominion,clean,all
Coming for You (feat. A1 x J1),SwitchOTR,explicit,18+
Mockingbird,Tiï¿½ï¿,clean,all
Breathe,Yeat,explicit,18+
Money In The Grave (Drake ft. Rick Ross),Drake,explicit,18+
Lollipop,Darell,explicit,18+
"Akhiyaan Gulaab (From ""Teri Baaton Mein Aisa Uljha Jiya"")",Mitraz,clean,all
Callaita,Bad Bunny,explicit,18+
Paani Paani,Badshah,clean,all
Fast,Juice WRLD,explicit,18+
MAï¿½ï¿½ANA SERï¿½ï¿,KAROL G,clean,all
Antidepresan,Mert Demir,clean,all
Bi' Tek Ben Anlarï¿½,Kï¿½ï,clean,all
hakuna matata,Gunna,explicit,18+
Dos Mil 16,Bad Bunny,clean,all
First Person Shooter (feat. J. Cole),Drake,explicit,18+
ýýýýýýýýýýýýýýýýýýýýý,HoneyWorks,clean,all
pov,Ariana Grande,clean,all
HOLA PERDIDA,Luck Ra,clean,all
Still Rollin,Shubh,clean,all
Rolex,Ayo & Teo,clean,all
Guli Mata,Saad Lamjarred,clean,all
Tshwala Bam (feat. S.N.E) - Remix,TitoM,clean,all
Sunday Service,Latto,explicit,18+
Are You Entertained (feat. Ed Sheeran),Russ,explicit,18+
Moto,Diler Kharkiya,clean,all
Liquor & Cigarettes (feat. ArrDee),Chase & Status,clean,all
STAYING ALIVE (feat. Drake & Lil Baby),DJ Khaled,explicit,18+
ýý ýýýýýýýýýý,A.V.G,clean,all
What Would Pluto Do,Drake,explicit,18+
Redbone,Childish Gambino,explicit,18+
Let The Light In (feat. Father John Misty),Lana Del Rey,clean,all
Roses - Imanbek Remix,SAINt JHN,explicit,18+
Love Songs - Bonus,Kaash Paige,clean,all
Every Summertime,NIKI,clean,all
Mi Bello Angel,Natanael Cano,explicit,18+
Gentleman,PSY,clean,all
Vivir Mi Vida,Marc Anthony,clean,all
Tera Fitoor,Arijit Singh,clean,all
IT GIRL - Sped up Version,Aliyah's Interlude,explicit,18+
Si No Estï¿½,iï¿½ï¿½igo quin,clean,all
Por las Noches,Peso Pluma,clean,all
Venom,Sintage,clean,all
Me Enterï¿,Tiago PZK,clean,all
Salt,Ava Max,clean,all
In Case You Didn't Know,Brett Young,clean,all
P*$$Y Fairy (OTW),Jhenï¿½ï¿½,explicit,18+
SI NO ES CONTIGO,Cris Mj,explicit,18+
HEAT STICK,Shoreline Mafia,explicit,18+
"jealousy, jealousy",Olivia Rodrigo,clean,all
Nostï¿½ï¿½l,Rvssian,explicit,18+
"Kaavaalaa (From ""Jailer"")",Shilpa Rao,clean,all
HONEY (ARE U COMING?),Mï¿½ï¿½ne,clean,all
TOES (feat. Lil Baby & Moneybagg Yo),DaBaby,explicit,18+
Cigarettes,Juice WRLD,explicit,18+
UNTOUCHABLE,ITZY,clean,all
Ella,Junior H,clean,all
A-O-K,Tai Verdes,explicit,18+
Perfect,Ed Sheeran,clean,all
Ngozi,Crayon,clean,all
Luminary,Joel Sunny,clean,all
House Of Lies,Ikka,clean,all
Bom Diggy,Zack Knight,clean,all
How To Fly (Abbey Road Remaster 2024),Sticky Fingers,clean,all
Touching The Sky,Rauw Alejandro,clean,all
The Adults Are Talking,The Strokes,clean,all
Dime Cï¿½ï¿½mo Qui,Christian Nodal,clean,all
Proud Mary - 2023 Remaster,Tina Turner,clean,all
overseas,Ken Carson,explicit,18+
Escapism.,RAYE,explicit,18+
Already Dead,Juice WRLD,explicit,18+
Dientes,J Balvin,explicit,18+
World's Smallest Violin,AJR,explicit,18+
supï¿½ï,ýýýýýýýýýý,clean,all
Evoque Prata,MC MENOR HR,explicit,18+
Que Va,Alex Sensation,clean,all
Body,Russ Millions,explicit,18+
Ashes,Stellar,explicit,18+
Pa Mi,Dalex,explicit,18+
Jom ka du me tï¿½ï¿,Dafina Zeqiri,clean,all
Smells Like Teen Spirit,Nirvana,clean,all
vice city,XXXTENTACION,explicit,18+
"Yo x Ti, Tu x Mi",ROSALï¿½,clean,all
From The Start,Laufey,clean,all
Gimme Love,Sia,clean,all
"Photo (From ""Luka Chuppi"")",Karan Sehmbi,clean,all
nE !?,Lvbel C5,clean,all
Munch (Feelinï¿½ï¿½,Ice Spice,explicit,18+
Better Days (NEIKED x Mae Muller x Polo G),NEIKED,clean,all
BLAQ ON BLAQ (feat. Luciano),HoodBlaq,explicit,18+
Mr Pot Scraper,Bossman Dlow,explicit,18+
Drowning (feat. Kodak Black),A Boogie Wit da Hoodie,explicit,18+
Little Life,Cordelia,clean,all
Sand Monkey,Kid Pharaoh,explicit,18+
El Tsurito,Junior H,explicit,18+
We Don't Talk About Bruno,Carolina Gaitï¿½ï¿½n - La G,clean,all
Laung Laachi Title Track,Mannat Noor,clean,all
"Katchi Sera - From ""Think Indie""",Sai Abhyankkar,clean,all
my ex's best friend (with blackbear),mgk,explicit,18+
I Had Some Help (feat. Morgan Wallen),Post Malone,clean,all
Attention,Charlie Puth,clean,all
Before You Go,Lewis Capaldi,clean,all
Say So,Doja Cat,explicit,18+
Watch This - ARIZONATEARS Pluggnb Remix,Lil Uzi Vert,explicit,18+
Spin Bout U,Drake,explicit,18+
Si Veo a Tu Mamï¿,Bad Bunny,clean,all
Baby Shark,Bebefinn,clean,all
Rompe La Dompe,Peso Pluma,explicit,18+
Rather Be (feat. Jess Glynne),Clean Bandit,clean,all
Humpty Dumpty,Nursery Rhymes,clean,all
LDR,Shoti,clean,all
SUBEME LA RADIO (feat. Descemer Bueno & Zion & Lennox),Enrique Iglesias,clean,all
Asï¿½ï¿½ Lo Quiso,Eslabon Armado,clean,all
Snooze,SZA,explicit,18+
Te Felicito,Gerardo Coronel,clean,all
Zihaal e Miskin,Javed-Mohsin,clean,all
a lot,21 Savage,explicit,18+
Espectacular,Sky Rompiendo,clean,all
Glorious (feat. Skylar Grey),Macklemore,explicit,18+
WILDFLOWER,Billie Eilish,clean,all
"BESAME (feat. Tiago PZK, Khea & Neo Pistea) - Remix",Bhavi,explicit,18+
FARDOS,JC Reyes,clean,all
F.N.F. (Let's Go),Hitkidd,explicit,18+
Neverita,Bad Bunny,clean,all
sneaky,21 Savage,explicit,18+
ALMAS GEMELAS,Myke Towers,clean,all
Homicide (feat. Eminem),Logic,explicit,18+
Diz Aï¿½ï¿½ Qual ï¿½ï¿½,Mc IG,explicit,18+
No Me Queda Mï¿½ï¿½s (Remasterizado 2024/30th Annivers,Selena,clean,all
Poor People We,Harp and a monkey,clean,all
QUE ME FALTE TODO,Luck Ra,clean,all
Slow It Down,Benson Boone,clean,all
So High School,Taylor Swift,clean,all
Respect (2021 Remaster),Aretha Franklin,clean,all
A Tu Manera,Junior H,clean,all
ýýýýýýýýýýýý,Lamis Kan,clean,all
Never Stop,ian,explicit,18+
You & Me - Rivo Remix,Disclosure,clean,all
Aynen,Heijan,clean,all
TWINNEM,Coi Leray,explicit,18+
Tak Segampang Itu,Anggi Marito,clean,all
Come & Get It,Selena Gomez,clean,all
Buenas,Quevedo,clean,all
"Praise (feat. Brandon Lake, Chris Brown & Chandler Moore)",Elevation Worship,clean,all
30 GRADOS,El Turko,explicit,18+
De Los Besos Que Te Di,Christian Nodal,clean,all
Never Sleep (feat. Lil Baby),NAV,explicit,18+
Lean On (feat. Mï¿½ï¿½ & DJ Snake) - J Balvin & Farruko R,Major Lazer,clean,all
Breakeven,The Script,clean,all
ýýýý ýýýýýýýýýý,ANNA ASTI,clean,all
Walk Em Down (feat. Roddy Ricch),NLE Choppa,explicit,18+
Million Dollar Baby,Ava Max,clean,all
Funny Song,Cavendish Music,clean,all
UNAVAILABLE (feat. Musa Keys),Davido,explicit,18+
Love wins all,IU,clean,all
Fall in Love with You.,Montell Fish,clean,all
Pelle Coat,Lil Durk,explicit,18+
Koka,Mankirt Aulakh,clean,all
Anti-Hero,Taylor Swift,clean,all
Follow You,Imagine Dragons,clean,all
AM Remix,Nio Garcia,explicit,18+
Prada,cassï¿,explicit,18+
Classic,MKTO,clean,all
august,Taylor Swift,clean,all
Do It Like That,TOMORROW X TOGETHER,clean,all
Ojapiano,KCee,clean,all
Blicky,Fresh X Reckless,explicit,18+
Despï¿½ï¿½dase,Carin Leon,explicit,18+
Buga,Kizz Daniel,clean,all
vampire,Olivia Rodrigo,explicit,18+
MASHA ULTRAFUNK,HISTED,clean,all
"This Is The Thanks I Get?! - From ""Wish""",Chris Pine,clean,all
Water,Tyla,clean,all
Ho Hey,The Lumineers,clean,all
Dile a Tu Orgullo (En Vivo),Luis Alfonso Partida El Yaki,clean,all
Yeah Glo!,GloRilla,clean,all
Heaven Takes You Home,Swedish House Mafia,clean,all
WHATS POPPIN,Jack Harlow,explicit,18+
Only,Nicki Minaj,explicit,18+
RAM TCHUM,DENNIS,explicit,18+
Calm Down,Rema,clean,all
Lil Somethin Somethin,Vayah,explicit,18+
Savage,Megan Thee Stallion,explicit,18+
Aquï¿½ï¿½ A,Christian Nodal,clean,all
512,Mora,explicit,18+
writhe,daine,clean,all
Lift Me Up - From Black Panther: Wakanda Forever - Music From and Inspired By,Rihanna,clean,all
Night Away (Dance) (feat. Tion Wayne),A1 x J1,explicit,18+
Fair Trade (with Travis Scott),Drake,explicit,18+
Tacones Rojos,Sebastian Yatra,clean,all
ýýCuýýl Es Su Nombre?,Lucky Brown,explicit,18+
Don't You Know,Crosby St. Models,clean,all
THE GIRLS - BLACKPINK THE GAME OST,BLACKPINK,clean,all
Orquestra Maldita,TRASHXRL,explicit,18+
Lavender Haze,Taylor Swift,explicit,18+
Bent,41,explicit,18+
Hati-Hati di Jalan,Tulus,clean,all
You Make It Easy,Jason Aldean,clean,all
Dream Girl - Remix,Ir Sais,explicit,18+
NEW MAGIC WAND,"Tyler, The Creator",explicit,18+
Quï¿½ï¿½ Onda Per,Gerardo Coronel,clean,all
Suge,DaBaby,explicit,18+
Vaaste,Dhvani Bhanushali,clean,all
Gata Only,FloyyMenor,explicit,18+
Jaldi Chhoda Ghare Bullet Se,Vinay Pandey Sanu,clean,all
"Peso Pluma: Bzrp Music Sessions, Vol. 55",Bizarrap,explicit,18+
Carrying Your Love,David Morris,clean,all
Precision,Big Sean,explicit,18+
Hot N Cold,Katy Perry,clean,all
Sure Thing,Miguel,clean,all
Smoke Gets in Your Eyes,The Platters,clean,all
Ferrari,James Hype,clean,all
Red Ruby Da Sleeze,Nicki Minaj,explicit,18+
Happiest Year,Jaymes Young,clean,all
Obsessed,Riar Saab,clean,all
JAGERMEISTER,Ice Beats Slide,clean,all
Something Just Like This,The Chainsmokers,clean,all
Abejita Chiquitita,El Payaso Plim Plim,clean,all
Exclusive.mp3,Emilia,clean,all
We Paid (feat. 42 Dugg),Lil Baby,explicit,18+
Shower,Becky G,clean,all
You Broke My Heart,Drake,explicit,18+
In The End,Tommee Profitt,clean,all
Enough Is Enough,Post Malone,explicit,18+
FREAK,YUQI,clean,all
Animals,Maroon 5,clean,all
Hasta el Amanecer,Nicky Jam,clean,all
T.B.H,QWER,clean,all
Vida de Rico,Camilo,clean,all
Danza Kuduro - Cover,DJ MIX NON-STOP CHANNEL,explicit,18+
Woah (feat. D3Mstreet),KRYPTO9095,explicit,18+
X ESO BB,Jere Klein,explicit,18+
Like Crazy,Jimin,clean,all
ýýýýýýýýýýýýýýýýýýýýýýýýýýýýýýýýý- Sayonara,Kenshi Yonezu,clean,all
Jackie Chan,Tiï¿½ï¿,explicit,18+
Apaga El Cel,Calle 24,clean,all
Little Girl Gone,CHINCHILLA,explicit,18+
i am not who i was,Chance Peï¿½,clean,all
SPECIALZ,King Gnu,clean,all
Caramelo - Remix,Leoo Remix,clean,all
Iï¿½ï¿½ï¿½m Not Here To Make Friends (feat. Calvin Harris & Jessie,Sam Smith,clean,all
Mas Altas Que Bajadas,Natanael Cano,explicit,18+
Jedag Jedug Capcut 2024,Afrian Af,explicit,18+
Maniac,Conan Gray,clean,all
Amigos Con Derechos,Reik,clean,all
FE!N,Travis Scott,explicit,18+
BABY HELLO,Rauw Alejandro,explicit,18+
Dynamite,BTS,clean,all
Shellfish cumbia,H2O,clean,all
Por Mi Mexico (Remix),Lefty Sm,explicit,18+
Nunca Es Suficiente,Los ï¿½ï¿½ngeles Az,clean,all
Magnetic,ILLIT,clean,all
CCC - Remix,Michelle Maciel,clean,all
Una Foto Remix (feat. Emilia),Mesita,clean,all
Los animales en el autobï¿½,Luli Pampï¿½,clean,all
I'll Be Waiting,Cian Ducrot,clean,all
That Girl,Amrinder Gill,clean,all
Tï¿½ï¿½ Me Dejaste De Qu,C. Tangana,clean,all
Intentions (feat. Quavo),Justin Bieber,clean,all
Desde Mis Ojos - Remix,Chris Lebron,clean,all
My Love Mine All Mine,Mitski,clean,all
Blinding Lights - Instrumental,The Weeknd,clean,all
Esperï¿½ï¿½n,Manuel Turizo,clean,all
Golden,Harry Styles,clean,all
Chakalitos,Angi Fire,clean,all
"Perdonarte, ï¿½ï¿½Para Q",Los ï¿½ï¿½ngeles Az,clean,all
Popular (with Playboi Carti & Madonna) - Music from the HBO Original Series,The Weeknd,explicit,18+
Wild Ones (feat. Sia),Flo Rida,clean,all
Perfect Strangers,Jonas Blue,clean,all
RATATATA,BABYMETAL,explicit,18+
Supalonely,BENEE,explicit,18+
Got What I Got,Jason Aldean,clean,all
California Gurls,Katy Perry,clean,all
Crawling,Linkin Park,clean,all
Aesthetic,Tollan Kim,clean,all
Tchuco Nela,MC Rogerinho,explicit,18+
Me Acostumbre (feat. Bad Bunny),Arcï¿½ï¿½,explicit,18+
run for the hills,Tate McRae,explicit,18+
Jumbotron Shit Poppin,Drake,explicit,18+
Beso (Fruta Fresca),Wakyin,clean,all
Lost on You,LP,clean,all
Niagara Falls (Foot or 2) [with Travis Scott & 21 Savage],Metro Boomin,explicit,18+
FourFiveSeconds,Rihanna,clean,all
"Sugarcane (Remix) [feat. King Promise, Mayorkun & Darkoo]",Camidoh,explicit,18+
n.h.i.e.,21 Savage,explicit,18+
Voz Emplumada del Monte,Biomigrant,clean,all
Mother,Meghan Trainor,explicit,18+
Lifetime,Tobiahs,clean,all
El Boss,Gabito Ballesteros,explicit,18+
Your Heart Or Mine,Jon Pardi,clean,all
Taste (feat. Offset),Tyga,explicit,18+
ýýýýýýýýýýýý,Aimer,clean,all
STARGAZING,Travis Scott,explicit,18+
Someone To You,BANNERS,clean,all
Only Girl (In The World),Rihanna,clean,all
BUTTERFLY EFFECT,Travis Scott,clean,all
Drankin N Smokin,Future,explicit,18+
Turn Down for What,DJ Snake,clean,all
Angels Like You,Miley Cyrus,clean,all
I Ain't Worried,OneRepublic,clean,all
SAN BENEDETTO,Ron Gallo,clean,all
Brickell,Feid,explicit,18+
El Tï¿½ï¿½,Grupo Firme,clean,all
Black Friday,Tom Odell,clean,all
SEJODIOTO,KAROL G,explicit,18+
Dance Alone,Sia,clean,all
DILUVIO,Rauw Alejandro,explicit,18+
"Am I Dreaming (Metro Boomin & A$AP Rocky, Roisee)",Metro Boomin,clean,all
Reloj,Rauw Alejandro,explicit,18+
Eyes Closed,Ed Sheeran,clean,all
Party Rock Anthem,LMFAO,clean,all
Step Back!,1nonly,explicit,18+
Fried (She a Vibe),Future,explicit,18+
Ana Ghaltan,Bahaa Sultan,clean,all
In The Dark,Purple Disco Machine,clean,all
Replay,Iyaz,clean,all
My Ordinary Life,The Living Tombstone,clean,all
Counting Stars,OneRepublic,clean,all
Cheap Thrills,Sia,clean,all
Too Good,Drake,explicit,18+
Sail,AWOLNATION,clean,all
2Humpy is Back,2Rare,explicit,18+
Te Botï¿½ï¿½ - R,Nio Garcia,explicit,18+
Thoda Thoda Pyaar,Stebin Ben,clean,all
Murder In My Mind,Kordhell,explicit,18+
Ruin,USHER,clean,all
Monotonï¿½,Shakira,clean,all
Now That We Don't Talk (Taylor's Version) (From The Vault),Taylor Swift,clean,all
Coco Cola,Ruchika Jangid,clean,all
Param Pom,TAIRA,clean,all
Itï¿½ï¿½ï¿½s a beautif,Trinix,clean,all
Ella No Es Tuya - Remix,Rochy RD,clean,all
"Tiago PZK: Bzrp Music Sessions, Vol. 48",Bizarrap,clean,all
Earth,Lil Dicky,explicit,18+
Corazï¿½,Maluma,clean,all
"These Days (feat. Jess Glynne, Macklemore & Dan Caplen)",Rudimental,clean,all
Fall Back,Lithe,clean,all
Dog's Plan,David Jackson,clean,all
QUE PRETENDES,J Balvin,clean,all
VIBEZ,DaBaby,explicit,18+
Day 'N' Nite (nightmare),Kid Cudi,explicit,18+
Houdini,Dua Lipa,clean,all
BOO!SHUT,PIGGS,clean,all
Cham Cham,Meet Bros.,clean,all
Put Your Records On,Ritt Momney,clean,all
Spin You Around (1/24),Morgan Wallen,clean,all
Better Now,Post Malone,explicit,18+
Love Sosa,Chief Keef,explicit,18+
El Cielo,Sky Rompiendo,explicit,18+
Baby Shark,Pinkfong,clean,all
ýýýýýýýýýýýýýý,Akris & Teddy,clean,all
Stereo Love (TikTok Remix),DJRemixGod,explicit,18+
ýýlle de Sen,Muti,clean,all
All About That Bass,Meghan Trainor,explicit,18+
"Paulo Londra: Bzrp Music Sessions, Vol. 23",Bizarrap,explicit,18+
The Girl From Ipanema,Stan Getz,clean,all
Ginza,J Balvin,clean,all
"Tu Juliet Jatt Di ( From ""Jatt & Juliet 3"")",Diljit Dosanjh,clean,all
Sunshine,Tyga,explicit,18+
"BIG BANK (feat. 2 Chainz, Big Sean, Nicki Minaj)",YG,explicit,18+
Habits (Stay High),Tove Lo,clean,all
Bandido,Myke Towers,clean,all
Party,Bad Bunny,clean,all
TE AMO ï¿½,Fer Vazquez,clean,all
Billete Grande (En Vivo),Fuerza Regida,clean,all
PHONKY TOWN,PlayaPhonk,explicit,18+
Perro Fiel (feat. Nicky Jam),Shakira,clean,all
MIDDLE OF THE NIGHT,Elley Duhï¿,clean,all
Sorriso no Rosto,Mc IG,explicit,18+
Fast Forward,JEON SOMI,clean,all
Sharing Locations (feat. Lil Baby & Lil Durk),Meek Mill,explicit,18+
F.N,Lil Tjay,explicit,18+
when the party's over,Billie Eilish,clean,all
ýýýýýýýýýýýýýýýýýýýýýýýý,ýýýýýýýýýýýýýýýýýýýýýýýý,clean,all
Ya Acabo,Marca MP,clean,all
Hips Don't Lie (feat. Wyclef Jean),Shakira,clean,all
traitor,Olivia Rodrigo,clean,all
Diable,Ven'nus,clean,all
Thang For You (feat. No Cap),Rylo Rodriguez,explicit,18+
My Boy Only Breaks His Favorite Toys,Taylor Swift,clean,all
Hass Hass,Diljit Dosanjh,clean,all
All Girls Are The Same,Juice WRLD,explicit,18+
Thot Shit,Megan Thee Stallion,explicit,18+
Lose Control,Teddy Swims,clean,all
Family Matters,Drake,explicit,18+
Devil Doesnï¿½ï¿½ï¿½t B,Alec Benjamin,clean,all
Location,Khalid,clean,all
Bruises,Lewis Capaldi,clean,all
Be My Lover (feat. La Bouche) - 2023 Mix,Hypaton,clean,all
Don't Start Now,Dua Lipa,clean,all
El Gordo Trae El Mando,Chino Pacas,explicit,18+
ANTIFRAGILE,LE SSERAFIM,clean,all
ýýýýýýýýýý ýýýý ýýýýýýýýýýýý ýýýýýýýýýýýýýý,Eslam Kabonga,clean,all
Aye (feat. Travis Scott),Lil Uzi Vert,explicit,18+
Sonchadi | Coke Studio Bharat,digV,clean,all
Falling,Trevor Daniel,clean,all
Watermelon Sugar,Harry Styles,clean,all
Margiela,Ezhel,explicit,18+
Kya Hua,Vishal Mishra,clean,all
Besos Moja2,Wisin & Yandel,clean,all
Smile (with The Weeknd),Juice WRLD,explicit,18+
Ruper Jadu,Alvee,clean,all
penjaga hati,Nadhif Basalamah,clean,all
God's Country,Blake Shelton,clean,all
Lambiyan Raataan,Jubin Nautiyal,clean,all
Montagem - Pr Funk,BARATO NATION,clean,all
Conexï¿½ï¿½es de Mï¿½ï¿½fia (feat. Rich,Matuï¿,explicit,18+
March Madness,Future,explicit,18+
Do It,Kanye West,explicit,18+
"Mann Bharryaa 2.0 (From ""Shershaah"")",B Praak,clean,all
Rock My Body,R3HAB,clean,all
RON COLA,Rauw Alejandro,explicit,18+
The Autotrem 1.0,DJ RICK 013,clean,all
Holy (feat. Chance The Rapper),Justin Bieber,clean,all
Cake By The Ocean - Cover,LOVE BGM JPN,explicit,18+
Bang Bang,Jessie J,clean,all
TOO MUCH,The Kid LAROI,explicit,18+
Never Lose Me (feat. SZA & Cardi B),Flo Milli,explicit,18+
"Chaleya (From ""Jawan"")",Anirudh Ravichander,clean,all
Boyz In Paris (with VINAI),Marnik,explicit,18+
2/Catorce,Rauw Alejandro,explicit,18+
Pehle Bhi Main,Vishal Mishra,clean,all
Di Que Si,Grupo Marca Registrada,clean,all
i'm so tired...,Lauv,clean,all
"Leke Prabhu Ka Naam (From ""Tiger 3"")",Pritam,clean,all
Yoksun,Ebru Yaï¿½ï,clean,all
Un Aï¿½,Sebastian Yatra,clean,all
My Head & My Heart,Ava Max,clean,all
Love Story (Taylorï¿½ï¿½ï¿½s Ve,Taylor Swift,clean,all
Something About You,Eyedress,clean,all
Embarrassed (feat. Travis Scott),Don Toliver,explicit,18+
It'll Be Okay,Shawn Mendes,clean,all
Princess Diana (with Nicki Minaj),Ice Spice,explicit,18+
Cartï¿½ï¿½o B,MC Caverinha,clean,all
We Rollin,Shubh,explicit,18+
Tighten Up,The Black Keys,clean,all
8:00 AM,Nicki Nicole,explicit,18+
FANCY,TWICE,clean,all
edamame (feat. Rich Brian),bbno$,explicit,18+
After Hours,The Weeknd,clean,all
Save Me (with Lainey Wilson),Jelly Roll,clean,all
Borderline,Tame Impala,clean,all
Mamaw's House,Thomas Rhett,clean,all
Superpowers,Daniel Caesar,clean,all
Jugaste y Sufrï¿,Eslabon Armado,clean,all
Forever After All,Luke Combs,clean,all
You & Me,JENNIE,clean,all
Lahore,Guru Randhawa,clean,all
Elegï¿½ï¿½ (feat. Dï¿½ï¿½me,Rauw Alejandro,clean,all
Panini,Lil Nas X,clean,all
"Pushpa Pushpa (From ""Pushpa 2 The Rule"") [HINDI]",Mika Singh,clean,all
Yet To Come,BTS,clean,all
ZEZE (feat. Travis Scott & Offset),Kodak Black,explicit,18+
Please Me,Cardi B,explicit,18+
FRIENDS,Marshmello,explicit,18+
Got Me Started,Troye Sivan,explicit,18+
Promiscuous,Nelly Furtado,clean,all
Mayores,Becky G,clean,all
all of me,21 Savage,explicit,18+
The Family Madrigal,Stephanie Beatriz,clean,all
Cumbia Buena,Grupo la Cumbia,clean,all
Energy,Digga D,explicit,18+
Mï¿½ï¿½,Nio Garcia,explicit,18+
Demons,Imagine Dragons,clean,all
You Need To Calm Down,Taylor Swift,clean,all
Desire (with Sam Smith),Calvin Harris,clean,all
love nwantiti (ah ah ah),CKay,explicit,18+
How You Feel (Ft. Leven Kali),ANOTR,clean,all
Porque Te Vas,Victor Cibrian,clean,all
Jericho,Iniko,clean,all
DICE AND ROLL,Odetari,explicit,18+
Bad Habit,Steve Lacy,clean,all
RAPSTAR,Polo G,explicit,18+
Pussy & Millions (feat. Travis Scott),Drake,explicit,18+
Bï¿½ï¿½cane - A COLORS,Yamï¿,explicit,18+
Caramelo,Ozuna,clean,all
Risk,Gracie Abrams,clean,all
PAINTING PICTURES,Superstar Pride,explicit,18+
Tap In,Saweetie,explicit,18+
Mood (feat. iann dior),24kGoldn,explicit,18+
At My Worst,Pink Sweat$,clean,all
Call Out My Name,The Weeknd,clean,all
Funk Estranho,prod.67,clean,all
LA PEOPLE,Peso Pluma,explicit,18+
Slime You Out (feat. SZA),Drake,explicit,18+
wiggy,Young Miko,explicit,18+
MODERN JAM,Travis Scott,explicit,18+
Pure Cocaine,Lil Baby,explicit,18+
Counting stars,OneRepublic,clean,all
How Do You Sleep?,Sam Smith,clean,all
Look Alive (feat. Drake),BlocBoy JB,explicit,18+
Am,Nio Garcia,explicit,18+
Otra vez (feat. J Balvin),Zion & Lennox,clean,all
Dreamers [Music from the FIFA World Cup Qatar 2022 Official Soundtrack],Jung Kook,clean,all
Boss Bitch,Doja Cat,clean,all
Friendly Fire,Linkin Park,clean,all
"What Was I Made For? [From The Motion Picture ""Barbie""]",Billie Eilish,clean,all
Asylum,Olivetheboy,clean,all
Domingo Abacaxi Flamingo,Bolofofos,clean,all
Dil Meri Na Sune,Atif Aslam,clean,all
Kusu Kusu (feat. Pamela Jain),Dev Negi,clean,all
Last Friday Night (T.G.I.F.),Katy Perry,clean,all
Hackearam-me,Marï¿½ï¿½lia Mendo,clean,all
For Tonight,Giveon,clean,all
Girls Just Wanna Have Some,dreamsoda,clean,all
Danza Kuduro,Don Omar,clean,all
Tennessee Whiskey,Chris Stapleton,clean,all
All Eyes On You (feat. Chris Brown & Nicki Minaj),Meek Mill,explicit,18+
JOLENE,Beyoncï¿,clean,all
Love Tonight - Edit,Shouse,clean,all
Yana Yana,Semicenk,clean,all
BEST ON EARTH (feat. BIA) - Bonus,Russ,explicit,18+
Essence (feat. Justin Bieber & Tems),Wizkid,clean,all
295,Sidhu Moose Wala,clean,all
Latch,Disclosure,clean,all
Siempre Pendientes,Peso Pluma,explicit,18+
Looking For The Hoes (Ainï¿½ï¿½ï¿½t My,Sexyy Red,explicit,18+
counting stars (speed up) - Remix,Muppet DJ,clean,all
Ambition For Cash,Key Glock,explicit,18+
Story of My Life,One Direction,clean,all
L'ULTIMA POESIA,Geolier,clean,all
Sarï¿½ï¿½ Perchï¿½ï¿,Esteriore Brothers,clean,all
"I Pï¿½ï¿½ï¿½ ME, TU P",Geolier,clean,all
Moon,Kanye West,clean,all
One Up,Central Cee,clean,all
Despuï¿½ï¿½s de la P,Bad Bunny,clean,all
Acapulco,Jason Derulo,clean,all
Shut Up and Dance,WALK THE MOON,clean,all
BOTH,Tiï¿½ï¿,clean,all
I Am Your Gummy Bear (The Gummy Bear Song),Gummibï¿½,clean,all
Blister In The Sun,Violent Femmes,clean,all
Astronaut In The Ocean,Masked Wolf,explicit,18+
eternal sunshine,Ariana Grande,clean,all
Bï¿½ï¿½ï¿½t Tï¿½ï¿½nh,Tï¿½ï¿½ng Duy,clean,all
Sweet Dreams,Koe Wetzel,clean,all
911,Sech,explicit,18+
Baller,Shubh,clean,all
2 Phones,Kevin Gates,explicit,18+
Marvins Room,Drake,explicit,18+
Nenas,Anni K,clean,all
If the World Was Ending - feat. Julia Michaels,JP Saxe,clean,all
Tarot,Bad Bunny,explicit,18+
Columbia,Quevedo,clean,all
Wasted Love (feat. Lagique),Ofenbach,clean,all
"Perdï¿½ï¿½n, Per",Los ï¿½ï¿½ngeles Az,clean,all
ACHO PR,Bad Bunny,explicit,18+
Cabaï¿½,El Jordan 23,explicit,18+
NARCISSISTIC PERSONALITY DISORDER,Odetari,explicit,18+
Around Me (feat. Don Toliver),Metro Boomin,explicit,18+
Unstoppable,Sia,clean,all
El Efecto,Rauw Alejandro,clean,all
Push Up - Main Edit,Creeds,clean,all
Boogieman,EBK Jaaybo,explicit,18+
Si Fuera Fï¿½ï¿,Grupo Marca Registrada,clean,all
Woo Baby (feat. Chris Brown),Pop Smoke,explicit,18+
Te Vi,Piso 21,clean,all
SEDA,Bad Bunny,explicit,18+
Sky,Playboi Carti,explicit,18+
Ainï¿½ï¿½ï¿½t Tha,Morgan Wallen,explicit,18+
Without Me,Halsey,explicit,18+
Heaven,Kane Brown,clean,all
Muï¿½ï¿½ekita (with El Alfa & JT from City Gi,Kali Uchis,explicit,18+
Spongebob,Dante9k,clean,all
shipping,great area,clean,all
Truth Hurts,Lizzo,explicit,18+
Suavemente,Soolking,clean,all
Where Are You Now,Lost Frequencies,clean,all
You Belong With Me (Taylorï¿½ï¿½ï¿½s Ve,Taylor Swift,clean,all
Puta Mexicana,DJ Jeeh FDC,explicit,18+
NINNIN JACK,IMP.,clean,all
cï¿½ï¿½mo dormi,Rels B,explicit,18+
Tutu,Camilo,clean,all
Si Estuviï¿½ï¿½semos Ju,Bad Bunny,explicit,18+
BOOMBAYAH,BLACKPINK,clean,all
Rich Nigga Shit (feat. Young Thug),21 Savage,explicit,18+
The Motto,Drake,explicit,18+
Baby,Justin Bieber,clean,all
nï¿½ï¿½e,21 Savage,explicit,18+
Inolvidable,Ovy On The Drums,clean,all
This Girl (Kungs Vs. Cookin' On 3 Burners),Kungs,clean,all
Die For You,The Weeknd,clean,all
HAY LUPITA,Lomiiel,clean,all
Heartbroken (feat. Jessie Murph & Polo G),Diplo,clean,all
Desesperados,Rauw Alejandro,explicit,18+
MR. TAKE YA B*TCH (FEAT. CHRISEANROCK),Lil Mabu,explicit,18+
happier,Olivia Rodrigo,explicit,18+
Heartless (feat. Morgan Wallen),Diplo,explicit,18+
Chill Vibes,Tollan Kim,clean,all
The Weekend - Funk Wav Remix,SZA,clean,all
Aquel Nap ZzZz,Rauw Alejandro,explicit,18+
Teeth,5 Seconds of Summer,clean,all
DDU-DU DDU-DU,BLACKPINK,clean,all
YUM YUM (Slowed),LXNGVX,explicit,18+
360,Charli xcx,explicit,18+
Are You Bored Yet? (feat. Clairo),Wallows,clean,all
Work from Home (feat. Ty Dolla $ign),Fifth Harmony,clean,all
WA DA DA,Kep1er,clean,all
Goosebumps - Remix,Travis Scott,explicit,18+
Don't You Worry Child - Radio Edit,Swedish House Mafia,clean,all
World Cup,IShowSpeed,clean,all
Young And Beautiful,Lana Del Rey,clean,all
ýýýýýýýýýýýýýýýýýý (feat. ýýýýýýýýý ýýýýýýýýýýýýýýý & GUNNER),Juepak,clean,all
Thank You (Not So Bad),Dimitri Vegas & Like Mike,clean,all
Iko Iko (My Bestie),Justin Wellington,clean,all
Clouds,BUNT.,clean,all
Head Down,Lost Frequencies,clean,all
Sabran,AL SHAMI,clean,all
Lottery (feat. LU KALA),Latto,explicit,18+
"She Don't Know (From ""Blessed"")",Millind Gaba,clean,all
Happier,Marshmello,clean,all
Tu Perfume,Banda MS de Sergio Lizï¿½ï¿½r,clean,all
My Oh My (feat. DaBaby),Camila Cabello,clean,all
Fruto,Bizarrap,clean,all
"What Jhumka ? (From ""Rocky Aur Rani Kii Prem Kahaani"")",Pritam,clean,all
Hell N Back,Bakar,explicit,18+
Ahora Me Llama,KAROL G,explicit,18+
What Happened To Virgil (feat. Gunna),Lil Durk,explicit,18+
Ch-Ch-Ch Chick (feat. Chick McGee),Bob and Tom,clean,all
HAPPY,NF,clean,all
Save Your Tears - Live,The Weeknd,explicit,18+
Little Foot Big Foot (feat. Young Nudy),Childish Gambino,explicit,18+
Desenrola Bate Joga de Ladin (feat. DJ Biel do Furduncinho),L7NNON,clean,all
The Craving (single version),Twenty One Pilots,clean,all
Tu Turrito,Rei,clean,all
Take A Bite,beabadoobee,clean,all
Saturn,SZA,clean,all
Grey,Yung Filly,clean,all
Every Night,Jungle,clean,all
Banco do Carona,Mc Don Juan,clean,all
Holy Ghost,Omah Lay,clean,all
"Vaathi Coming (From ""Master"")",Anirudh Ravichander,clean,all
"Satranga (From ""Animal"")",Arijit Singh,clean,all
Maps,Maroon 5,clean,all
Wake Up! (feat. Juice WRLD),Ski Mask The Slump God,explicit,18+
Night Bus,KIDS,clean,all
Ya No Vuelvas,Luck Ra,clean,all
Let's Go 4,Mc IG,explicit,18+
Tattoo - Remix with Camilo,Rauw Alejandro,clean,all
Vampiro,Matuï¿,clean,all
Work,Rihanna,explicit,18+
Gitana (feat. Bryartz),Pablo Chill-E,explicit,18+
Lalala - Ilkan Gunuc Remix,Y2K,explicit,18+
Feather - Sped Up,Sabrina Carpenter,explicit,18+
Godï¿½ï¿½ï¿½,Stray Kids,clean,all
We Are Young (feat. Janelle Monï¿½ï¿½e) - feat. Janelle M,fun.,clean,all
Waka Waka (This Time for Africa) [The Official 2010 FIFA World Cup (TM) Song] (feat. Freshlyground),Shakira,clean,all
Cheerleader - Felix Jaehn Remix Radio Edit,OMI,clean,all
South of the Border (feat. Camila Cabello & Cardi B),Ed Sheeran,clean,all
Super Gremlin,Kodak Black,explicit,18+
Overloading (OVERDOSE),Mavins,clean,all
N'y pense plus,Tayc,clean,all
HOPE,NF,clean,all
Ain't No Love In Oklahoma (From Twisters: The Album),Luke Combs,clean,all
Good To Be,Mark Ambor,clean,all
Swervin (feat. 6ix9ine),A Boogie Wit da Hoodie,explicit,18+
Drugs From Amsterdam,Mau P,clean,all
Galaxy Express,D Gerrard,clean,all
Trap Queen,Fetty Wap,explicit,18+
Pointless,Lewis Capaldi,clean,all
Sensational (feat. Davido & Lojay),Chris Brown,explicit,18+
Push Up - Original Mix,Creeds,clean,all
ten,Fred again..,clean,all
It's Not Right But It's Okay,Mr. Belt & Wezol,clean,all
GIVENCHY,Duki,explicit,18+
Jump,Tyla,clean,all
TELEKINESIS,Travis Scott,explicit,18+
VVS Switch,Pressure 9X19,explicit,18+
Candy,Doja Cat,explicit,18+
ýýýýýýýýýýýýýýý,Tatsuya Kitani,clean,all
"Duki: Bzrp Music Sessions, Vol. 50",Bizarrap,clean,all
Brown Munde,AP Dhillon,clean,all
Back to Me,Kanye West,explicit,18+
The One That Got Away,Katy Perry,clean,all
Love Story,Disco Lines,clean,all
Righteous,Juice WRLD,explicit,18+
Madonna,Natanael Cano,explicit,18+
Tï¿½ï¿½,Fuerza Regida,clean,all
Portobello Beach,Quiet as a Mouse,clean,all
"WHATS POPPIN (feat. DaBaby, Tory Lanez &amp; Lil Wayne) - Remix",Jack Harlow,explicit,18+
Mon ami,Tiesco le sultan,explicit,18+
Carry You Home,Alex Warren,clean,all
The Man He Sees in Me,Luke Combs,clean,all
Mï¿½ï¿½lanine (feat. Were,Heuss L'enfoirï¿,explicit,18+
Chase It (Mmm Da Da Da),Bebe Rexha,clean,all
Om Jai Jagdish Hare,Shivali,clean,all
Mi Kryptonita,Doble ONE Flow Letal,clean,all
Derniï¿½ï¿½re d,Indila,clean,all
Get In With Me,Bossman Dlow,explicit,18+
"Sher Khul Gaye (From ""Fighter"")",Vishal-Shekhar,clean,all
Beauty And A Beat,Justin Bieber,clean,all
A Cara do Crime (Nï¿½ï¿½s Incom,Mc Poze do Rodo,explicit,18+
Truth or Dare,Tyla,clean,all
Off The Grid,Kanye West,clean,all
red sky,21 Savage,explicit,18+
Riptide,Vance Joy,clean,all
Gatita,Bellakath,clean,all
willow,Taylor Swift,clean,all
La Vaca Lola,Toy Cantando,clean,all
Pink Venom,BLACKPINK,clean,all
30 GRADOS RKT,RUNE,clean,all
Lehanga,Jass Manak,clean,all
Doja,Central Cee,explicit,18+
Mahiye Jinna Sohna,Darshan Raval,clean,all
"Abrarï¿½ï¿½ï¿½s Entry | Jamal Kudu ""ANIMAL"")",Harshavardhan Rameshwar,clean,all
Lo Aprendï¿½ï¿½ de Ti - HA-ASH Primera Fila - Hecho Realidad [En V,Ha*Ash,clean,all
Sability,Ayra Starr,clean,all
Cï¿½ï¿½MO SE SIENTE - R,Jhay Cortez,explicit,18+
MIA (feat. Drake),Bad Bunny,clean,all
"DANï¿½ï¿½ARINA (feat. Nicky Jam, MC Pedrinho) - R",PEDRO SAMPAIO,clean,all
We Can't Stop,Miley Cyrus,clean,all
Black Beatles,Rae Sremmurd,explicit,18+
Look What You Made Me Do,Taylor Swift,clean,all
Titliaan,Afsana Khan,clean,all
Fuera del mercado,Danny Ocean,explicit,18+
Fazendinha,Mundo Bita,clean,all
Dj Terompet Pemersatu Bangsa,PAMOKHOL ID,clean,all
What Ifs (feat. Lauren Alaina),Kane Brown,clean,all
Igualito a Mi Apï¿,Fuerza Regida,explicit,18+
"Dance For Me (1, 2, 3) - Stutter Techno",Sonny Wern,clean,all
Stay With Me,Calvin Harris,clean,all
Goodbyes (feat. Young Thug),Post Malone,explicit,18+
Type Shit,Future,explicit,18+
Big Jet Plane,Restricted,explicit,18+
God is a woman,Ariana Grande,explicit,18+
Magnolia,Playboi Carti,explicit,18+
Attitude (feat. Charlie Wilson & Cash Cobain),Don Toliver,explicit,18+
So Far Away,Down Time,clean,all
The Thin Grey Line,$uicideboy$,explicit,18+
Patadas de Ahogado,LATIN MAFIA,clean,all
Diabï¿½ï¿½,Cris Mj,explicit,18+
Bilmem Mi?,Sefo,clean,all
Plan A,Paulo Londra,clean,all
Pray For Me,The Weeknd,explicit,18+
FEEL,Davido,clean,all
Toxic Pony,ALTï¿½ï,clean,all
SICKO MODE,Travis Scott,explicit,18+
Someone You Loved,Lewis Capaldi,clean,all
Deep Down (feat. Never Dull),Alok,clean,all
Walking On A Dream,Empire Of The Sun,clean,all
Stole the Show,Kygo,clean,all
Mahiye Jinna Sohna Slowed + Reverb,Darshan Raval,clean,all
Pobre Corazï¿½,Ke Personajes,clean,all
Savage Love (Laxed - Siren Beat),Jawsh 685,explicit,18+
LOCO,ITZY,clean,all
Lady Killers II (Christoph Andersson Remix),G-Eazy,explicit,18+
Hands up!,6arelyhuman,explicit,18+
Uno,Ambjaay,explicit,18+
Love seeker,JO1,clean,all
Faded,Alan Walker,clean,all
Got It On Me,Pop Smoke,explicit,18+
Upa Cavalinho,Galinha Pintadinha,clean,all
Moonwalking in Calabasas (feat. Blueface) - Remix,DDG,explicit,18+
"O Bedardeya (From ""Tu Jhoothi Main Makkaar"")",Pritam,clean,all
Favorite Song,Toosii,clean,all
Feel Special,TWICE,clean,all
Kurchi Madathapetti,Thaman S,clean,all
The London (feat. J. Cole & Travis Scott),Young Thug,explicit,18+
Ni**as In Paris,JAY-Z,explicit,18+
Finesse,Pheelz,clean,all
I Like It,Cardi B,explicit,18+
Ma Fi Leil,Nassif Zeytoun,clean,all
Side To Side,Ariana Grande,explicit,18+
double take,Dhruv,clean,all
More Than My Hometown,Morgan Wallen,clean,all
Hummingbird (Metro Boomin & James Blake),Metro Boomin,clean,all
Noticed,Lil Mosey,explicit,18+
Friesenjung,Ski Aggu,explicit,18+
Pulsar Bike,Bheems Ceciroleo,clean,all
Search & Rescue,Drake,explicit,18+
Corazï¿½ï¿½n F,Jasiel Nuï¿½ï,clean,all
I'm Geekin,DDG,explicit,18+
L$d,Luclover,explicit,18+
No Hay Nadie Mï¿½,Sebastian Yatra,clean,all
Substitution,Purple Disco Machine,clean,all
Body,Megan Thee Stallion,explicit,18+
JEALOUSY (feat. Cardi B),Offset,explicit,18+
KABUKI,Cuckoo Coco,explicit,18+
"Alone, Pt. II",Alan Walker,clean,all
Until I Found You,Stephen Sanchez,clean,all
How To Love,Lil Wayne,clean,all
Starting Over,Chris Stapleton,clean,all
Ai Preto,L7NNON,clean,all
Clash (feat. Stormzy),Dave,explicit,18+
Bubalu,Becky G,clean,all
Saawariya,Aastha Gill,clean,all
Would You (go to bed with me?),Campbell,clean,all
Huntinï¿½ï¿½ï¿½ W,J. Cole,explicit,18+
Late At Night,Roddy Ricch,explicit,18+
Castle on the Hill,Ed Sheeran,clean,all
Fingers Crossed,Lauren Spencer Smith,clean,all
SKITZO,Travis Scott,explicit,18+
La Jeepeta - Remix,Nio Garcia,explicit,18+
Alkool,Melinda Ademi,clean,all
Myself,Bazzi,clean,all
Wasted Summers,juju<3,clean,all
Hurricane,Kanye West,clean,all
Girls Want Girls (with Lil Baby),Drake,explicit,18+
Love 119,RIIZE,clean,all
Lucid Dreams,Juice WRLD,explicit,18+
FE!N (feat. Playboi Carti),Travis Scott,explicit,18+
Mockingbird,Eminem,explicit,18+
Whatï¿½ï¿½ï¿½,Drake,explicit,18+
Back It up and Dump It (Dump Truck),GC Eternal,clean,all
El Perdï¿½,Nicky Jam,clean,all
Jumpshot,Dawin,clean,all
Get Back,Pop Smoke,explicit,18+
Alo,corwinn,explicit,18+
Bones,Imagine Dragons,clean,all
Human,Rag'n'Bone Man,clean,all
Washing Machine Heart,Mitski,clean,all
Life's A Mess (feat. Halsey),Juice WRLD,explicit,18+
Friends,Marshmello,clean,all
More Than You Know,Axwell /\ Ingrosso,clean,all
Happy Birthday,YolyBoy,clean,all
Sign of the Times,Harry Styles,clean,all
Coladin,Zï¿½ï¿½ Vaqu,clean,all
CAN'T SAY,Travis Scott,explicit,18+
Pieces,Danilo Stankovic,clean,all
Ramen & OJ,Joyner Lucas,explicit,18+
Don't,Bryson Tiller,clean,all
Hasta la Raï¿½,Natalia Lafourcade,clean,all
Selfish,Justin Timberlake,clean,all
Nimbu Kharbuja Bhail 2,Khesari Lal Yadav,clean,all
Bï¿½ï¿½ï¿½n ï¿½ï¿½ï¿½ï¿½ï¿½,Karik,clean,all
FBI,Picus,clean,all
Chica Ideal,Sebastian Yatra,clean,all
Until I Found You (with Em Beihold) - Em Beihold Version,Stephen Sanchez,clean,all
Novo Balanï¿½,Veigh,explicit,18+
Bidi Bidi Bom Bom (Remasterizado 2024/30th Anniversary),Selena,clean,all
Experimento,Myke Towers,clean,all
CARNIVAL,ýý$,explicit,18+
Bad Memories (feat. Elley Duhï¿½ï¿½ & FAST,MEDUZA,clean,all
SugarCrash!,ElyOtto,explicit,18+
Teenage Dream,Stephen Dawes,clean,all
I AM WOMAN,Emmy Meli,explicit,18+
Jee Ni Lagda,Karan Aujla,clean,all
Life Goes On,BTS,clean,all
bread & butter,Gunna,explicit,18+
Emotionally Scarred,Lil Baby,explicit,18+
Pink Friday Girls,Nicki Minaj,explicit,18+
Left and Right (Charlie Puth) [feat. Jung Kook of BTS] - Sped Up Version,sped up nightcore,clean,all
Illegal Weapon,Garry Sandhu,clean,all
"Nï¿½ï¿½o, Nï¿½",Mari Fernandez,clean,all
God's Plan,Drake,explicit,18+
M.A.I,Milo j,clean,all
Baarish Ki Jaaye,B Praak,clean,all
COULD BE WRONG,LOSTBOYJAY,clean,all
Asesina - Remix,Brytiago,clean,all
Chosen (feat. Ty Dolla $ign),Blxst,explicit,18+
Se Le Ve,Dï¿½ï¿½melo,explicit,18+
"1, 2, 3 (feat. Jason Derulo & De La Ghetto)",Sofï¿½ï¿½a R,clean,all
Si Te Pudiera Mentir,Calibre 50,clean,all
Self Care,Mac Miller,explicit,18+
Beautiful Things,Benson Boone,clean,all
older,Isabel LaRosa,clean,all
N95,Kendrick Lamar,explicit,18+
Ta Ta Ta,Bayanni,explicit,18+
Coco Chanel,Eladio Carrion,explicit,18+
"24/7, 365",elijah woods,clean,all
GATA ONLY (Con Cris MJ),FloyyMenor,clean,all
Kill Bill,SZA,clean,all
"Love Me Like You Do - From ""Fifty Shades Of Grey""",Ellie Goulding,clean,all
Dah Dah DahDah,Nardo Wick,explicit,18+
Wild Thoughts,DJ Khaled,explicit,18+
Tuesday (feat. Drake),ILOVEMAKONNEN,explicit,18+
Passinho Debochado,Dan Ventura,clean,all
Higher Love,Kygo,clean,all
Pacto (feat. Luar La L),Jay Wheeler,explicit,18+
Wonder,Shawn Mendes,clean,all
LA PEOPLE II,Peso Pluma,explicit,18+
Whatever,Kygo,clean,all
ýýýýýýýý,Jah Khalib,clean,all
Let Me Know (I Wonder Why Freestyle),Juice WRLD,explicit,18+
No Se Va,Grupo Frontera,clean,all
ýýýýýýýýýýýýýýý,Mrs. GREEN APPLE,clean,all
EASY,LE SSERAFIM,clean,all
INFERNO,Sub Urban,clean,all
Only Love Can Hurt Like This (feat. Teddy Swims) - Remix,Paloma Faith,clean,all
SORRY NOT SORRY,"Tyler, The Creator",explicit,18+
Loucura,Borges,explicit,18+
Mask Off,Future,explicit,18+
ALV,Arcï¿½ï¿½,clean,all
bigger thï¿½ï¿½n everyt,Yeat,explicit,18+
Sprinter,Dave,explicit,18+
For The Night (feat. Lil Baby & DaBaby),Pop Smoke,explicit,18+
Volvï¿,Aventura,explicit,18+
DARBA 9ADIYA,Moha K,clean,all
ID,Young Miko,explicit,18+
ON,BTS,clean,all
GoodSin,Olivetheboy,explicit,18+
Linda Guajira,Mongo Santamaria,clean,all
EL MAKINON,KAROL G,clean,all
You Got It,Vedo,explicit,18+
WANDA,Quevedo,clean,all
Me & U,Tems,clean,all
Hands,Dianï¿½,clean,all
K-POP,Travis Scott,explicit,18+
back to the moon,Gunna,explicit,18+
Speed Drive (From Barbie The Album),Charli xcx,clean,all
El Avioncito,Giblack,clean,all
Call Me Maybe,Carly Rae Jepsen,clean,all
Solo Conmigo,Romeo Santos,clean,all
Entra Na Defender,Luan Pereira,clean,all
Fotos Y Recuerdos (Remasterizado 2024/30th Anniversary),Selena,clean,all
Panda,Desiigner,explicit,18+
EMPELOTICA,Lenny Tavï¿½ï¿,explicit,18+
Baila Baila Baila,Ozuna,clean,all
Djadja,Aya Nakamura,clean,all
Raja Ji Ke Dilwa,Pawan Singh,clean,all
Better Together,Luke Combs,clean,all
Bodak Yellow,Serranow,clean,all
Tï¿½ï¿,DENNIS,clean,all
505,Arctic Monkeys,clean,all
Vamp Anthem,Playboi Carti,explicit,18+
Where Have You Been,Rihanna,clean,all
Tip Toe (feat. French Montana),Jason Derulo,clean,all
Pollito Amarillito,Gallina Pintadita,clean,all
Bellyache,Billie Eilish,clean,all
Revisando El Celu,HCTM,clean,all
Die Hard,Kendrick Lamar,explicit,18+
Bound 2,Kanye West,explicit,18+
Amorfoda,Bad Bunny,clean,all
Best Part (feat. H.E.R.),Daniel Caesar,clean,all
Nxde,(G)I-DLE,clean,all
Only Human,Jonas Brothers,clean,all
Patadas de Ahogado / LATIN MAFIA - Rework,HUGEL,clean,all
Outskirts,Sam Hunt,clean,all
"Genius (feat. Sia, Diplo, and Labrinth)",Sia,clean,all
Ley Seca,Jhay Cortez,clean,all
Felices los 4,Maluma,clean,all
Heartbreak Anniversary,Giveon,clean,all
Own Brand Freestyle,FelixThe1st,explicit,18+
Fulanito,Becky G,clean,all
Bounce Back,Big Sean,explicit,18+
La Forma en Que Me Miras,Super Yei,clean,all
Payphone,Maroon 5,explicit,18+
Avalon,$uicideboy$,explicit,18+
Supera,Marï¿½ï¿½lia Mendo,clean,all
Pursuit Of Happiness (nightmare),Kid Cudi,explicit,18+
GMFU (w/ 6arelyhuman),Odetari,explicit,18+
BODYGUARD,Beyoncï¿,explicit,18+
"Srivalli (From ""Pushpa The Rise Part - 01"")",Javed Ali,clean,all
Dj Gamm Gamm Piri Slow,DJ BAHBUS,clean,all
Your Love (9PM),ATB,clean,all
Los Collares,Oscar Maydon,clean,all
10:35,Tiï¿½ï¿,clean,all
Champagne Poetry,Drake,explicit,18+
Florida!!! (feat. Florence + the Machine),Taylor Swift,explicit,18+
"ýý Isso Bebýý, Týý Certa!",Mc IG,explicit,18+
NEON BLADE,MoonDeity,explicit,18+
Stuck In The Middle,BABYMONSTER,clean,all
Sorry Not Sorry,Demi Lovato,explicit,18+
Aman Gï¿½ï¿½zel Yavaï¿½ï¿,Halodayï¿,clean,all
I'm Not The Only One,Sam Smith,clean,all
ASAP,NewJeans,clean,all
"Fear Song (From ""Devara Part 1"") [Tamil]",Anirudh Ravichander,clean,all
New Jeans,NewJeans,clean,all
Automotivo Bibi Fogosa,Bibi Babydoll,explicit,18+
Toxic,BoyWithUke,clean,all
The Kind of Love We Make,Luke Combs,clean,all
No Es por Acï¿,Carin Leon,clean,all
Quiere Beber,Anuel AA,clean,all
STUPID IN LOVE (feat. HUH YUNJIN of LE SSERAFIM),MAX,clean,all
Always This Same Old Song,Bingo Club,clean,all
Fuk Sumn,Kanye West,explicit,18+
Tombstone,Rod Wave,explicit,18+
Midnight Rain,Taylor Swift,clean,all
Take What You Want (feat. Ozzy Osbourne & Travis Scott),Post Malone,clean,all
Lahore Brand,Mazhar Rahi,clean,all
Supernova,SAIKO,clean,all
Yo Ya No Vuelvo Contigo - En Vivo,Grupo Firme,clean,all
Just Wanna Rock,Lil Uzi Vert,explicit,18+
Spicy Margarita,Jason Derulo,clean,all
Body (feat. Cash Cobain),A Boogie Wit da Hoodie,explicit,18+
Upside Down,JVKE,clean,all
Light Switch,Charlie Puth,clean,all
Aigiri Nandini,Nagavalli,clean,all
B.O.T.A. (Baddest Of Them All) - Edit,Eliza Rose,clean,all
BAND4BAND,Central Cee,explicit,18+
Vette Motors,YoungBoy Never Broke Again,explicit,18+
die,lucidbeatz,clean,all
Pï¿½ï¿½,Standly,clean,all
Old Town Road,Lil Nas X,clean,all
UK Rap,Dave,explicit,18+
Fouji Fojan Lofi 2 (feat. Aamin Barodi & Sapna Choudhary),Raj Mawer,clean,all
Hold On,Chord Overstreet,clean,all
"Cayï¿½ï¿½ La Noche (feat. Cruz Cafunï¿½ï¿½, Abhir Hathi, Bejo, EL IMA)",La Pantera,explicit,18+
Mwaki,Zerb,clean,all
Dancing On My Own,Calum Scott,clean,all
Lemonade,Internet Money,explicit,18+
F**kin' Problems,A$AP Rocky,explicit,18+
"Tum Se (From ""Teri Baaton Mein Aisa Uljha Jiya"")",Sachin-Jigar,clean,all
wait in the truck (feat. Lainey Wilson),HARDY,clean,all
ýýýýýýýýýý ýýýý ýýýýýý ýýýýýýýý,ýýýýýýýýýý ýýýýýýýý,clean,all
Me Porto Bonito,Renzo Pianciola,clean,all
moment,Vierre Cloud,clean,all
Savage (feat. Beyoncï¿½ï¿½) - R,Megan Thee Stallion,explicit,18+
I Am Not Okay,Jelly Roll,clean,all
My House,Flo Rida,clean,all
Rags2Riches 2 (feat. Lil Baby),Rod Wave,explicit,18+
Quicksand,Morray,explicit,18+
The Middle,Zedd,clean,all
Friday (feat. Mufasa & Hypeman) - Dopamine Re-Edit,Riton,clean,all
Drums (Feat. Kim Petras),James Hype,clean,all
Dandelions,Ruth B.,clean,all
Hey Lil Mamï¿,Eladio Carrion,clean,all
SAD GIRLZ LUV MONEY Remix (feat. Kali Uchis and Moliy),Amaarae,explicit,18+
Original som fan,OP,clean,all
Khalasi | Coke Studio Bharat,Aditya Gadhvi,clean,all
Arcade,Duncan Laurence,clean,all
Miss The Rage (feat. Playboi Carti),Trippie Redd,explicit,18+
Sharks,Imagine Dragons,clean,all
GHOST!,phonk.me,clean,all
The Hills,The Weeknd,explicit,18+
pa,TINI,clean,all
Chasing That Feeling,TOMORROW X TOGETHER,clean,all
Those Oldies but Goodies,Little Caesar & the Romans,clean,all
Wife,(G)I-DLE,clean,all
The Bigger Picture,Lil Baby,explicit,18+
De Fresa y Coco,Luis R Conriquez,clean,all
Adan y Eva,Paulo Londra,clean,all
IDOL,BTS,clean,all
Thunder,Gabry Ponte,clean,all
Favorite Song - Sped Up,Toosii,clean,all
2 Be Loved (Am I Ready),Lizzo,explicit,18+
Mirrors,Justin Timberlake,clean,all
Laugh Now Cry Later (feat. Lil Durk),Drake,explicit,18+
Por Clave el 13,Betillo Guerrero,explicit,18+
I'm Yours,Jason Mraz,clean,all
Exchange,Bryson Tiller,explicit,18+
Minefields,Faouzia,clean,all
Bad boy,Marwa Loud,clean,all
"Ay, DiOs Mï¿½ï",KAROL G,clean,all
Alone,Rod Wave,explicit,18+
THIS YEAR (Blessings),Victor Thompson,clean,all
Rude,MAGIC!,clean,all
Boyz Don't Cry,Rod Wave,clean,all
Last Last,Burna Boy,clean,all
3:15 (Breathe),Russ,explicit,18+
Under The Influence,Chris Brown,explicit,18+
085 - Ao Vivo,MC Rogerinho,explicit,18+
Uptown Funk,Mark Ronson,explicit,18+
Quickie,Moneybagg Yo,explicit,18+
In Your Eyes,The Weeknd,explicit,18+
Love On The Brain,Rihanna,explicit,18+
Takeaway,The Chainsmokers,clean,all
Bad and Boujee (feat. Lil Uzi Vert),Migos,explicit,18+
Zhurek,Adam,clean,all
MONEY AND VIBES,Nemzzz,explicit,18+
Where It Ends,Bailey Zimmerman,clean,all
Self Love (Spider-Man: Across the Spider-Verse),Metro Boomin,clean,all
De Vuelta Pa' La Vuelta,Daddy Yankee,clean,all
Cruise,Florida Georgia Line,clean,all
Lisa,Young Miko,explicit,18+
"Ranjithame (From ""Varisu"")",Thalapathy Vijay,clean,all
Need It (feat. YoungBoy Never Broke Again),Migos,explicit,18+
H.Y.B. (feat. Bas & Central Cee),J. Cole,explicit,18+
Murder,Bgnzinho,explicit,18+
Blame,Calvin Harris,clean,all
Daru Badnaam,Param Singh,clean,all
Verte Ir,DJ Luian,clean,all
Que Vuelvas,Carin Leon,explicit,18+
Addicted,Zerb,explicit,18+
Straightenin,Migos,explicit,18+
Here With Me,d4vd,clean,all
Again,Kurochuu,clean,all
Flowers,Lauren Spencer Smith,explicit,18+
Hello,Muramatsu Karaoke,clean,all
Gas Pedal,Sage The Gemini,explicit,18+
Never Be the Same,Camila Cabello,clean,all
Ignite,Alan Walker,clean,all
rockstar (feat. 21 Savage),Post Malone,explicit,18+
Can't Have Mine,Dylan Scott,clean,all
Close To You,Gracie Abrams,clean,all
Sign on the Door,Dora Lachaise,clean,all
Back for More (with Anitta),TOMORROW X TOGETHER,clean,all
Trampoline,SHAED,clean,all
DORA,FARIANA,explicit,18+
La Vï¿½ï¿½c,Xavi,explicit,18+
Komet,Udo Lindenberg,clean,all
Queencard,(G)I-DLE,clean,all
pushin P (feat. Young Thug),Gunna,explicit,18+
"Akh Lad Jaave (From ""Loveyatri"")",Badshah,clean,all
ýýýýýý,YOASOBI,clean,all
Set Me Free Pt.2,Jimin,explicit,18+
Get A Guitar,RIIZE,clean,all
Everybody make some Tik Tok,Bounce Oï¿½ï¿½ï¿,clean,all
Parï¿½,Ingratax,clean,all
messy in heaven,venbee,clean,all
Bijlee Bijlee,Harrdy Sandhu,clean,all
La Gozadera,Gente De Zona,clean,all
No Te Contaron Mal,Christian Nodal,clean,all
"Give Me Everything (feat. Ne-Yo, Afrojack & Nayer)",Pitbull,clean,all
LOVE. FEAT. ZACARI.,Kendrick Lamar,explicit,18+
Diva Yorgun,Melike ï¿½ï¿½,clean,all
La Jumpa,Arcï¿½ï¿½,explicit,18+
PRIMER AVISO,Maria Becerra,clean,all
Always,Daniel Caesar,explicit,18+
Girls,aespa,clean,all
Hall of Fame (feat. will.i.am),The Script,clean,all
CHORRITO PA LAS ANIMAS,Feid,explicit,18+
Lottery (Renegade),K CAMP,explicit,18+
Who Told You (feat. Drake),J Hus,explicit,18+
In The Stars,Benson Boone,clean,all
Reggaeton Champagne,Bellakath,explicit,18+
Halfway To Hell,Jelly Roll,clean,all
Slow Dancing,V,clean,all
Flashback (feat. Gazo),Favï¿,explicit,18+
Can't Hold Us - feat. Ray Dalton,Macklemore & Ryan Lewis,clean,all
I LUV IT (feat. Playboi Carti),Camila Cabello,explicit,18+
Shotta Flow,NLE Choppa,explicit,18+
Circo Loco,Drake,explicit,18+
Aguacero,Bad Bunny,clean,all
stellar,.diedlonely,clean,all
IDGAF (feat. Chris Brown and Mariah the Scientist),Tee Grizzley,clean,all
Canï¿½ï¿½n Saï¿½ï,Semicenk,clean,all
BESO,ROSALï¿½,clean,all
Streets,Doja Cat,explicit,18+
These Words,Badger,clean,all
Temporary pyar,Kaka,clean,all
Fly high to cloud nine,Terry Flow,explicit,18+
BOMBï¿½,Daddy Yankee,explicit,18+
Overcompensate (edit),Twenty One Pilots,clean,all
Do It To It,ACRAZE,clean,all
Already Rich,Yeat,explicit,18+
Lucky Girl Syndrome,ILLIT,clean,all
If You Want Love,NF,clean,all
Fadeaway,BCD Studio,clean,all
Don't Let Me Down,The Chainsmokers,clean,all
Heaven,Niall Horan,clean,all
Pakistan,D-Block Europe,explicit,18+
Don't Go Insane,DPR IAN,clean,all
NOSTYLIST,Destroy Lonely,explicit,18+
Way down We Go,KALEO,clean,all
Impossible,RIIZE,clean,all
Back On 74,Jungle,clean,all
iSpy (feat. Lil Yachty),KYLE,explicit,18+
La Bebe - Remix,Yng Lvcas,explicit,18+
RUNAWAY,KAYDEN,clean,all
Los Cachos,Piso 21,clean,all
Enough,charlieonnafriday,clean,all
REINA,Mora,explicit,18+
WY@,Brent Faiyaz,explicit,18+
Enchanted (Taylor's Version),Taylor Swift,clean,all
MANDA BALA,Ariis,clean,all
Ameno Amapiano Remix (You Wanna Bamba),Goya Menor,explicit,18+
ýýQuýý Nos Pasýý?,Anuel AA,explicit,18+
Mas Rica Que Ayer,Anuel AA,explicit,18+
Fuck Love (feat. Trippie Redd),XXXTENTACION,explicit,18+
The Last Goodbye (feat. Bettye LaVette),ODESZA,clean,all
Back to the Beat,DJ TikTok,clean,all
Ahora Dice,Chris Jedi,clean,all
FLOWER,JISOO,clean,all
Flowers,Miley Cyrus,clean,all
"I'm A Star - From ""Wish""",Wish - Cast,clean,all
Blinding Lights,xSyborg,clean,all
Lihim,Arthur Miguel,clean,all
BABY NUEVA,Bad Bunny,explicit,18+
Summer Days (feat. Macklemore & Patrick Stump of Fall Out Boy),Martin Garrix,explicit,18+
La Triple T,TINI,clean,all
Waffle House,Jonas Brothers,clean,all
When I Was Your Man,Bruno Mars,clean,all
No Idea,Don Toliver,clean,all
Egwu,Chike,clean,all
You,Willy Paul,clean,all
LET'S GET FKD UP,Alok,explicit,18+
Single Again,Harmonize,clean,all
Yimmy Yimmy,Tayc,clean,all
banking on me,Gunna,explicit,18+
Religiously,Bailey Zimmerman,clean,all
Endless Summer,Alan Walker,explicit,18+
3D (feat. Jack Harlow),Jung Kook,explicit,18+
THE LONELIEST,Mï¿½ï¿½ne,clean,all
The Night We Met,Lord Huron,clean,all
Kokomo,The Beach Boys,clean,all
SHEESH,BABYMONSTER,clean,all
Illusion,Dua Lipa,explicit,18+
GOD'S COUNTRY,Travis Scott,explicit,18+
THE SCOTTS,THE SCOTTS,explicit,18+
No Love,Summer Walker,explicit,18+
Disaster,KSLV Noh,clean,all
El Gavilï¿½,Luis R Conriquez,clean,all
Back Then Right Now,Tyler Hubbard,clean,all
on one tonight,Gunna,explicit,18+
Rich Spirit,Kendrick Lamar,explicit,18+
Calling For You (feat. 21 Savage),Drake,explicit,18+
On My Love,Zara Larsson,clean,all
Unforgettable,French Montana,explicit,18+
See You Dance (Extended Mix),DJ Meetch,clean,all
Ali Cabbar,Emir Can ï¿½ï¿½ï,clean,all
Forget Me,Lewis Capaldi,clean,all
Baddie,IVE,clean,all
El Beneficio De La Duda,Grupo Firme,clean,all
Yes Indeed,Lil Baby,explicit,18+
Dial Drunk,Noah Kahan,explicit,18+
Fuga Pa Cali 2,Grupo Los de la O,explicit,18+
Seasons,Thirty Seconds To Mars,explicit,18+
Enjoy Enjaami,Dhee,clean,all
bury a friend,Billie Eilish,clean,all
Like What (Freestyle),Cardi B,explicit,18+
Spokojnie,HOT DONUTS,clean,all
Dusk Till Dawn (feat. Sia),ZAYN,clean,all
Watching Yourself Being Born,Blush Response,clean,all
Casei Com a Putaria,Mc Paiva ZS,explicit,18+
Sweet Venom,ENHYPEN,clean,all
Halloween,Blood Dance,clean,all
Casper,Takeoff,explicit,18+
Shorty Party,Cartel De Santa,explicit,18+
Milf Song,The Puddleducks,clean,all
500lbs,Lil Tecca,explicit,18+
Favorito,Camilo,clean,all
ýýýýýýýýýýýýýý ýýýýýýýý,ýýýýýýýýýýýý ýýýýýýýýýýýýýý,clean,all
Sugardaddy,Roxy Dekker,clean,all
He Ya Pyar Sajena,TOADI,clean,all
Get You The Moon (feat. Snï¿½ï,Kina,clean,all
Midas Touch,KISS OF LIFE,clean,all
Hundred Miles (Sped Up Version),Yall,clean,all
No Te Quieren Conmigo,Gaby Music,clean,all
Calor,Nicky Jam,clean,all
"...And to Those I Love, Thanks for Sticking Around",$uicideboy$,explicit,18+
Firework,Katy Perry,clean,all
Young Dumb & Broke,Khalid,clean,all
Besos En Guerra,Morat,clean,all
All Out Of Fight,P!nk,clean,all
Losing Interest - Original Mix,Goovex,clean,all
Freaky Deaky,Tyga,explicit,18+
Hep Mi Ben,Ayaz Erdoï¿½ï,clean,all
ýýýýýýýýýýýýýýýýýýýýýýýýýýýýýýýýýýýý,YOUNGOHM,explicit,18+
Gypsy,G.D. Kaur,clean,all
Loading,Central Cee,explicit,18+
"Young, Wild & Free (feat. Bruno Mars)",Snoop Dogg,clean,all
Save Me The Trouble,Dan + Shay,clean,all
Beat Automotivo Tan Tan Tan Viral,WZ Beat,clean,all
Hold On,Justin Bieber,clean,all
Komang,Raim Laode,clean,all
Bad Decisions (with BTS & Snoop Dogg),benny blanco,clean,all
The Greatest,Sia,clean,all
Leja Re,Dhvani Bhanushali,clean,all
I Don't Care (with Justin Bieber),Ed Sheeran,explicit,18+
Mil Preguntas,Q' Lokura,clean,all
Glock In My Lap,21 Savage,explicit,18+
Your Power,Billie Eilish,clean,all
WASTE,Kxllswxtch,explicit,18+
Armageddon,aespa,clean,all
Close Friends (Lil Baby & Gunna),Lil Baby,explicit,18+
DOLLAZ ON MY HEAD (feat. Young Thug),Gunna,explicit,18+
Heavy On My Heart,LUCKI,explicit,18+
The Alchemy,Taylor Swift,clean,all
Kalkatiya Raja,Pawan Singh,clean,all
Ella Quiere Beber - Remix,Anuel AA,clean,all
Se Te Nota (with Guaynaa),Lele Pons,clean,all
I Fck Up,Prince Ayaya,explicit,18+
All By Myself,Alok,clean,all
2002 - Remix,Shaun Reynolds,clean,all
Freak (feat. REI AMI),Sub Urban,clean,all
Reggaetï¿½ï¿½n Lento (Baile,CNCO,clean,all
Take My Name,Parmalee,clean,all
Pompeii,Bastille,clean,all
Si Te La Encuentras Por Ahï¿,Feid,clean,all
TABU.,Yung Yury,clean,all
We Found Love,Rihanna,clean,all
Bori,6ix9ine,clean,all
OMG,NewJeans,clean,all
3 Haselnï¿½ï¿,Jaques Raupï¿,clean,all
No Type,Rae Sremmurd,explicit,18+
La Santa,Bad Bunny,explicit,18+
Life Goes On,Oliver Tree,clean,all
Mil Veces,Anitta,clean,all
Love Me JeJe,Tems,clean,all
Runaway (U & I) [Dance],MELON,clean,all
Batï¿½ï¿½k,Semicenk,clean,all
Shut up My Moms Calling - (Sped Up),Hotel Ugly,clean,all
Forever,Labrinth,clean,all
One Of Them Girls,Lee Brice,clean,all
Don't Mind,Kent Jones,explicit,18+
Close Eyes,DVRST,explicit,18+
ýýýýýýýýýýýýýýýýýýýýýýýýýýýýýýýýýýýýýýýýýýýýýýýýýýýýýý,ýýýýýýýýý ýýýýýýýýýýýýýýýýýýýýý,clean,all
Savage Love,Jason Derulo,clean,all
Skibidi,Little Big,clean,all
Raja Ji,Pawan Singh,clean,all
Hotel,Montell Fish,clean,all
En El Radio Un Cochinero,Victor Cibrian,clean,all
WHERE SHE GOES,Bad Bunny,explicit,18+
Fuentes de Ortiz,Ed Maverick,explicit,18+
Slumber Party (feat. Princess Nokia),Ashnikko,explicit,18+
Malvadï¿½ï¿,Xamï¿,clean,all
Maybach (feat. Future),42 Dugg,explicit,18+
STAR WALKIN' (League of Legends Worlds Anthem),Lil Nas X,explicit,18+
Zona De Perigo,Leo Santana,clean,all
ART,Tyla,clean,all
BILLIE EILISH.,Armani White,explicit,18+
Para de Mentir,Oruam,clean,all
Moonlight,Kali Uchis,clean,all
300 Noches,Belinda,explicit,18+
The Real Slim Shady,Eminem,explicit,18+
GATï¿½ï¿½,KAROL G,clean,all
Pretty Girls,Frenna,clean,all
MANIAC,VIVIZ,clean,all
ýýýýýýýýýýýýýýýýýýýýýýýýýýýýýýýýý Feat. TNDTLE,NOAH,clean,all
Un Desperdicio,Rels B,clean,all
Heather,Conan Gray,clean,all
SKINNY,Billie Eilish,clean,all
Hood By Air Freestyle,Baby Flaco,clean,all
Vete,Bad Bunny,explicit,18+
Shape of You,xSyborg,clean,all
679 (feat. Remy Boyz),Fetty Wap,explicit,18+
10 Carros,Chefin,explicit,18+
idfc,blackbear,explicit,18+
Corazï¿½ï¿½n Roto - R,Brray,explicit,18+
We Are The People - southstar Remix,Empire Of The Sun,clean,all
Toki,Casper Magico,clean,all
Monica,Kuami Eugene,explicit,18+
Feel It Still,Portugal. The Man,clean,all
Prada (Valexus Remix),cassï¿,explicit,18+
Shameless,Camila Cabello,clean,all
Different 'Round Here,Riley Green,clean,all
Stuck In The Middle,Tai Verdes,explicit,18+
We Don't Fight Anymore (feat. Chris Stapleton),Carly Pearce,clean,all
MAMACITA,Black Eyed Peas,explicit,18+
Numb,Linkin Park,clean,all
Hoy,Valentino Merlo,clean,all
Grenade,Bruno Mars,clean,all
Renegades,X Ambassadors,clean,all
Vem Desestressar,MC PH,explicit,18+
Tennessee Orange,Megan Moroney,clean,all
Sisa Rasa,Mahalini,clean,all
Fim de Semana no Rio,Teto,explicit,18+
Shoong! (feat. LISA of BLACKPINK),TAEYANG,clean,all
I love you,Dadju,clean,all
0800 HEAVEN,Nathan Dawe,clean,all
United In Grief,Kendrick Lamar,explicit,18+
Stolen Dance,Milky Chance,clean,all
Pagli Dekhave Agarbatti,Neelkamal Singh,clean,all
"thank u, next",Ariana Grande,explicit,18+
MELTDOWN (feat. Drake),Travis Scott,explicit,18+
THE GREATEST,Billie Eilish,clean,all
Location (feat. Burna Boy),Dave,explicit,18+
The Woo (feat. 50 Cent & Roddy Ricch),Pop Smoke,explicit,18+
Coup du marteau,Tam Sir,clean,all
Butter,BTS,clean,all
"Leave Em Alone (Layton Greene, Lil Baby feat. City Girls, PnB Rock)",Quality Control,explicit,18+
Desconocidos,Mau y Ricky,explicit,18+
SWEET / I THOUGHT YOU WANTED TO DANCE,"Tyler, The Creator",explicit,18+
Little Bit of Love,Tom Grennan,clean,all
SWIPE,ALYPH,clean,all
The Less I Know The Better,Tame Impala,explicit,18+
MALA SANTA,Becky G,clean,all
Chemical,Post Malone,explicit,18+
Entrapreneur,Central Cee,explicit,18+
"His & Hers (feat. Don Toliver, Lil Uzi Vert & Gunna)",Internet Money,explicit,18+
In the morning,ITZY,clean,all
Buss It,Erica Banks,explicit,18+
BBY BOO,iZaak,explicit,18+
Wake Up (feat. Chris Brown),Skylar Blatt,explicit,18+
Hari Hari Odhani,Pawan Singh,clean,all
LUNA,Feid,clean,all
She Make It Clap,Soulja Boy,explicit,18+
GUCCI LOS PAï¿½ï,KAROL G,explicit,18+
One Thing At A Time,Morgan Wallen,clean,all
Piyar Farak Wali,Pawan Singh,clean,all
"Taki Taki (feat. Selena Gomez, Ozuna & Cardi B)",DJ Snake,explicit,18+
Juju On That Beat (TZ Anthem),Zay Hilfigerrr,clean,all
intro (end of the world),Ariana Grande,explicit,18+
Rasputin,Majestic,clean,all
Man Made A Bar (feat. Eric Church),Morgan Wallen,clean,all
Kya Baat Ay,Harrdy Sandhu,clean,all
Dayanamï¿½ï¿½y,Kerim Araz,clean,all
Aria,Argy,clean,all
Small Town Boy,Dustin Lynch,clean,all
Dembow,Danny Ocean,clean,all
Bamba (feat. Aitch & BIA),Luciano,explicit,18+
Good Feeling,Flo Rida,clean,all
Hope,XXXTENTACION,explicit,18+
How You Like That,BLACKPINK,clean,all
Peaches,Jack Black,clean,all
Ojitos Rojos,Grupo Frontera,clean,all
Love Galore,SZA,explicit,18+
Stuck with U (with Justin Bieber),Ariana Grande,clean,all
Love Terremoto - Ao Vivo,Os Barï¿½ï¿½es Da Pisad,clean,all
Aesthetic,Xilo,explicit,18+
S-Class,Stray Kids,clean,all
Stereo Love - Melodic,Edward Maya,clean,all
The Motto,Tiï¿½ï¿,clean,all
Like I Want You,Giveon,clean,all
Stay With Me,1nonly,explicit,18+
THE BOX MEDLEY FUNK 2,THE BOX,clean,all
La Morocha,Luck Ra,clean,all
ýýýýýýýý ýýýýýýýýýý - ýýýýýýýýýý,DJW9,clean,all
No Money,Galantis,clean,all
Cari Mama Muda (Senorita Joven) - Original Mix,Carella,clean,all
Pelele,Morad,clean,all
Robbery,Juice WRLD,explicit,18+
Swag Se Swagat,Neha Bhasin,clean,all
Cï¿½ï¿½ï¿½t ï¿½ï¿½ï¿½ï¿,Tï¿½ï¿½ng Duy,clean,all
What They Want,Russ,explicit,18+
No Role Modelz,J. Cole,explicit,18+
In A Minute,Lil Baby,explicit,18+
Queen of Mean,Sarah Jeffery,clean,all
so american,Olivia Rodrigo,explicit,18+
When It Rains It Pours,Luke Combs,clean,all
Bangarang (feat. Sirah),Skrillex,explicit,18+
Yakï¿½ï¿½ï¿½ï,Kï¿½ï,clean,all
The Color Violet,Tory Lanez,clean,all
Zapateado Encabronado #3,Alacranes Musical,clean,all
Martin & Gina,Polo G,explicit,18+
El Caballito,FARIANA,explicit,18+
Vida Gangster,Lauty Gram,explicit,18+
Easy On Me,Adele,clean,all
Paradise,Sophie and the Giants,clean,all
Cha Cha Cha,Kï¿½ï¿½ï¿½,clean,all
NADIE SABE,Bad Bunny,explicit,18+
Dhani Ho Sab Dhan,Pawan Singh,clean,all
Crazy Story,King Von,explicit,18+
Attention,Doja Cat,explicit,18+
Toyour ï¿½ï¿½ï¿,Rasha Nahas,clean,all
Sucker,Jonas Brothers,clean,all
Run It Up (feat. Offset & Moneybagg Yo),Lil Tjay,explicit,18+
UN DIA (ONE DAY) (Feat. Tainy),J Balvin,clean,all
Todo De Ti,Rauw Alejandro,explicit,18+
"The Banjo Beat, Pt. 1",Ricky Desktop,clean,all
Pink + White,Frank Ocean,clean,all
Cuando Nadie Ve,Morat,clean,all
Sweetest Pie,Megan Thee Stallion,explicit,18+
MONEY ON THE DASH - SPED UP,Elley Duhï¿,clean,all
River,Miley Cyrus,clean,all
"How Far I'll Go - From ""Moana""",Alessia Cara,clean,all
Piece Of Your Heart,MEDUZA,clean,all
Corrido de Juan Armenta,Vicente Fernï¿½ï¿½,clean,all
"Sheï¿½ï¿½ï¿½s Gone, Da",Disclosure,clean,all
Funk do Patinho,Bento e Totï¿,clean,all
"SG (with Ozuna, Megan Thee Stallion & LISA of BLACKPINK)",DJ Snake,explicit,18+
X,Nicky Jam,clean,all
Made You Look,Meghan Trainor,clean,all
Sudden Shower,Eclipse,clean,all
Let's Love,Sia,clean,all
About You,The 1975,clean,all
hotline (edit),Billie Eilish,clean,all
Oublie-moi,Emkal,explicit,18+
WATATI (feat. Aldo Ranks) [From Barbie The Album],KAROL G,clean,all
Birds In The Sky,New Era,clean,all
Dark Matter,Pearl Jam,clean,all
UNA NOCHE EN MEDELLï¿½ï¿½N - R,KAROL G,explicit,18+
Cool Kids,Echosmith,clean,all
ýýýýýýýýýýýýýýýýýýýýýýýýýýýýýýýýýýýýýýýýýý,ýýýýýýýýýýýýýýý ýýýýýýýýýýýýýýý,clean,all
Tï¿½ï¿½moignage (L,Eunice Manyanga,clean,all
8am in Charlotte,Drake,explicit,18+
Nï¿½ï¿½o Vou Nam,DJ Ws da Igrejinha,explicit,18+
El Envidioso,Los Dos Carnales,clean,all
LAISSE MOI,KeBlack,explicit,18+
Body Like A Back Road,Sam Hunt,clean,all
Happy Birthday,Jovanie,clean,all
Moves Like Jagger - Studio Recording From The Voice Performance,Maroon 5,clean,all
Stir Fry,Migos,explicit,18+
Engana Dizendo Que Ama,Veigh,explicit,18+
DIE,Gazo,explicit,18+
Sugar,Maroon 5,explicit,18+
7 Years,Lukas Graham,clean,all
The Sound Of Silence,Disturbed,clean,all
Alucin,Eugenio Esquivel,explicit,18+
SPOT!,ZICO,clean,all
"This Wish - From ""Wish""",Ariana DeBose,clean,all
Chandelier,Sia,clean,all
AMARGURA,KAROL G,explicit,18+
Father Stretch My Hands Pt. 1,Kanye West,explicit,18+
ýýýýýýýýýýýýýýýýýýýýýýýýýýýýýýýýýýýýýýýýýýýýýýýýýýýýýýýýýýýýýýýýýýýýýýýý,Bonnadol,clean,all
She Got the Best of Me,Luke Combs,clean,all
SPIT IN MY FACE!,ThxSoMch,explicit,18+
Crocodile Tearz,J. Cole,explicit,18+
Miss You,Oliver Tree,explicit,18+
Drunk (And I Don't Wanna Go Home),Elle King,clean,all
Thought You Should Know,Morgan Wallen,explicit,18+
Motley Crew,Post Malone,explicit,18+
Love Again,The Kid LAROI,clean,all
Baby (Lil Baby feat. DaBaby),Quality Control,explicit,18+
Recognize (feat. Drake),PARTYNEXTDOOR,explicit,18+
MONACO,Bad Bunny,explicit,18+
Ten by Ten,Carrier,clean,all
"Baddadan (feat. IRAH, Flowdan, Trigga & Takura)",Chase & Status,clean,all
DEJA VU,Luan Santana,clean,all
Everybody Talks,Neon Trees,explicit,18+
Melhor Vibe,MC Ryan SP,explicit,18+
Beautiful (feat. Camila Cabello),Bazzi,clean,all
OKI DOKI,KAROL G,explicit,18+
TIKTOK,Ian Lucas,clean,all
Talk (feat. Disclosure),Khalid,clean,all
Lemon,Kenshi Yonezu,clean,all
Skibidi Toilet,Lil Big Stack,clean,all
Plain Jane,A$AP Ferg,explicit,18+
Niï¿½ï¿½a Bo,Feid,clean,all
Beat the Odds,Lil Tjay,explicit,18+
Ballin' (with Roddy Ricch),Mustard,explicit,18+
Sittin' On Top Of The World,Burna Boy,explicit,18+
Si Supieras,Daddy Yankee,clean,all
Memories (feat. Kid Cudi),Kid Cudi,clean,all
Param Param,NAMES 51,clean,all
Carnival,Kanye West,clean,all
Armed And Dangerous,Juice WRLD,explicit,18+
Beautiful Girl,Luciano,clean,all
In My Head,Juice WRLD,explicit,18+
LUNA,Peso Pluma,explicit,18+
sonnenbank.mp3,YAKARY,explicit,18+
Untitled #13,Glwzbll,clean,all
Better Things,aespa,clean,all
Show Me How,Men I Trust,clean,all
"Besharam Rang (From ""Pathaan"")",Vishal-Shekhar,clean,all
Pink Skies,Zach Bryan,clean,all
Love You So,The King Khan & BBQ Show,clean,all
Somebody That I Used To Know,Gotye,clean,all
"Phir Aur Kya Chahiye (From ""Zara Hatke Zara Bachke"")",Sachin-Jigar,clean,all
Christmas Love,Jimin,clean,all
Who's Laughing Now,Ava Max,clean,all
Puntos Suspensivos,Piso 21,clean,all
"Rowdy Baby (From ""Maari 2"")",Dhanush,clean,all
Feather,Sabrina Carpenter,explicit,18+
Physical,Dua Lipa,clean,all
Don't Wanna Know (feat. Kendrick Lamar),Maroon 5,clean,all
Overwhelmed,Royal & the Serpent,clean,all
Asiwaju,Ruger,explicit,18+
Avï¿½ï¿½,Lucky Brown,explicit,18+
Without Me,Eminem,explicit,18+
Falling Down - Bonus Track,Lil Peep,explicit,18+
I Feel It Coming,The Weeknd,clean,all
Karma,JoJo Siwa,clean,all
Travesuras,Nicky Jam,clean,all
DISCOTEKA (feat. Locura Mix),The La Planta,clean,all
Rude Boy (Superbowl Klean),DJ San,explicit,18+
Amor Prohibido - Remasterizado 2024/30th Anniversary,Selena,clean,all
Bam Bam (feat. Ed Sheeran),Camila Cabello,clean,all
Dale Don Dale,ElMusto,clean,all
Where Did You Go? (feat. MNEK),Jax Jones,clean,all
Talibans,Byron Messia,explicit,18+
"Sooseki (From ""Pushpa 2 The Rule"") [TELUGU]",Shreya Ghoshal,clean,all
NASTY,Russ,explicit,18+
Mala Fama,Danna Paola,clean,all
Fall In Love,Bailey Zimmerman,clean,all
ýýýýýýýýýýýýýýýýýý,ýýýýýýýýýýýýýýý(ýýýýýýýýýýýýýýý),clean,all
Chill Bill,Rob $tone,explicit,18+
Lost in the Fire (feat. The Weeknd),Gesaffelstein,explicit,18+
"Young Miko: Bzrp Music Sessions, Vol. 58",Bizarrap,clean,all
Uff Mi Amor,Lauty Gram,clean,all
I WANNA BE YOUR SLAVE,Mï¿½ï¿½ne,explicit,18+
Hold Me While You Wait,Lewis Capaldi,clean,all
Arranca (feat. Omega),Becky G,clean,all
Una Vez,Bad Bunny,explicit,18+
A N X I E T Y (feat. Doechii),Sleepy Hallow,explicit,18+
Love Lost,Mac Miller,explicit,18+
Wildest Dreams,Taylor Swift,clean,all
BOP,DaBaby,explicit,18+
Say Something,A Great Big World,clean,all
Alone,Marshmello,clean,all
Summertime Sadness,Lana Del Rey,clean,all
RAVE,Dxrk ï¿½ï¿½ï¿½,clean,all
Home,Edith Whiskers,clean,all
Dil Galti Kar Baitha Hai,Jubin Nautiyal,clean,all
Softly,Karan Aujla,clean,all
Kitchen Stove,Pozer,explicit,18+
Wild Thoughts (feat. Rihanna & Bryson Tiller),DJ Khaled,clean,all
Linger - SiriusXM Session,Royel Otis,clean,all
I Love It (& Lil Pump),Kanye West,explicit,18+
Summer Too Hot,Chris Brown,explicit,18+
SEVILLA,Thrife,explicit,18+
Backyard Boy,Claire Rosinkranz,clean,all
Think I'm In Love With You,Chris Stapleton,clean,all
Dil Diyan Gallan,Atif Aslam,clean,all
Help Me Help You (feat. Why Don't We),Logan Paul,clean,all
Strangers,Kenya Grace,clean,all
Goin' Off,Karan Aujla,clean,all
Not Afraid,Eminem,explicit,18+
MTG MALDIï¿½ï¿½ï¿½ï¿½O ET,DJ GLK,explicit,18+
All My Life (feat. J. Cole),Lil Durk,explicit,18+
Praise God,Kanye West,clean,all
Sobredosis (feat. Ozuna),Romeo Santos,clean,all
El Azul,Junior H,clean,all
Girls Never Die,tripleS,clean,all
Vente Pa' Ca,Ricky Martin,clean,all
Take Two,BTS,clean,all
New Rules,Dua Lipa,clean,all
"Milo J: Bzrp Music Sessions, Vol. 57",Bizarrap,clean,all
Wake Me Up,Avicii,clean,all
Stand By Me (feat. Morgan Wallen),Lil Durk,explicit,18+
AirBnb,ian,explicit,18+
If We Being Rï¿½ï,Yeat,explicit,18+
HOLA PERDIDA REMIX,Luck Ra,clean,all
Sobran Motivos,Conjunto Rienda Real,clean,all
One Kiss (with Dua Lipa),Calvin Harris,clean,all
The Boat Beat,Ricky Desktop,clean,all
Time Slowly Slippin',LAZA,clean,all
Summertime Sadness (Sped Up),Lana Del Rey,clean,all
Area Codes,Kaliii,explicit,18+
ROCKSTAR,Junior H,explicit,18+
Die For You,Joji,clean,all
Everybody Dies In Their Nightmares,XXXTENTACION,explicit,18+
Cinderella,Future,explicit,18+
Gangnam Style (ï¿½ï¿½ï¿½ï¿½ï¿½ï,PSY,clean,all
1000 Blunts,$uicideboy$,explicit,18+
One Thing Right,Marshmello,clean,all
El Chico Del Apartamento 512 - Remasterizado 2024/30th Anniversary,Selena,clean,all
The Hillbillies,Baby Keem,explicit,18+
fukumean,Gunna,explicit,18+
Boo'd Up,Ella Mai,clean,all
Jalebi Baby,Tesher,clean,all
El Amante,Nicky Jam,clean,all
ETA,NewJeans,clean,all
Wreckage,Pearl Jam,explicit,18+
Enemy - Radio Edit,Imagine Dragons,clean,all
ecstacy (slowed),SUICIDAL-IDOL,explicit,18+
Too Good At Goodbyes,Sam Smith,clean,all
I Love You So,The Walters,clean,all
I LOVE YOU HOE (w/ 9lives),Odetari,explicit,18+
Ateï¿½ï¿½e Dï¿½ï,Mert Demir,clean,all
Ceux qu'on ï¿½ï¿½,Pierre Garnier,clean,all
Daylight,Drake,explicit,18+
High Road (feat. Jessie Murph),Koe Wetzel,explicit,18+
p r i d e . i s . t h e . d e v i l (with Lil Baby),J. Cole,explicit,18+
Tusa,KAROL G,clean,all
I Wanna Be Yours,Arctic Monkeys,clean,all
Punterï¿½,Shakira,clean,all
Better,Khalid,clean,all
Far Away (2020 Remaster),Nickelback,clean,all
Novidade na ï¿½ï¿,Mc Livinho,explicit,18+
Walk,Kodak Black,explicit,18+
Paradise (feat. Dermot Kennedy),MEDUZA,clean,all
Se Preparï¿,Ozuna,clean,all
In Your Eyes (feat. Alida),Robin Schulz,clean,all
No Fuss,Zeme Libre,clean,all
GASLIGHT,INJI,explicit,18+
Jaded,Miley Cyrus,explicit,18+
Players,Coi Leray,explicit,18+
9 bis 9,SIRA,clean,all
Oh My God,Adele,clean,all
Life Is Good (feat. Drake),Future,explicit,18+
CYBERTRUCK,Bad Bunny,explicit,18+
Medallo,Blessd,explicit,18+
PERO Tï¿,KAROL G,explicit,18+
Memory Reboot,Vï¿½,clean,all
ýýýýýýýýýýýýýýýýýýýýýýýýýýýýýý,Parkmalody,clean,all
Come and See Me (feat. Drake),PARTYNEXTDOOR,explicit,18+
Car's Outside,James Arthur,clean,all
La Vida Sin Ti,Rels B,clean,all
La Mamï¿½ï¿½ de la M,El Alfa,explicit,18+
Let Me Love You,DJ Snake,clean,all
Beautiful People (feat. Khalid),Ed Sheeran,clean,all
Save Your Tears,The Weeknd,explicit,18+
Never Lose Me (feat. Lil Yachty),Flo Milli,explicit,18+
Vultures,ýý$,explicit,18+
Wake Up in the Sky,Gucci Mane,explicit,18+
Rolling in the Deep - Acapella,Adele,clean,all
Secreto,Anuel AA,clean,all
MY EYES,Travis Scott,explicit,18+
Survivorï¿½ï¿½ï¿½s R,Roddy Ricch,explicit,18+
Peaches (feat. Daniel Caesar & Giveon),Justin Bieber,explicit,18+
Heatin Up (feat. Gunna),Lil Baby,explicit,18+
Miss You - Remix,Oliver Tree,explicit,18+
Lucky You (feat. Joyner Lucas),Eminem,explicit,18+
Strip That Down (feat. Quavo),Liam Payne,clean,all
Love Lee,AKMU,clean,all
Despeinada,Ozuna,clean,all
Starboy - Live,The Weeknd,explicit,18+
SOLO - Live,BLACKPINK,clean,all
Narcotics (with Bryant Myers),Dei V,explicit,18+
TULUM,Peso Pluma,explicit,18+
Sex Music,Tank,clean,all
DArkSide,Bring Me The Horizon,explicit,18+
20 Min,Lil Uzi Vert,explicit,18+
Nena Maldiciï¿½ï¿½n (feat. Lenny Tavï¿,Paulo Londra,clean,all
No Lie,Sean Paul,clean,all
Talk My Shit,BossMan Dlow,explicit,18+
should've wore a bonnet,21 Savage,explicit,18+
Did It Again,Lil Tecca,explicit,18+
Ransom,Lil Tecca,explicit,18+
Europapa,Joost,clean,all
Girlfriend,Ruger,explicit,18+
GREECE (feat. Drake),DJ Khaled,explicit,18+
There's Nothing Holdin' Me Back,Shawn Mendes,clean,all
Attention,NewJeans,clean,all
Supernova,aespa,clean,all
Pump,Valentino Khan,clean,all
"Kallo(Feat.Ajay Hooda,Pooja Hooda)",Komal Choudhary,clean,all
NUEVA VIDA,Peso Pluma,explicit,18+
La Bicicleta,Carlos Vives,clean,all
Long Journey,Rod Wave,explicit,18+
Locked Away (feat. Adam Levine),R. City,clean,all
Hypnotized,Purple Disco Machine,clean,all
VOID,Melanie Martinez,clean,all
This Town,Niall Horan,clean,all
WAP (feat. Megan Thee Stallion),Cardi B,explicit,18+
Lace It,Juice WRLD,explicit,18+
Maan Meri Jaan,King,clean,all
Satu Rasa Cinta,Happy Asmara,clean,all
Chained To The Rhythm,Katy Perry,clean,all
Softcore,The Neighbourhood,clean,all
Esta Vida,Marshmello,clean,all
Stand by Me,Ben King,clean,all
Free Mind,Tems,clean,all
In Your Love,Tyler Childers,clean,all
Peru,Fireboy DML,explicit,18+
SUPERMODEL,Mï¿½ï¿½ne,clean,all
ýýýýýýýýý,tuki.,clean,all
Gyal You a Party Animal - Sped Up,Charly Black,clean,all
I Like You (A Happier Song) (with Doja Cat),Post Malone,explicit,18+
I Fall Apart,Post Malone,explicit,18+
Fake Love,Drake,explicit,18+
Love Someone,Lukas Graham,clean,all
Put It On Da Floor Again (feat. Cardi B),Latto,explicit,18+
The Tortured Poets Department,Taylor Swift,explicit,18+
Maybe Youï¿½ï¿½ï¿½re The P,Ava Max,clean,all
Baddest,Yung Bleu,explicit,18+
Soak City (Do it),310babii,explicit,18+
"break up with your girlfriend, i'm bored",Ariana Grande,explicit,18+
Adventure Of A Lifetime,Coldplay,clean,all
Te Ire A Buscar,Santa Fe Klan,clean,all
LOST FOREVER,Travis Scott,explicit,18+
Wildberry Lillet,Nina Chuba,clean,all
the remedy for a broken heart (why am I so in love),XXXTENTACION,explicit,18+
Dancin (feat. Luvli) - Krono Remix,Aaron Smith,clean,all
"Udd Jaa Kaale Kaava (From ""Gadar 2"")",Udit Narayan,clean,all
Gently (feat. Bad Bunny),Drake,explicit,18+
Padam Padam,Kylie Minogue,clean,all
X - Remix,Nicky Jam,clean,all
ROLLIN N CONTROLLIN FREESTYLE,DUSTY LOCANE,explicit,18+
Flawlï¿½ï¿½ss (feat. Lil Uzi V,Yeat,explicit,18+
Skin de Bandida,Oscar Maydon,explicit,18+
Sofia,Alvaro Soler,clean,all
Take Care,Drake,explicit,18+
Hello (feat. A Boogie Wit da Hoodie),Pop Smoke,explicit,18+
Who I Am,Alan Walker,clean,all
Potion (with Dua Lipa & Young Thug),Calvin Harris,explicit,18+
Lush Life,Zara Larsson,clean,all
SHAKE SUMN,DaBaby,explicit,18+
Hei Apa Apa / Tik Tak Tik Tik,Donny Fernanda,clean,all
Love Me Harder,Ariana Grande,clean,all
The Spectre,Alan Walker,clean,all
Mi Morenita,Grupo Marca Registrada,clean,all
You & Me (Coachella ver.),JENNIE,clean,all
Mejor Que Yo,Anuel AA,explicit,18+
Electric Love,Bï¿½ï¿,clean,all
New Baby Shark,Pinkfong,clean,all
SORRY 4 THAT MUCH,Feid,explicit,18+
Tu Falta De Querer,Mon Laferte,clean,all
Sand In My Boots,Morgan Wallen,clean,all
Parado no Bailï¿½,MC L da Vinte,clean,all
Pareja Del Aï¿½,Sebastian Yatra,clean,all
Tacata (Remix),Tiagz,explicit,18+
Breaking Me,Topic,clean,all
Is It Love,Loreen,clean,all
La solution,Marka,clean,all
Quiï¿½ï¿½reme Mientras Se P,Manuel Turizo,clean,all
Dangerous Woman,Ariana Grande,clean,all
Barbie World (with Aqua) [From Barbie The Album],Nicki Minaj,clean,all
Nada,Cazzu,explicit,18+
Rodeo (Remix),Lah Pat,explicit,18+
Open Arms (feat. Travis Scott),SZA,clean,all
Haja Colï¿½ï¿½rio (feat. Hugo & Guilherme) - Ao,Guilherme & Benuto,clean,all
Overseas,D-Block Europe,explicit,18+
Volvï¿,Didi Romero,clean,all
Number 2,Lil Tecca,explicit,18+
Bachpan Ka Pyaar,Badshah,clean,all
Ah-Bop,Gene Ess,clean,all
No Hands (feat. Roscoe Dash & Wale),Waka Flocka Flame,explicit,18+
Treat You Better,Shawn Mendes,clean,all
Semangat Kerjanya Kawan,Aldo Zee,clean,all
Girls Like You,Maroon 5,explicit,18+
Overdrive,Post Malone,clean,all
BLEED,The Kid LAROI,clean,all
Relax My Eyes,ANOTR,clean,all
Nevada,YoungBoy Never Broke Again,explicit,18+
Creepin' (with The Weeknd & 21 Savage),Metro Boomin,explicit,18+
Dijeron Que No La Iba Lograr,Chino Pacas,clean,all
EVERY CHANCE I GET (feat. Lil Baby & Lil Durk),DJ Khaled,explicit,18+
Criminal,NATTI NATASHA,clean,all
Harmless Python,Hot Lemon,clean,all
One Side,Iyanya,clean,all
Sleazy Flow (with Lil Baby) - Remix,SleazyWorld Go,explicit,18+
"Ve Kamleya (From ""Rocky Aur Rani Kii Prem Kahaani"")",Pritam,clean,all
Words (feat. Zara Larsson),Alesso,clean,all
BEBECITA,Skolim,clean,all
Shut Down,BLACKPINK,clean,all
COCO LOCO,Maluma,clean,all
Rhyme Dust,MK,clean,all
DNA (Loving You) [feat. Hannah Boleyn],Billy Gillies,clean,all
Anabella,Khaid,explicit,18+
Tequila,Dan + Shay,clean,all
Sleep Well,CG5,clean,all
Deja Vu,TOMORROW X TOGETHER,clean,all
Woman,Doja Cat,explicit,18+
Traicionera,Sebastian Yatra,clean,all
Maria Mariah,JC NO BEAT,explicit,18+
LOCATION,KAROL G,explicit,18+
FLECHAZO EN EL CENTRO,YSY A,clean,all
Tourniquet,Zach Bryan,explicit,18+
Waiting for the End,Linkin Park,clean,all
Just the Way You Are,Bruno Mars,clean,all
Polaroid Love,ENHYPEN,clean,all
In My Feelings,Drake,explicit,18+
What It Is (Block Boy) (with Kodak Black),Doechii,explicit,18+
Hate Me (with Juice WRLD),Ellie Goulding,clean,all
OOOUUU,Young M.A,explicit,18+
OUT OUT (feat. Charli XCX & Saweetie),Joel Corry,clean,all
Me And My Broken Heart,Rixton,clean,all
Ojos Marrones,Lasso,clean,all
"Nobody Like U - From ""Turning Red""",4*TOWN (From Disney and Pixarï¿½ï¿½ï¿½s Turnin,clean,all
SESSO E SAMBA (feat. Gaia),Tony Effe,explicit,18+
Dj Dayak Full Beat Lagu Malihi Janji,Jeremya Ginting,clean,all
Fire - Official UEFA EURO 2024 Song,MEDUZA,clean,all
Bad Feeling (Oompa Loompa),Jagwar Twin,explicit,18+
Five Nights at Freddy's,The Newton Brothers,clean,all
Taboo,Don Omar,clean,all
Wrecking Ball,Miley Cyrus,clean,all
all the good girls go to hell,Billie Eilish,clean,all
What Do You Mean?,Justin Bieber,clean,all
Kill This Love,BLACKPINK,clean,all
thanK you aIMee,Taylor Swift,explicit,18+
PROVENZA,KAROL G,clean,all
Grace (feat. 42 Dugg),Lil Baby,explicit,18+
Me Too,Meghan Trainor,clean,all
Stunnin' (feat. Harm Franklin),Curtis Waters,explicit,18+
Bebe (feat. Anuel AA),Ozuna,clean,all
Wet Dreamz,J. Cole,explicit,18+
You Say,Lauren Daigle,clean,all
Bling Bling,Grupo Marca Registrada,explicit,18+
Betty (Get Money),Yung Gravy,clean,all
Oh U Went (feat. Drake),Young Thug,explicit,18+
Wow.,Post Malone,explicit,18+
Sial,Mahalini,clean,all
Trance (with Travis Scott & Young Thug),Metro Boomin,explicit,18+
Mount Everest,Labrinth,explicit,18+
What It Is (Solo Version),Doechii,explicit,18+
Robarte un Beso,Carlos Vives,clean,all
Alone,Alan Walker,clean,all
Pyramide,Werenoi,explicit,18+
"Kalaastar (From ""Honey 3.0"")",Yo Yo Honey Singh,clean,all
China,Anuel AA,clean,all
Landmines,Sum 41,explicit,18+
Umbrella,Rihanna,clean,all
Mary On A Cross,Ghost,clean,all
Bezos I,Bo Burnham,explicit,18+
Dirt Cheap,Cody Johnson,clean,all
Silence,Marshmello,clean,all
So Fine,Realest Cram,explicit,18+
"Shaitan Ka Saala (From ""Housefull 4"")",Sohail Sen,clean,all
Fight Song,Rachel Platten,clean,all
Dancinï¿½ï¿½ï¿½ In The C,Tyler Hubbard,clean,all
Firestone,Kygo,clean,all
AMG,Natanael Cano,explicit,18+
On Chill (feat. Jeremih),Wale,explicit,18+
Nobody - from Kaiju No. 8,OneRepublic,clean,all
Lose It,Through Fire,clean,all
Never Forget You,Zara Larsson,clean,all
Bubble Gum,NewJeans,clean,all
Mr. Brightside,The Killers,clean,all
Fall In Love Alone,Stacey Ryan,clean,all
Sex on Fire,Kings of Leon,clean,all
Dance The Night - From Barbie The Album,Dua Lipa,clean,all
You should be sad,Halsey,explicit,18+
POCPOC,PEDRO SAMPAIO,clean,all
Paro - Speed Up,Nej,explicit,18+
SMOKE IT OFF!,Lumi Athena,explicit,18+
9mm,Memphis Cult,explicit,18+
Murder On My Mind,YNW Melly,explicit,18+
"Let It Go - From ""Frozen""/Soundtrack Version",Idina Menzel,clean,all
Tapï¿½ï¿½o Na,Raï¿½ï¿½ Saia Ro,clean,all
Mmhmm,BigXthaPlug,explicit,18+
We Didnï¿½ï¿½ï¿½t Start Th,Fall Out Boy,clean,all
Feel So Close - Radio Edit,Calvin Harris,clean,all
Matilda,Harry Styles,clean,all
Crazy Form,ATEEZ,clean,all
bad guy,Billie Eilish,clean,all
He Dead (Oil Thief Remix),clipping.,clean,all
Shivers,Ed Sheeran,clean,all
My Baby,Diamond Platnumz,clean,all
Prohibidox,Feid,clean,all
Medusa,Jhay Cortez,explicit,18+
Where Are ï¿½ï¿½ Now (with Justin Bie,Jack ï¿,clean,all
Rush,Troye Sivan,explicit,18+
Faster n Harder,6arelyhuman,explicit,18+
Real Love,Martin Garrix,clean,all
LOVE DIVE,IVE,clean,all
Scared To Be Lonely,Martin Garrix,clean,all
DOGTOOTH,"Tyler, The Creator",explicit,18+
Vegas (From the Original Motion Picture Soundtrack ELVIS),Doja Cat,explicit,18+
Static,Steve Lacy,explicit,18+
Back In Blood (feat. Lil Durk),Pooh Shiesty,explicit,18+
I Took A Pill In Ibiza,Mike Posner,explicit,18+
CIRCUS MAXIMUS,Travis Scott,explicit,18+
Say My Name (feat. Bebe Rexha & J Balvin) - Corey James Remix,Bebe Rexha,clean,all
Dynamite,Taio Cruz,clean,all
El Jefe,Shakira,explicit,18+
Sacrifice,The Weeknd,explicit,18+
High Hopes,Panic! At The Disco,clean,all
Braten,Steps,explicit,18+
Bï¿½ï¿½nï¿½ï¿½ï¿½ï¿½os Que Nï¿½ï¿½o Tï¿½ï¿½m Fim (Co,Isadora Pompeo,clean,all
Yummy,Justin Bieber,clean,all
ýýýýýýýýýýýýýýýýýýýýýýýýýýýýýýýýýýýýýýý,fellow fellow,clean,all
Take My Breath - Single Version,The Weeknd,clean,all
Saami Saami,Mounika Yadav,clean,all
Beautiful People (Stay High),The Black Keys,clean,all
favorite,Isabel LaRosa,clean,all
Calidad,Grupo Firme,clean,all
Miracle (with Ellie Goulding),Calvin Harris,clean,all
Don't Rush (feat. Headie One),Young T & Bugsey,explicit,18+
Good Days,SZA,explicit,18+
Skechers,DripReport,explicit,18+
Typa Girl,BLACKPINK,explicit,18+
Una Lady Como Tï¿,Manuel Turizo,clean,all
Azul,J Balvin,clean,all
Swimming Pools (Drank),Kendrick Lamar,explicit,18+
"10,000 Hours (with Justin Bieber)",Dan + Shay,clean,all
Me Enamorï¿,Shakira,clean,all
Rain On Me (with Ariana Grande),Lady Gaga,clean,all
Save Me,Jelly Roll,clean,all
Dame Tu Cosita,El Chombo,clean,all
Whistle,Jax Jones,clean,all
In This Darkness,Clara La San,clean,all
Mi Cama,KAROL G,clean,all
Que Se Cuide,Luis R Conriquez,clean,all
Delicate,Taylor Swift,clean,all
Chanel,Becky G,clean,all
POP!,NAYEON,clean,all
Acrï¿½ï¿½s,Shakira,clean,all
MOJABI GHOST,Tainy,explicit,18+
Beautiful Girls,Sean Kingston,clean,all
I Gotta Feeling,Black Eyed Peas,clean,all
Sprinter,Central ce,explicit,18+
How Do I Say Goodbye,Dean Lewis,clean,all
Romantic Homicide,d4vd,clean,all
MotorSport,Migos,explicit,18+
New Divide,Linkin Park,clean,all
Sing Me to Sleep,Alan Walker,clean,all
ULTRA SOLO,Polimï¿½ï¿½ Westc,clean,all
Full Senyum Sayang,Evan Loss,clean,all
Bon appï¿½ï¿,Katy Perry,clean,all
Pistoleta,Olexesh,explicit,18+
Whoï¿½ï¿½ï¿½s Afraid of Little O,Taylor Swift,clean,all
Terminator,King Promise,clean,all
Lean On (feat. Mï¿½ï¿½ & DJ Sn,Major Lazer,explicit,18+
Hasbi Rabbi,Huda Sisters,clean,all
Malohat,Xamdam Sobirov,clean,all
My Type,Saweetie,explicit,18+
Position,Franglish,clean,all
Yandel 150,Yandel,explicit,18+
JACKIE BROWN,Brent Faiyaz,explicit,18+
Mal Hombre,Kim Loaiza,clean,all
Lovesick Girls,BLACKPINK,clean,all
Broadway Girls (feat. Morgan Wallen),Lil Durk,clean,all
B.O.T.A. (Baddest Of Them All),Eliza Rose,clean,all
Pï¿½ï¿½i,Babasha,clean,all
Every Breath You Take,Bonnie Kimmel,clean,all
Danza Kuduro (feat. Lucenzo),Don Omar,clean,all
You Belong With Me,Taylor Swift,clean,all
Mittelmeer,Pashanim,clean,all
Aashiq Awaara (feat. Sunidhi Chauhan),Badshah,clean,all
m y . l i f e (with 21 Savage & Morray),J. Cole,explicit,18+
Hijo Mio,Misael De La Rosa,clean,all
LA RANGER (feat. Myke Towers),The Academy: Segunda Misiï¿½,explicit,18+
Yankee 150,Yandel,explicit,18+
Not So Bad (Leans Gone Cold),Rae Sremmurd,explicit,18+
Kï¿½ï¿½,Mabel Matiz,clean,all
Diosa,Myke Towers,explicit,18+
What If,Johnny Orlando,clean,all
EL TONTO,Lola Indigo,clean,all
Atmosphere,FISHER,clean,all
Stressed Out,Twenty One Pilots,clean,all
Lalala,Y2K,explicit,18+
Knife Talk (with 21 Savage ft. Project Pat),Drake,explicit,18+
Nonstop,Drake,explicit,18+
DISPARA ***,Nicki Nicole,explicit,18+
Winners In Paris,Sleepy Hallow,explicit,18+
ýýchame La Culpa,Luis Fonsi,clean,all
Say Yes To Heaven,Lana Del Rey,clean,all
Push Ups,Drake,explicit,18+
I Knew You Were Trouble.,Taylor Swift,clean,all
GigaChad Theme - Phonk House Version,g3ox_em,clean,all
Ophelia,The Lumineers,clean,all
Calma - Remix,Pedro Capï¿,clean,all
Mamichula - con Nicki Nicole,Trueno,clean,all
death bed (coffee for your head),Powfu,clean,all
Pump It Up,Endor,clean,all
Sabka Malik Ek,Dada Black Sheep,clean,all
"Saami Saami (From ""Pushpa The Rise Part - 01"")",Sunidhi Chauhan,clean,all
Headshot (feat. Polo G & Fivio Foreign),Lil Tjay,explicit,18+
How Deep Is Your Love,Calvin Harris,clean,all
LADY GAGA,Peso Pluma,explicit,18+
When We Were Young (The Logical Song),David Guetta,clean,all
Ferxxo 100,Feid,clean,all
God of Music,SEVENTEEN,clean,all
SKEU SKEU (SPEED UP),Jogga,clean,all
Go Back (feat. Julia Church),John Summit,clean,all
TUTA GOLD,Mahmood,clean,all
Face Off,Tech N9ne,explicit,18+
euphoria,Kendrick Lamar,explicit,18+
All We Got (feat. KIDDO),Robin Schulz,explicit,18+
Never Lose Me,Flo Milli,explicit,18+
SOS (feat. Aloe Blacc),Avicii,clean,all
Elastic Heart,Sia,clean,all
So Am I,Ava Max,clean,all
Fisherrr,Cash Cobain,explicit,18+
Drift Night,Alfianie,clean,all
Sï¿½ï¿½PER ULTRA,Picus,clean,all
You're Really Funny,Crocodyle,clean,all
Tak Ingin Usai,Keisya Levronka,clean,all
IDGAF (feat. Yeat),Drake,explicit,18+
Smokin Out The Window,Bruno Mars,clean,all
ily (i love you baby) (feat. Emilee),Surf Mesa,clean,all
Run BTS,BTS,clean,all
Butterfly x Boom - Remix,LEA,clean,all
Dona Felicidade,Patati Patatï¿,clean,all
Talk,Yeat,explicit,18+
Sunday Best,Surfaces,clean,all
Tu hai kahan,AUR,clean,all
Genda Phool (feat. Payal Dev),Badshah,clean,all
Chale,Eden Muï¿½ï,clean,all
Chamkeela Angeelesi,Santhosh Narayanan,clean,all
LET THE WORLD BURN,Chris Grey,explicit,18+
Snow (Hey Oh),Red Hot Chili Peppers,clean,all
BRAZILIAN DANï¿½ï¿½A P,6YNTHMANE,explicit,18+
ATM,Nemzzz,explicit,18+
Little Dark Age,MGMT,clean,all
Rojo,J Balvin,clean,all
Worth It,YK Osiris,clean,all
Shotgun,George Ezra,clean,all
La Familia Dedo de Cuquï¿½,Cleo y Cuquï¿½ï¿½n - Familia Tele,clean,all
No Se Vale,Camilo,clean,all
THE DINER,Billie Eilish,clean,all
Bounce When She Walk,Ohboyprince,explicit,18+
SO DONE,The Kid LAROI,clean,all
Jimmy Cook's (feat. 21 Savage),Drake,clean,all
Veggie Dance,Gracie's Corner,clean,all
GATTI,JACKBOYS,explicit,18+
Bandit,Don Toliver,explicit,18+
NUMB,XXXTENTACION,clean,all
On Me,Lil Baby,explicit,18+
SLUT ME OUT 2,NLE Choppa,explicit,18+
You Proof,Morgan Wallen,clean,all
Ginseng Strip 2002,Yung Lean,explicit,18+
Kahani Suno 2.0,Kaifi Khalil,clean,all
ASI ES LA VIDA,Enrique Iglesias,clean,all
ONE CALL,Rich Amiri,explicit,18+
DE LUNES A LUNES,Manuel Turizo,clean,all
Yugur,Dildora Niyozova,clean,all
Modo DND,Xavi,explicit,18+
Ronald,Falling In Reverse,explicit,18+
Baarish,Payal Dev,clean,all
Lua,Ana Castela,clean,all
Abcdario,Eden Muï¿½ï,clean,all
Down Under (feat. Colin Hay),Luude,clean,all
Down In Atlanta,Pharrell Williams,explicit,18+
Techno Cumbia (Remasterizado 2024/30th Anniversary),Selena,clean,all
Don't Call Me Up,Mabel,clean,all
The Git Up,Blanco Brown,clean,all
Rewrite The Stars (with James Arthur & Anne-Marie),James Arthur,clean,all
Dusk Till Dawn - Radio Edit,ZAYN,clean,all
places to be,Fred again..,explicit,18+
Miles On It,Marshmello,clean,all
No Angels,Justin Timberlake,clean,all
Rampampam,Minelli,clean,all
CAIRO,KAROL G,explicit,18+
Scars To Your Beautiful,Alessia Cara,clean,all
Ride It,Regard,clean,all
Heat Waves,Glass Animals,clean,all
The Prophecy,Taylor Swift,clean,all
Crazy What Love Can Do,David Guetta,clean,all
Fluxxwave,Clovis Reyes,clean,all
Problema,Carlos Agassi,explicit,18+
OKAY,JT,explicit,18+
GATITAS SANDUNGUERAS VOL.1,Alvaro Diaz,clean,all
Rockstar (2020 Remaster),Nickelback,clean,all
Great Gatsby,Rod Wave,explicit,18+
ýýýýýýýýýýýýýýýý ýýýýýýýýýýýýýý,Galibri & Mavik,clean,all
ATORRANTE - con Los Palmeras,Emanero,clean,all
"""ýýýýýý ýýýýýýýýýý ""ýýýýýýýýýýýý ýýýý ýýýýýýýýýýýý",Myriam Fares,clean,all
Deli,Ice Spice,explicit,18+
Falling Angel,HCTM,clean,all
Wants and Needs (feat. Lil Baby),Drake,explicit,18+
ýýýýýýýýýýýý,YOASOBI,clean,all
GOOBA,6ix9ine,explicit,18+
SI SABE FERXXO,Blessd,explicit,18+
Cupid ï¿½ï¿½ï¿½ Twin Ver. (FIFTY FIFTY) ï¿½ï¿½ï¿½ Spe,sped up 8282,explicit,18+
TV Shapes,Bubbatrees,clean,all
Lose You To Love Me,Selena Gomez,clean,all
Sunrise,Morgan Wallen,clean,all
Y Si Se Quiere Ir,"Luis Angel ""El Flaco""",clean,all
COME UN TUONO (feat. Guï¿½,Rose Villain,explicit,18+
ME! (feat. Brendon Urie of Panic! At The Disco),Taylor Swift,clean,all
adore u,Fred again..,clean,all
DARARI,TREASURE,clean,all
Canï¿½ï¿½ï¿½t Catch Me Now - from The Hunger Games: The Ballad of Songbirds &,Olivia Rodrigo,clean,all
Savage,aespa,clean,all
"Ruqya, Pt. 3",Hani Rifai,clean,all
MANIKIN (feat. Wifisfuneral),XXXTENTACION,explicit,18+
NO,Meghan Trainor,clean,all
What's My Name?,Rihanna,clean,all
Feel This Moment,Pitbull,clean,all
Let Your Boys Be Country,Jason Aldean,clean,all
Joga o Bum Bum Tam Tam,MC Fioti,explicit,18+
Chegou a Hora de Ir para Cama (Playback),3 Palavrinhas,clean,all
You're Welcome,Dwayne Johnson,clean,all
Whole Lotta Choppas,Sada Baby,explicit,18+
Poppin,Yeat,explicit,18+
Halo,Beyoncï¿,clean,all
Beat Of Your Heart,Purple Disco Machine,clean,all
"Saari Duniya Jalaa Denge (From ""Animal"")",Jaani,clean,all
PICK UP THE PHONE (feat. Nate Dogg),PAWSA,explicit,18+
Another Love,Tom Odell,explicit,18+
if looks could kill,Destroy Lonely,explicit,18+
deja vu,Olivia Rodrigo,explicit,18+
Good as Hell,Lizzo,clean,all
Uhaw,Dilaw,clean,all
HOTEL LOBBY (Unc & Phew),Quavo,explicit,18+
Like I'm Gonna Lose You (feat. John Legend),Meghan Trainor,clean,all
"Muqabla (From ""Street Dancer 3D"")",Yash Narvekar,clean,all
November Rain (2022 Version),Guns N' Roses,clean,all
Evergreen (You Didnï¿½ï¿½ï¿½t Deserve Me A,Omar Apollo,clean,all
Life in Rio,Slowboy,explicit,18+
VVV,mikeeysmind,explicit,18+
Me Gusta,Shakira,clean,all
Wake Me Up (Remix),Nick White,clean,all
Stop Giving Me Advice (with Jack Harlow & Dave),Lyrical Lemonade,explicit,18+
Mayor Que Usted,NATTI NATASHA,clean,all
Copa Vacï¿½,Shakira,clean,all
Pasilyo,SunKissed Lola,clean,all
BED,Joel Corry,clean,all
PRINCESITA DE ...,Jere Klein,explicit,18+
I Can See You (Taylorï¿½ï¿½ï¿½s Version) (From The,Taylor Swift,clean,all
Bertaraf,Canbay & Wolker,clean,all
Moletom,Luan Pereira,clean,all
Ya No Tengo Tu Love,Sie7e,clean,all
Chamber Of Reflection,Mac DeMarco,clean,all
Swalla (feat. Nicki Minaj & Ty Dolla $ign),Jason Derulo,explicit,18+
Me Porto Bonito - Remix,ELITE Djs,clean,all
ICU,Coco Jones,clean,all
HACIENDO QUE ME AMAS,Bad Bunny,explicit,18+
Singapur,El Alfa,clean,all
PLIS,Camilo,clean,all
Say It Right (Dance),MELON,clean,all
What My World Spins Around,Jordan Davis,clean,all
Wanna Be,GloRilla,explicit,18+
Sigue,Beny Jr,clean,all
i'm yours,Isabel LaRosa,clean,all
Famous Friends,Chris Young,clean,all
Sexo Virtual,Rauw Alejandro,explicit,18+
Panda Basi,Mvua,clean,all
More than you know,NoSpace,clean,all
'Till I Collapse,Eminem,explicit,18+
ball w/o you,21 Savage,explicit,18+
Despacito - Remix,Luis Fonsi,clean,all
ýýýýýýýýýýýýýýýýýýýýýýýý,Ptrp Studio,clean,all
Ayy Macarena,Tyga,explicit,18+
Mejor Que Ayer,Diego Torres,clean,all
Tacata,Tiagz,clean,all
Turbo S,Yasin,explicit,18+
I Remember Everything (feat. Kacey Musgraves),Zach Bryan,clean,all
Look At Me Now (feat. Lil' Wayne & Busta Rhymes),Lil Wayne,explicit,18+
The Smallest Man Who Ever Lived,Taylor Swift,explicit,18+
Thinking out Loud,Ed Sheeran,clean,all
Enemy (with JID) - from the series Arcane League of Legends,Imagine Dragons,clean,all
REMIX EXCLUSIVO,Feid,explicit,18+
Say It,Tory Lanez,explicit,18+
LATTE (feat. Maria Becerra),The Academy: Segunda Misiï¿½,explicit,18+
No Switch,YoungBoy Never Broke Again,explicit,18+
Un Cigarrillo,Chencho Corleone,clean,all
Snow On The Beach (feat. Lana Del Rey),Taylor Swift,explicit,18+
Ms. Jackson,Pashanim,clean,all
Cradles,Sub Urban,clean,all
SNEAKERS,ITZY,clean,all
Sinceramente,Annalisa,clean,all
dangerous,21 Savage,explicit,18+
No Es Justo,J Balvin,clean,all
Poker Face ( Remix ),Bora Media,clean,all
Rich Men North of Richmond,Oliver Anthony Music,explicit,18+
Youngblood,5 Seconds of Summer,clean,all
greedy,Tate McRae,explicit,18+
Zukunft Pink (feat. Inï¿½ï,Peter Fox,explicit,18+
Bad Romance,Lady Gaga,explicit,18+
Bandit (with YoungBoy Never Broke Again),Juice WRLD,explicit,18+
10 Freaky Girls (with 21 Savage),Metro Boomin,explicit,18+
BANZAI!,Kazuo,explicit,18+
Off The Record,IVE,clean,all
Never Felt So Alone,Labrinth,clean,all
This City,Sam Fischer,clean,all
Training Season,Dua Lipa,clean,all
Por Fin Te Encontrï¿,Cali Y El Dandee,clean,all
Adore You,Harry Styles,clean,all
Bank Account,21 Savage,explicit,18+
FRIKI,Feid,clean,all
Sabor Fresa,Fuerza Regida,explicit,18+
Neverender,Justice,clean,all
Ya Te Superï¿,Xavi,clean,all
Super Freaky Girl,Nicki Minaj,explicit,18+
Entre Nosotros,Tiago PZK,clean,all
A LA ORDEN,Santa Fe Klan,explicit,18+
Matte Black,$uicideboy$,explicit,18+
Is There Someone Else?,The Weeknd,clean,all
Hola,Dalex,clean,all
Y LLORO,Junior H,explicit,18+
SkeeYee,Sexyy Red,explicit,18+
Vacation,Dirty Heads,explicit,18+
NIGHT DANCER,imase,clean,all
Slut Me Out,NLE Choppa,explicit,18+
Low Life,Future,explicit,18+
Jiggle Jiggle,Duke & Jones,clean,all
Clara Bow,Taylor Swift,clean,all
When We Were Young,Adele,clean,all
Hide Away,Daya,clean,all
Enemy - from the series Arcane League of Legends,Imagine Dragons,clean,all
Ocean Drive,Duke Dumont,clean,all
One Dance,Drake,clean,all
"Valerie - Live At BBC Radio 1 Live Lounge, London / 2007",Amy Winehouse,clean,all
Best Friend (feat. Doja Cat),Saweetie,explicit,18+
TELEFONO NUEVO,Bad Bunny,explicit,18+
Ella Baila Sola,Eslabon Armado,clean,all
Cool With You,NewJeans,clean,all
Can We Kiss Forever?,Kina,clean,all
You can't control my heart,Kurochuu,clean,all
MI EX TENï¿½ï¿½A RA,KAROL G,clean,all
SUBMARINER,AKDO,clean,all
Seï¿½ï¿½o,Shawn Mendes,clean,all
Kini Ecko Pergi Meninggalkanku,Ecko Show,clean,all
Never Gonna Give You Up (2022 - Remaster),Rick Astley,clean,all
WORK,ATEEZ,clean,all
Porfa,Feid,clean,all
End of Beginning,Djo,clean,all
Doctor (Work It Out) [feat. Miley Cyrus],Pharrell Williams,clean,all
Humpty Dumpty,Lo Greco Bros,clean,all
KING KONG,TREASURE,clean,all
I CAN'T STOP ME,TWICE,clean,all
Old Love,yuji,clean,all
No Friends In The Industry,Drake,explicit,18+
Good For You,Selena Gomez,clean,all
Los del Espacio,LIT killah,clean,all
23,Mike WiLL Made-It,explicit,18+
Ya Te Olvide,Natanael Cano,clean,all
Filhall 2,B Praak,clean,all
Limbo,Daddy Yankee,clean,all
All My Life,Falling In Reverse,explicit,18+
Won't Forget You - Edit,Shouse,clean,all
Fiel,Los Legendarios,clean,all
Colors,Black Pumas,clean,all
ýýýýýýýýýýýý,MAN WITH A MISSION,clean,all
DONDE SE APRENDE A QUERER?,Mora,clean,all
Charm,Rema,explicit,18+
Welcome To The Party,Pop Smoke,explicit,18+
Before You Leave Me,Alex Warren,clean,all
Safaera,Bad Bunny,explicit,18+
Bang!,AJR,clean,all
Diamonds,Rihanna,clean,all
abcdefu,GAYLE,explicit,18+
REPEAT IT,Lil Tecca,explicit,18+
Libaas,Kaka,clean,all
Fever,Dua Lipa,clean,all
Broccoli,ati2x06,clean,all
LOYALTY. FEAT. RIHANNA.,Kendrick Lamar,explicit,18+
"Feels (feat. Pharrell Williams, Katy Perry & Big Sean)",Calvin Harris,explicit,18+
kompa pasiï¿½,ýýýýýýýýýý,clean,all
Fast Car,Luke Combs,clean,all
Next Level,aespa,clean,all
Miracle (Extended),Calvin Harris,clean,all
Space Cadet (feat. Gunna),Metro Boomin,explicit,18+
Jealous,Eyedress,clean,all
Stupid Love,Lady Gaga,clean,all
Pedro,Jaxomy,clean,all
Country Girl (Shake It For Me),Luke Bryan,clean,all
Never Going Home,Kungs,clean,all
The Rapture Pt.III,&ME,clean,all
PRC,Peso Pluma,explicit,18+
Los Botones Azules,Junior H,clean,all
Heart Like A Truck,Lainey Wilson,clean,all
La Triple M,Mawell,explicit,18+
Aa,Roach Killa,clean,all
Dance The Night,Dua Lipa,clean,all
Mad at Disney,salem ilese,clean,all
Mentalitï¿,Baby Gang,explicit,18+
Skate,Bruno Mars,clean,all
Me or Sum (feat. Future & Lil Baby),Nardo Wick,explicit,18+
Iï¿½ï¿½ï¿½m Ju,Ryan Gosling,clean,all
Believer,Imagine Dragons,clean,all
Goosebumps,HVME,explicit,18+
EL BARCO,KAROL G,clean,all
Pumped Up Kicks,Foster The People,clean,all
Zarzour,Lartiste,explicit,18+
I Smoked Away My Brain (I'm God x Demons Mashup) (feat. Imogen Heap & Clams Casino),A$AP Rocky,explicit,18+
Always Remember Us This Way,Lady Gaga,clean,all
Without You (feat. Sandro Cavazza),Avicii,explicit,18+
Zaroori Tha,Rahat Fateh Ali Khan,clean,all
Neon Pill,Cage The Elephant,clean,all
Into Your Arms (feat. Ava Max),Witt Lowry,explicit,18+
Why'd You Only Call Me When You're High?,Arctic Monkeys,clean,all
"Soweto (with Don Toliver, Rema & Tempoe)",Victony,explicit,18+
Tu No Vive Asi (feat. Mambo Kingz & DJ Luian),Arcï¿½ï¿½,explicit,18+
"Dawai (From ""Air Mata Di Ujung Sajadah"")",Fadhilah Intan,clean,all
Broke Boys,Drake,explicit,18+
Plug Walk,Rich The Kid,explicit,18+
Do It Again,Pia Mia,explicit,18+
Di Mochkila,Oualid,clean,all
Emiliana,CKay,clean,all
Straight and Narrow,Sam Barber,clean,all
Numb,Marshmello,clean,all
Mercury: Retrograde,Ghostemane,explicit,18+
MR. OCTOBER,Bad Bunny,explicit,18+
Future,official sound studio,clean,all
LOST!,RM,explicit,18+
Prayer in C - Robin Schulz Radio Edit,Lilly Wood and The Prick,clean,all
Soap,Melanie Martinez,clean,all
A Cold Sunday,Lil Yachty,explicit,18+
TRYNA MAKE SURE,Moneybagg Yo,explicit,18+
Cry Baby (feat. DaBaby),Megan Thee Stallion,explicit,18+
Leave The Door Open,Bruno Mars,clean,all
Let You Love Me,Rita Ora,clean,all
GTA.mp3,Emilia,clean,all
Mi Cuarto,Jerry Di,clean,all
El Merengue,Marshmello,clean,all
Bellaquita,Dalex,explicit,18+
Problemas de um Milionï¿½ï¿,WIU,explicit,18+
ELA PIROU NA DODGE RAM,Luan Pereira,explicit,18+
Baddies,Aitch,explicit,18+
Girls Need Love (with Drake) - Remix,Summer Walker,explicit,18+
LET GO,Central Cee,explicit,18+
Love Tonight - David Guetta Remix Edit,Shouse,clean,all
Solo (feat. Demi Lovato),Clean Bandit,clean,all
Weekend,Ashley Mehta,explicit,18+
"90-90 Nabbe Nabbe (From ""Jatt Nuu Chudail Takri"")",Gippy Grewal,clean,all
Playa Del Inglï¿½,Quevedo,clean,all
Way Back Home,SHAUN,clean,all
RITMO (Bad Boys For Life),Black Eyed Peas,explicit,18+
Break Free,Ariana Grande,clean,all
Work Out,J. Cole,explicit,18+
Turn On The Lights again.. (feat. Future),Fred again..,clean,all
All Too Well (10 Minute Version) (Taylor's Version) (From The Vault),Taylor Swift,explicit,18+
Let It Go,James Bay,clean,all
Baila,Karl Wine,clean,all
Eres Mï¿½,Romeo Santos,clean,all
One Last Time,Ariana Grande,clean,all
Black And Yellow,Wiz Khalifa,explicit,18+
Try,P!nk,clean,all
If I Didn't Love You,Jason Aldean,clean,all
Montagem Mysterious Game,LXNGVX,clean,all
On My Way,Alan Walker,explicit,18+
Heart On Ice,Rod Wave,explicit,18+
Hallelujah,Pentatonix,clean,all
The Painter,Cody Johnson,clean,all
Just Dance,Lady Gaga,clean,all
I Know - PR1ISVX Edit,Kanii,explicit,18+
Opp Stoppa (feat. 21 Savage),YBN Nahmir,explicit,18+
Last Time I Saw You,Nicki Minaj,clean,all
Nobody Gets Me,SZA,explicit,18+
CUTE DEPRESSED,Dyan Dxddy,explicit,18+
Go Down Deh (feat. Shaggy and Sean Paul),Spice,clean,all
Min Awel Dekika,Elissa,clean,all
Beggin',Mï¿½ï¿½ne,clean,all
Os Bico Tï¿½ï¿½o Se Perguntando (Letï¿½ï¿½,MC PH,explicit,18+
8 Parche,Baani Sandhu,clean,all
Don't Go Yet,Camila Cabello,clean,all
Chasin' You,Morgan Wallen,clean,all
Massive,Drake,clean,all
Please Please Please,Sabrina Carpenter,explicit,18+
Volver Al Futuro,Oscar Maydon,clean,all
HP,Maluma,explicit,18+
Luchtballon,Joost,clean,all
Formula,Labrinth,clean,all
PARTIDO EN DOS,La ï¿½ï¿½nica Trop,clean,all
Private Landing (feat. Justin Bieber & Future),Don Toliver,explicit,18+
Little Things,Jorja Smith,clean,all
Balanï¿½ï¿½o da,Matheus Fernandes,clean,all
LOVELY BASTARDS,ZWE1HVNDXR,explicit,18+
Que Calor (with J Balvin & El Alfa),Major Lazer,clean,all
All Night Longer,seyhqnsert,clean,all
That's What I Like,Bruno Mars,clean,all
meet the grahams,Kendrick Lamar,explicit,18+
Surface Pressure,Jessica Darrow,clean,all
Fancy,Iggy Azalea,explicit,18+
Tipo Hollywood,Mc Ws da leste,explicit,18+
Mood Malandro,Cï¿½ï¿½dig,clean,all
"QUï¿½ï¿½TENME EL TELï¿½ï¿½FONO (feat. Yandel, Jay",The Academy: Segunda Misiï¿½,explicit,18+
Perfect Night,LE SSERAFIM,clean,all
Escï¿½ï¿½n,ýýengo Flow,explicit,18+
No Me Conoce - Remix,Jhay Cortez,clean,all
Thinking Out Loud,Ed Sheeran,clean,all
Gogo Dance,El Alfa,explicit,18+
No Sufrirï¿½ï¿½ por Nadie - R,Joaquin Guiller,clean,all
La Corriente,Bad Bunny,explicit,18+
Black Summer,Red Hot Chili Peppers,clean,all
Clouded,Brent Faiyaz,explicit,18+
Cry No More (feat. Tay Keith),Headie One,explicit,18+
Nice to Meet You,Imagine Dragons,clean,all
Cuaderno,Dalex,explicit,18+
Promises (with Sam Smith),Calvin Harris,clean,all
TQMQA,Eladio Carrion,clean,all
Wild Side (feat. Cardi B),Normani,explicit,18+
"Vigdiyan Heeran (From ""Honey 3.0"")",Yo Yo Honey Singh,clean,all
BAD BOY,Chris Jedi,explicit,18+
Turks & Caicos (feat. 21 Savage),Rod Wave,explicit,18+
Masterplan,BE:FIRST,clean,all
ECHOES: Cala Boca Menino,Fire! Orchestra,clean,all
Spicy,aespa,clean,all
Take You Dancing,Jason Derulo,clean,all
ELEVEN,IVE,clean,all
Downtown,Anitta,clean,all
Losing It,FISHER,clean,all
Notion,The Rare Occasions,clean,all
Wockesha,Moneybagg Yo,explicit,18+
Ain't Shit,Doja Cat,explicit,18+
Chichiquetere,HCTM,clean,all
Minha Heranï¿½,Ana Castela,clean,all
Praise Jah in the Moonlight,Uzii BigTalk,explicit,18+
Eastside (with Halsey & Khalid),benny blanco,clean,all
"Hey Mama (feat. Nicki Minaj, Bebe Rexha & Afrojack) - Boaz van de Beatz remix",Boaz van de Beatz,clean,all
Jumpman,Drake,explicit,18+
TU$$I (with Dei V),YOVNGCHIMI,explicit,18+
Sweet but Psycho,Ava Max,clean,all
Monster (Shawn Mendes &amp; Justin Bieber),Shawn Mendes,clean,all
Runnin,21 Savage,explicit,18+
"Garmi (From ""Street Dancer 3D"") (feat. Varun Dhawan)",Badshah,clean,all
Whatever It Takes,Imagine Dragons,clean,all
YA NO TE EXTRAï¿½,NATTI NATASHA,clean,all
Tell Me What You Want,Oden & Fatzo,clean,all
Unsteady,X Ambassadors,clean,all
WANNABE,ITZY,clean,all
Feel Good Inc.,Gorillaz,clean,all
DENTRO DA HILUX,Luan Pereira,clean,all
MTG QUEM Nï¿½ï¿½O QUER SO,DJ TOPO,clean,all
Darkside,Alan Walker,clean,all
Devil Eyes,Hippie Sabotage,clean,all
Ride the Vibe,NEXZ,clean,all
Used To Be Young,Miley Cyrus,clean,all
Party In The U.S.A.,Miley Cyrus,clean,all
Trojan Horse,Dave,explicit,18+
Mi Gata,Standly,clean,all
Eid,Mehmood J,clean,all
Con Altura,ROSALï¿½,clean,all
BEBï¿,Camilo,clean,all
No Wahala,1da Banton,clean,all
Maria,HWASA,clean,all
Goa Beach,Tony Kakkar,clean,all
Memories,Maroon 5,clean,all
Arms Around You (feat. Maluma & Swae Lee),XXXTENTACION,explicit,18+
XO Tour Llif3,Lil Uzi Vert,explicit,18+
Memories,Conan Gray,clean,all
LALALI,SEVENTEEN,clean,all
Time of Our Lives,Pitbull,explicit,18+
Frozen,Madonna,clean,all
I GOT YOU,TWICE,clean,all
Mood Swings (feat. Lil Tjay),Pop Smoke,explicit,18+
Friend of a Friend,Mï¿½ï¿½lod,explicit,18+
Save Your Tears (with Ariana Grande) (Remix),The Weeknd,clean,all
Chiky Boom,Paylon,clean,all
Dancing Feet (feat. DNCE),Kygo,clean,all
With You,AP Dhillon,clean,all
Carta Aberta,MC Cabelinho,clean,all
Bolide allemand,SDM,explicit,18+
Die Young (feat. 347aidan),Sleepy Hallow,explicit,18+
Thunder,Imagine Dragons,clean,all
What is Love,TWICE,clean,all
LA DURANGO,Peso Pluma,explicit,18+
I AM,IVE,clean,all
Bodak Yellow,Cardi B,explicit,18+
Cupid,FIFTY FIFTY,clean,all
Over the Rainbow,Israel Kamakawiwo'ole,clean,all
"No Me Conocen (Remix) [con DUKI, Rei & Tiago PZK]",BANDIDO,clean,all
LALISA,LISA,clean,all
Parce (feat. Justin Quiles),Maluma,clean,all
Bite Me,ENHYPEN,clean,all
Get Off The Wall,Philly Goats,explicit,18+
Austin,Dasha,explicit,18+
Blank Space (Taylor's Version),Taylor Swift,clean,all
Andas En Mi Cabeza,Chino & Nacho,clean,all
Need To Know,Doja Cat,explicit,18+
Be Alright,Dean Lewis,explicit,18+
Umbrella (with 21 Savage & Young Nudy),Metro Boomin,explicit,18+
Ya Supï¿½ï¿½rame (En V,Grupo Firme,clean,all
Seya,SativaMusic,clean,all
Heathens,Twenty One Pilots,clean,all
123 Song,D Billions,clean,all
Young Metro,Future,explicit,18+
Nature Sounds with Music: Inspiring Thunder and Rain with Relaxing Music,Jamie Llewellyn,clean,all
TQG,KAROL G,explicit,18+
I Was Never There,The Weeknd,clean,all
Boyfriend,Justin Bieber,clean,all
02.02.99,That Mexican OT,explicit,18+
Company,Emiway Bantai,clean,all
BITTERSUITE,Billie Eilish,clean,all
A Mï¿,Rels B,clean,all
Numb / Encore,JAY-Z,explicit,18+
Lan,Zeynep Bastï¿½,clean,all
Overdose,natori,clean,all
Standing Room Only,Tim McGraw,clean,all
act ii: date @ 8,4batz,explicit,18+
Falling,Harry Styles,clean,all
"Illegal Weapon 2.0 (From ""Street Dancer 3D"")",Jasmine Sandlas,clean,all
Before You Go - Guitar Acoustic,Lewis Capaldi,clean,all
Business (feat. Naza),DYSTINCT,clean,all
Desejo Imortal (It Must Have Been Love),Gusttavo Lima,clean,all
River,Bishop Briggs,clean,all
Sin Querer,Fer Vazquez,explicit,18+
Very Sad,Enchan,explicit,18+
Watch Me,Silento,clean,all
What's Love Got to Do with It,Kygo,clean,all
Tek Baï¿½ï¿½,Semicenk,clean,all
family ties,Baby Keem,explicit,18+
When I Grow Up,NF,clean,all
Ditto,NewJeans,clean,all
Arjan Vailly,Manan Bhardwaj,clean,all
Element,Pop Smoke,explicit,18+
Back That Azz Up (feat. Lil Wayne & Mannie Fresh),JUVENILE,explicit,18+
Mesafe,Semicenk,clean,all
ýýýýýý ýýýýýýýýýýýý ýýýýýýýýýýýý (My head is spinning like a screw),kostromin,explicit,18+
But Daddy I Love Him,Taylor Swift,explicit,18+
Felina,WIU,clean,all
Epidemic,Polo G,explicit,18+
Un Ratito,Bad Bunny,clean,all
Psycho,Red Velvet,clean,all
Bartolito,Duo Tiempo de Sol,clean,all
Do What I Want,Lil Uzi Vert,explicit,18+
Vivencias,Kayz66,explicit,18+
Trip,Ella Mai,clean,all
Shirt,SZA,explicit,18+
Relaciï¿½,Sech,clean,all
"Mnike (feat. DJ Maphorisa, Nandipha808, Ceeka RSA & Tyron Dee)",Tyler ICU,explicit,18+
Laxed ï¿½ï¿½ï¿½ Sire,Jawsh 685,clean,all
Belong Together,Mark Ambor,clean,all
FERXXO 151,Feid,clean,all
My Heart Goes (La Di Da),Becky Hill,clean,all
F Boy,Ander Huang,explicit,18+
Me Fui de Vacaciones,Bad Bunny,clean,all
Can't Remember to Forget You,Shakira,clean,all
Call Me Every Day (feat. WizKid),Chris Brown,clean,all
YuNg BrAtZ,XXXTENTACION,explicit,18+
Can't Get Enough,Jennifer Lopez,explicit,18+
Starlight,Dave,explicit,18+
Brillarosa,Fuerza Regida,clean,all
Dhaniya Ae Jaan,Pawan Singh,clean,all
Wet (She Got Thatï¿½ï,YFN Lucci,explicit,18+
Arhbo [Music from the FIFA World Cup Qatar 2022 Official Soundtrack],Ozuna,clean,all
MON LOVE OHO,Liamsi,explicit,18+
Good Good,USHER,explicit,18+
FAKE LOVE,BTS,clean,all
Photograph,Ed Sheeran,clean,all
La Playa,Myke Towers,explicit,18+
"Tshwala Bam (feat. S.N.E, EeQue)",TitoM,clean,all
Angel Baby,Troye Sivan,clean,all
PUFFIN ON ZOOTIEZ,Future,explicit,18+
ýýýýýýýýýýýýýýýýýýýýýýýýýýýýýý,ýýýýýýýýýýýýýýýýýýýýý ýýýýýýýýýýýýýýýýýýýýý,clean,all
Cough,Kizz Daniel,explicit,18+
"Salamin, Salamin",BINI,clean,all
HUMBLE.,Kendrick Lamar,explicit,18+
Bailando - English Version,Enrique Iglesias,explicit,18+
Cry,Cigarettes After Sex,clean,all
Say Something (feat. Chris Stapleton),Justin Timberlake,clean,all
Relationship (feat. Future),Young Thug,explicit,18+
Scared To Start,Michael Marcagi,clean,all
Khodni,AL SHAMI,clean,all
Never Let Go,Jung Kook,clean,all
Bailando Bachata,Chayanne,clean,all
EXCESOS,Fuerza Regida,clean,all
Cochinae,Julianno Sosa,explicit,18+
Gato de Noche,ýýengo Flow,explicit,18+
Guilty as Sin?,Taylor Swift,clean,all
Ron Artest,Babyface Ray,explicit,18+
White Tee (with NO1-NOAH),Summer Walker,explicit,18+
Sexy to Someone,Clairo,clean,all
One in a Million,Bebe Rexha,clean,all
Debo Entender,Santa Fe Klan,clean,all
Le Va Doler,Grupo Frontera,clean,all
Wine Into Whiskey,Tucker Wetmore,clean,all
The Feels,TWICE,clean,all
La Bebe (Remix) [Apple Music Live],Peso Pluma,clean,all
Baby you,ýýýýýý,clean,all
POLARIS - Remix,SAIKO,explicit,18+
Love Me Like This,NMIXX,clean,all
Bring It on Home to Me,Sam Cooke,clean,all
ýýýýýýýýýý,NLO,clean,all
Beautiful Mistakes (feat. Megan Thee Stallion),Maroon 5,clean,all
Problem,Ariana Grande,clean,all
Italodisco,The Kolors,explicit,18+
Hawï¿½,Maluma,clean,all
ýýý,Ado,clean,all
Ya Lili,Balti,clean,all
You Raise Me Up,Josh Groban,clean,all
Borro Cassette,Maluma,clean,all
Bakkal Amca,Kukuli,clean,all
Endless Fashion (feat. Nicki Minaj),Lil Uzi Vert,explicit,18+
What Makes You Beautiful,One Direction,clean,all
Daylight,Harry Styles,clean,all
Loco Contigo (feat. J. Balvin & Tyga),DJ Snake,clean,all
Me Escapï¿,DobleP,explicit,18+
Hey Driver (feat. The War and Treaty),Zach Bryan,clean,all
You Should Probably Leave,Chris Stapleton,clean,all
Me Atraiu - Ao Vivo,Gabriela Rocha,clean,all
Essence (feat. Tems),Wizkid,clean,all
What About Us,P!nk,clean,all
"Go Loko (feat. Tyga, Jon Z)",YG,explicit,18+
Break My Heart,Dua Lipa,clean,all
LALALALA,Stray Kids,clean,all
HIGHEST IN THE ROOM,Travis Scott,explicit,18+
Only Fine Girl,Spyro,clean,all
HOT,SEVENTEEN,clean,all
La Llevo Al Cielo (Ft. ï¿½ï¿½engo F,Chris Jedi,explicit,18+
Forever (feat. Fridayy),Lil Baby,explicit,18+
LLYLM,ROSALï¿½,clean,all
In Da Getto,J Balvin,clean,all
Let Me Down Slowly,Alec Benjamin,clean,all
REAL GANGSTA LOVE,Trueno,explicit,18+
Beautiful As You,Thomas Rhett,clean,all
Best Time,Brent Faiyaz,explicit,18+
Tï¿½ï¿½ï¿½t Bï¿½ï¿½n,Hana Cï¿½ï¿½ï¿½m,clean,all
Graduation (with Juice WRLD),benny blanco,explicit,18+
"Kesariya (From ""Brahmastra"")",Pritam,clean,all
Lalala,ati2x06,clean,all
Here We Go (Uh Oh),Coco Jones,clean,all
"0 Sentimientos (Remix) [feat. Baby Rasta, Noriel, Darkiel, Messiah & Lyan]",Boy Wonder CF,clean,all
HIBIKI,Bad Bunny,explicit,18+
Lie,NF,clean,all
VAGABUNDO,Sebastian Yatra,clean,all
I'm the One,DJ Khaled,explicit,18+
Late Night Talking,Harry Styles,clean,all
Quï¿½ï¿½ Mï¿½ï¿,J Balvin,clean,all
Entre Nosotros (Remix) [con Nicki Nicole],Tiago PZK,clean,all
Feliz Cumpleaï¿½ï¿½os Fe,Feid,clean,all
Hecha Pa' Mi,Boza,clean,all
Closer,The Chainsmokers,clean,all
Admirin' You (feat. Preston Pablo),Karan Aujla,clean,all
WITHOUT YOU,The Kid LAROI,explicit,18+
Diamonds,Sam Smith,clean,all
Watch The World Burn,Falling In Reverse,explicit,18+
Calm Down Baby,DJ Laxman,clean,all
Wide Awake,Katy Perry,clean,all
Empire State Of Mind,JAY-Z,explicit,18+
"You're On Your Own, Kid",Taylor Swift,clean,all
Be Like That - feat. Swae Lee & Khalid,Kane Brown,clean,all
Destino o casualidad (feat. Ha*Ash),Melendi,clean,all
Talk talk,Charli xcx,clean,all
Next Thing You Know,Jordan Davis,clean,all
i'm yours sped up,Isabel LaRosa,clean,all
Bipolar,Mc Davi,explicit,18+
ýýýýýýýýýýýýýýýýýýýýýýýýýýýýýýýýýýýýýýýýýýýýýýýýýýýýýýýýýýýýýýýýýýýýýýýýýýýýýýýýýýýýýýýýýýýýýýýýýýýýýýýýýýýýýýýýýý,TaitosmitH,clean,all
SHOOTING STAR,XG,clean,all
idontwannabeyouanymore,Billie Eilish,clean,all
Burn,Kanye West,explicit,18+
Make No Sense,YoungBoy Never Broke Again,explicit,18+
DON'T YOU WORRY,Black Eyed Peas,clean,all
No_se_ve.mp3,Emilia,explicit,18+
Hero,Alan Walker,clean,all
Cute,Aurel Surya Lie,clean,all
Percherï¿½,El Reino Infantil,clean,all
my future,Billie Eilish,clean,all
Samba de Malandro,MC Paulin da Capital,explicit,18+
Pop Out (feat. Lil Tjay),Polo G,explicit,18+
Sahara,Hensonn,explicit,18+
Out of Time,The Weeknd,clean,all
Sal y Perrea,Sech,clean,all
Se Acabï¿½ï¿½ la Cuaren,Jowell & Randy,explicit,18+
QLONA,KAROL G,explicit,18+
Pour It Up,Rihanna,explicit,18+
La Nota,Manuel Turizo,clean,all
"You're Gonna Go Far, Kid",The Offspring,explicit,18+
"Ruaan (From ""Tiger 3"")",Pritam,clean,all
Count Me Out,Kendrick Lamar,explicit,18+
Chorei na Vaquejada,Eric Land,clean,all
Just Give Me a Reason,P!nk,clean,all
Mirror,Lil Wayne,explicit,18+
Am I Wrong,Nico & Vinz,clean,all
TQM,Fuerza Regida,explicit,18+
Bohemian Rhapsody,Queen,clean,all
King Shit,Shubh,clean,all
"Not Ramaiya Vastavaiya (From ""Jawan"")",Anirudh Ravichander,clean,all
Stay With Me,Sam Smith,clean,all
I Got Love,MiyaGi,clean,all
Take Me to Church,Hozier,clean,all
"Baguettes in the Face (feat. NAV, Playboi Carti & A Boogie Wit da Hoodie)",Mustard,explicit,18+
comethru,Jeremy Zucker,clean,all
Sobrio,Maluma,clean,all
Heavy stunts (with Don Toliver),Yeat,explicit,18+
Night Changes,One Direction,clean,all
Back To Back (feat. Future),Nardo Wick,explicit,18+
You Are The Reason,Calum Scott,clean,all
La Diabla,Xavi,clean,all
We're Good,Dua Lipa,clean,all
Check It Out,Parmish Verma,clean,all
Rewrite The Stars,Zac Efron,clean,all
Asking,Sonny Fodera,clean,all
Vamos Para Arriba,Junior H,explicit,18+
TRUSTFALL,P!nk,clean,all
Yebbaï¿½ï¿½ï¿½s Hear,Drake,explicit,18+
X (feat. Future),21 Savage,explicit,18+
Una Vida Pasada,Camilo,clean,all
No Me Conoce,Jhay Cortez,clean,all
Bad idea,Kurochuu,clean,all
Miï¿½ï¿½n,TINI,clean,all
7 Summers,Morgan Wallen,clean,all
Chillax,Farruko,clean,all
Fight The Feeling,Rod Wave,explicit,18+
How Far I'll Go,Auli'i Cravalho,clean,all
Zaalim,Badshah,clean,all
Dilemma,Green Day,clean,all
Apa Fer Milaange,Savi Kahlon,clean,all
Think U The Shit (Fart),Ice Spice,explicit,18+
Go Hard,Lil Baby,explicit,18+
Yeah! (feat. Lil Jon & Ludacris),USHER,clean,all
ýýýýýýýýýýýý (ýýýýýýýýýýýýýý ýýýýýýýýýýýý) [prod. by wex & heysubr],BUSHIDO ZHO,explicit,18+
After LIKE,IVE,clean,all
King Size,Roddy Ricch,explicit,18+
Malibu,Miley Cyrus,clean,all
Kool-Aid,Bring Me The Horizon,explicit,18+
King's Dead (with Kendrick Lamar & Future),Jay Rock,explicit,18+
No Me Acuerdo,Thalia,clean,all
My wrist (with Young Thug),Yeat,explicit,18+
Everything I Love,Morgan Wallen,clean,all
Close,Kush & TJ,clean,all
BIZCOCHITO,ROSALï¿½,explicit,18+
CUAL ES ESA,Feid,explicit,18+
Bejeweled,Taylor Swift,clean,all
Starboy,The Weeknd,explicit,18+
Love Lies (with Normani),Khalid,explicit,18+
Lose My Breath (Feat. Charlie Puth),Stray Kids,clean,all
Amor a Primera Vista,Los ï¿½ï¿½ngeles Az,clean,all
Through Da Storm,Polo G,explicit,18+
Filhaal2 Mohabbat,B Praak,clean,all
TE MUDASTE,Bad Bunny,explicit,18+
It's That Time,Marlon Hoffstadt,clean,all
Tenho Que Me Decidir,MC PH,explicit,18+
One More Night,Maroon 5,clean,all
Rags2Riches (feat. ATR Son Son),Rod Wave,explicit,18+
Cooped Up (with Roddy Ricch),Post Malone,explicit,18+
Wishing Well,Juice WRLD,explicit,18+
BRODYAGA FUNK,Eternxlkz,explicit,18+
Sent Gamkauwa,Shivani Singh,clean,all
Head Shoulders Knees & Toes (feat. Norma Jean Martine),Ofenbach,clean,all
UNA BALA,Milo j,clean,all
Midnight Sky,Miley Cyrus,clean,all
Dancing in My Room,347aidan,explicit,18+
El Mejor,Chayï¿½ï¿½n R,explicit,18+
ýýýý(ýý)ýý,Nï¿½,clean,all
snowfall,ýýneheart,clean,all
Been Like This,Meghan Trainor,clean,all
Holanda,Jhayco,explicit,18+
Ranjha Maahi,Siddhant,clean,all
la noia,Angelina Mango,clean,all
Moonlight,XXXTENTACION,explicit,18+
ýýýýýý (HEYA),IVE,clean,all
Into You,Ariana Grande,clean,all
Halls na Lï¿½ï¿½,Kadu Martins,clean,all
All Eyes on Me,Dj Belite,explicit,18+
quï¿½ï¿½ le pasa conm,Nicki Nicole,clean,all
Bad Boy (with Young Thug),Juice WRLD,explicit,18+
Monkeys Spinning Monkeys,Kevin MacLeod,clean,all
SUGAR,BROCKHAMPTON,explicit,18+
BARBIEZ,Fuerza Regida,explicit,18+
6. A.M.,Azul,clean,all
ADIï¿½,Maria Becerra,explicit,18+
Best For Me,Joyner Lucas,explicit,18+
Fuck Niggaz,YoungBoy Never Broke Again,explicit,18+
Make You Mine,Madison Beer,clean,all
Low (feat. T-Pain),Flo Rida,clean,all
"Apna Bana Le (From ""Bhediya"")",Arijit Singh,clean,all
MIDDLE CHILD,J. Cole,explicit,18+
Clap For 'Em (feat. Flo Milli & Sada Baby),YungManny,explicit,18+
I Took A Pill In Ibiza - Seeb Remix,Mike Posner,explicit,18+
Mo Bamba,Sheck Wes,explicit,18+
Time Today,Moneybagg Yo,explicit,18+
"Non, je ne regrette rien",ýýdith Piaf,clean,all
Imagine,Carbonne,clean,all
Shape of You,Ed Sheeran,clean,all
IDGAF,Dua Lipa,explicit,18+
Come See Me,Rod Wave,explicit,18+
Big Gangsta,Kevin Gates,explicit,18+
i need you it's so dark,Garfy,clean,all
Superhero (Heroes & Villains),Metro Boomin,explicit,18+
Solar Eclipse,YoungBoy Never Broke Again,explicit,18+
Oi Erro - Ao Vivo,Simone Mendes,clean,all
Pipoco,Ana Castela,clean,all
Frï¿½ï¿½gil (feat. Grupo Front,Yahritza Y Su Esencia,clean,all
Praise Jah In The Moonlight,YG Marley,explicit,18+
Yummy Fruits and Vegetables,D Billions,clean,all
Cake By The Ocean - Cover,epi records,explicit,18+
White Horse,Chris Stapleton,clean,all
People (feat. Ayra Starr & Omah Lay),Libianca,explicit,18+
Fancy Like,Walker Hayes,clean,all
Infinity,Jaymes Young,clean,all
Termina Comigo Antes,Gusttavo Lima,clean,all
Rush,Ayra Starr,clean,all
Home,Good Neighbours,clean,all
