IsTestSet	OBJECT	SAMPLE	IsHit	spotify_popularity	Artist	Track	Album_Name	Release_Date	ISRC	All_Time_Rank	Track_Score	Spotify_Streams	Spotify_Playlist_Count	Spotify_Playlist_Reach	YouTube_Views	YouTube_Likes	TikTok_Posts	TikTok_Likes	TikTok_Views	YouTube_Playlist_Reach	Apple_Music_Playlist_Count	AirPlay_Spins	SiriusXM_Spins	Deezer_Playlist_Count	Deezer_Playlist_Reach	Amazon_Playlist_Count	Pandora_Streams	Pandora_Track_Stations	Soundcloud_Streams	Shazam_Counts	TIDAL_Popularity	Explicit_Track	region	market_size	q_popularity	q_streams	q_track_score
True	obj1	valid	0	94	H. Andersson	Ember Valley	Origin Arc	29.01.2025	MV202500003	2194	82,2	1,936,522	13,331	73,051,758	429,493	14,038	1,435,856	37,392	67,131	9,984,625	442	321,425	14287	41	7,449,889	107	37,350,690	42,843	17,505,987	1,809,982	99	1	Asia-Pacific	large	4	0	3
True	obj2	valid	0	59	A. Volkov	Jade Frequency	New Dawn	29.09.2025	MV202500005	917	31	1,879,551	185,826	70,298,963	1,388,744	60,086	615,097	345,262	470,312	17,560,191	473	42,826	48599	20	7,606,021	153	6,419,573	47,528	16,494,107	1,325,283	87	0	Americas	large	2	0	0
True	obj3	valid	0	48	C. Wright	City of Glass 3	Prime Story	16.05.2025	MV202500008	4553	105,8	2,331,258	132,408	38,938,846	1,736,527	30,555	435,480	554,110	755,669	14,714,743	30	156,802	5014	143	9,193,871	106	2,843,978	50,782	25,540,276	342,606	6	0	Europe	small	1	1	4
True	obj4	valid	0	60	T. Kim	Carbon Dreams 2025	Universe Zero	11.10.2025	MV202500010	946	118,7	45,100,906	177,953	59,395,910	12,381,735	200,805	563,584	9,127,644	16,336,319	6,857,605	343	426,456	50540	75	9,081,590	10	31,714,222	82,934	1,322,602	1,667,782	13	0	Americas	small	2	4	4
True	obj5	valid	0	68	I. Hassan	Ocean of Stars	Open Sky	18.03.2025	MV202500011	1214	73,9	1,716,595	86,014	3,355,890	788,247	19,379	1,866,182	432,637	1,696,867	797,897	178	341,033	66693	106	5,598,835	174	48,691,851	74,947	27,772,914	1,183,686	16	0	Americas	large	2	0	2
True	obj6	valid	0	89	C. Wright	Iron Garden 2025	Legacy Cycle	08.10.2025	MV202500014	4752	86,1	1,601,441	121,371	25,786,715	1,081,443	29,925	1,351,286	157,139	413,477	15,874,707	479	367,980	65885	85	6,638,538	123	4,669,360	95,199	7,046,057	1,552,097	80	1	Europe	small	4	0	3
True	obj7	valid	0	45	E. Brooks	Crystal Fault	Standalone	11.09.2025	MV202500015	3483	108	13,349,800	43,846	64,330,747	4,668,954	176,656	929,153	704,811	1,945,797	18,349,400	60	66,669	46464	159	5,589,252	63	37,762,500	44,257	24,450,195	4,460,101	42	0	Americas	small	1	3	4
True	obj8	valid	0	89	J. Martinez	Arctic Pulse 2025	Open Sky	03.08.2025	MV202500017	4000	46,4	7,082,192	43,962	34,872,519	3,212,945	35,859	672,325	1,579,639	4,899,404	8,086,333	82	233,695	12762	186	269,664	78	28,219,599	2,710	19,282,489	678,497	46	1	Europe	large	4	3	1
True	obj9	valid	0	34	W. Stone	Arctic Pulse	Standalone	04.08.2025	MV202500018	4419	94,9	4,035,359	10,511	76,154,056	965,272	18,310	137,329	136,204	528,525	805,162	15	123,641	83922	186	2,385,449	94	5,719,472	94,775	13,951,019	1,281,218	36	0	Americas	small	0	1	3
True	obj10	valid	0	32	V. Popov	Final Orbit 2025	Chronicles Saga	12.07.2025	MV202500019	1990	75,8	10,088,196	20,470	61,800,745	3,505,555	154,285	1,200,863	2,192,712	3,374,483	19,676,887	391	173,601	42837	111	5,059,607	68	42,478,781	82,233	3,166,166	4,803,937	63	0	Latin America	large	0	3	2
True	obj11	valid	0	71	T. Kim	Blue Static 2025	Open Sky	05.09.2025	MV202500020	2641	116,4	10,777,823	170,357	66,460,174	4,296,636	57,860	1,763,274	2,688,668	5,062,271	9,294,169	305	189,494	2869	255	1,818,398	42	39,891,617	34,033	26,409,599	3,505,918	27	1	Americas	small	3	3	4
True	obj12	valid	0	73	N. Fischer	Carbon Dreams 2025	Legacy Cycle	09.01.2025	MV202500021	4765	87,5	12,140,367	73,867	44,282,301	1,454,294	34,539	1,993,263	901,579	2,471,307	7,036,210	226	153,311	23053	216	3,155,479	148	47,543,878	69,016	5,746,229	3,693,023	27	0	Europe	small	3	3	3
True	obj13	valid	0	93	M. Chen	Echo Chamber	Standalone	08.01.2025	MV202500022	4534	102,4	18,216,028	58,498	75,527,728	10,583,764	375,880	1,505,609	850,853	1,265,427	245,308	142	239,357	34070	289	2,524,783	172	5,704,357	6,534	14,752,396	2,885,105	68	1	Asia-Pacific	large	4	4	4
True	obj14	valid	0	88	T. Kim	Aurora Debt 2025	Universe Zero	12.04.2025	MV202500024	1166	97,7	4,083,696	14,374	13,282,163	1,506,288	33,596	1,497,940	685,746	1,915,823	5,772,211	62	344,338	69973	282	5,004,721	98	4,022,092	3,986	12,960,859	1,611,607	25	1	Americas	small	4	1	3
True	obj15	valid	0	94	R. Silva	Blue Static 2025	Prime Story	31.03.2025	MV202500025	4796	85,6	96,348,255	87,233	65,141,453	38,816,362	1,892,771	940,073	19,167,305	44,916,176	6,421,165	52	80,412	41164	148	6,625,835	80	38,024,988	3,669	2,641,793	1,261,994	11	0	Latin America	large	4	4	3
True	obj16	valid	0	51	D. Rossi	Lunar Cartography 2025	Prime Story	15.04.2025	MV202500026	3971	80,4	4,995,929	24,373	77,852,013	1,250,441	42,958	478,670	239,773	394,057	11,016,780	276	46,604	99225	273	4,614,478	23	41,607,158	49,837	21,498,099	2,544,360	27	0	Latin America	medium	1	2	3
True	obj17	valid	0	87	A. Volkov	Broken Compass 2025	Prime Story	01.08.2025	MV202500027	2318	68,4	6,305,558	145,237	66,999,699	1,922,605	63,824	1,319,915	1,503,484	5,446,716	8,930,947	242	166,219	76287	113	9,328,522	173	49,038,731	23,880	11,489,125	4,280,064	41	0	Americas	large	4	2	2
True	obj18	valid	0	39	E. Brooks	Carbon Dreams 2025	Origin Arc	19.01.2025	MV202500028	3607	118,8	2,990,426	20,032	72,836,229	432,668	4,592	288,396	867,081	3,154,971	19,399,135	37	390,762	26502	186	3,974,833	16	16,428,279	67,435	16,008,669	4,770,697	62	0	Americas	small	0	1	4
True	obj19	valid	0	60	D. Rossi	Electric Mirage 2025	Chronicles Saga	16.02.2025	MV202500029	1363	39,7	5,129,131	138,830	72,274,890	1,925,878	22,801	1,592,307	197,720	399,677	7,496,821	72	265,583	56592	237	1,699,836	15	43,541,979	61,971	7,224,893	4,564,145	14	0	Latin America	medium	2	2	1
True	obj20	valid	0	86	B. Carter	Paper Kingdom 2025	Universe Zero	22.11.2025	MV202500031	796	96,5	85,818,641	180,690	51,710,785	16,528,583	369,534	881,702	7,095,637	20,029,611	14,647,195	45	147,555	74748	52	1,321,597	107	48,574,479	53,085	27,404,609	4,152,363	25	0	Asia-Pacific	large	4	4	3
True	obj21	valid	0	72	P. Singh	Ocean of Stars 2025 2	Dark Matter	13.12.2025	MV202500032	740	50,6	4,515,308	158,157	1,123,353	2,678,311	84,267	909,626	1,328,327	4,096,453	13,446,815	292	411,208	94029	32	2,338,219	5	44,211,742	56,140	27,457,677	1,106,836	6	0	Latin America	small	3	2	1
True	obj22	valid	0	41	D. Rossi	Winter Echo 2025	Final Chapter	19.02.2025	MV202500033	3040	29,7	16,306,969	134,130	59,453,778	3,687,006	176,382	838,311	2,705,138	8,868,397	3,090,458	207	49,510	48934	122	9,515,215	6	18,526,497	44,338	28,516,655	4,277,250	9	0	Latin America	medium	0	4	0
True	obj23	valid	1	37	A. Volkov	Velvet Storm 2025	Open Sky	21.08.2025	MV202500034	415	56,8	237,817,587	157,380	19,493,076	28,242,043	424,674	1,129,199	17,006,498	23,674,889	15,303,147	103	107,975	86969	98	1,475,541	180	141,777	85,840	4,340,639	649,960	25	1	Americas	large	0	4	1
True	obj24	valid	0	68	S. Patel	Ocean of Stars 2025	Origin Arc	29.03.2025	MV202500040	3578	58,9	7,535,405	168,912	19,472,884	4,905,485	164,602	1,047,972	1,426,123	3,291,701	6,205,491	169	166,534	16813	153	1,140,266	101	45,296,136	34,937	21,821,373	4,094,743	81	1	Europe	large	2	3	1
True	obj25	valid	0	59	D. Rossi	Carbon Dreams	Open Sky	18.11.2025	MV202500041	4625	94,8	2,347,470	128,634	78,922,690	987,317	22,637	1,941,949	537,075	1,119,902	8,795,256	234	315,692	79632	177	3,519,422	14	23,087,124	3,760	11,062,127	1,435,385	64	0	Latin America	medium	2	1	3
True	obj26	valid	0	39	G. Murphy	Infinite Margin 2025	New Dawn	20.10.2025	MV202500042	1236	75,9	802,374	191,548	36,047,343	432,381	18,349	1,674,770	82,839	327,270	1,686,582	323	19,571	70762	297	5,240,685	121	18,194,897	91,793	11,622,496	3,872,323	67	1	Europe	medium	0	0	2
True	obj27	valid	0	34	O. Dubois	Arctic Pulse	Universe Zero	03.12.2025	MV202500043	668	73,6	7,812,402	116,589	11,322,856	6,041,389	144,950	1,935,396	1,443,600	4,555,631	7,839,159	297	469,001	30958	113	7,916,619	162	33,505,819	82,895	22,163,240	3,427,072	52	0	Latin America	large	0	3	2
True	obj28	valid	0	37	N. Fischer	Northern Code 2025	Chronicles Saga	09.04.2025	MV202500044	829	33,9	4,297,361	101,587	43,186,262	945,020	37,371	1,053,110	214,412	654,686	17,527,855	309	298,623	15425	54	6,928,456	124	45,132,799	72,118	1,310,772	1,821,497	71	0	Europe	small	0	2	0
True	obj29	valid	0	75	D. Rossi	Solar Drift 2025	Open Sky	29.08.2025	MV202500045	3783	39,6	12,520,422	153,910	62,252,141	9,114,626	274,498	837,379	829,661	1,372,062	3,993,954	302	436,500	5217	144	3,712,121	186	35,570,048	51,590	3,740,333	419,375	16	0	Latin America	medium	3	3	1
True	obj30	valid	0	38	L. Nakamura	Shadow Circuit 2025	Origin Arc	03.12.2025	MV202500048	364	93,5	1,322,550	70,524	27,090,395	689,303	24,616	1,660,784	309,126	963,580	19,616,383	239	91,138	13485	214	9,436,051	7	10,079,549	79,110	26,573,711	1,577,979	31	0	Americas	small	0	0	3
True	obj31	valid	0	67	S. Patel	Winter Echo 2025	Standalone	11.11.2025	MV202500050	3328	51,9	7,552,934	72,725	64,089,667	6,031,870	224,243	1,905,583	676,901	1,082,894	12,151,458	390	17,399	6723	233	3,663,284	76	28,362,232	60,509	20,371,861	4,744,117	37	0	Europe	large	2	3	1
True	obj32	valid	0	74	Q. Jensen	Obsidian Heart 2025 2	Origin Arc	23.09.2025	MV202500053	1848	28,5	6,816,541	69,270	75,272,915	1,123,104	51,434	1,691,882	393,659	748,619	12,701,141	275	62,585	30282	160	5,025,731	33	47,080,349	15,419	19,761,986	3,603,163	60	0	Americas	medium	3	2	0
True	obj33	valid	0	33	J. Martinez	Blue Static 2025 2	Final Chapter	29.05.2025	MV202500055	1309	64	3,086,902	162,714	74,700,785	2,343,077	91,017	379,749	804,469	1,324,283	19,919,388	233	439,537	49737	27	3,932,421	91	12,036,432	58,334	1,459,743	1,406,781	59	0	Europe	large	0	1	2
True	obj34	valid	0	69	N. Fischer	Feral Harmony	Prime Story	07.05.2025	MV202500059	1699	82,5	1,613,692	138,078	39,125,356	418,357	12,212	1,121,019	155,825	594,715	14,433,287	143	286,738	54319	268	3,945,324	69	38,653,216	14,647	1,261,994	4,776,568	7	0	Europe	small	2	0	3
True	obj35	valid	0	41	J. Martinez	Glass Reactor 2025	Open Sky	24.11.2025	MV202500063	1796	67,8	1,906,336	191,476	38,259,770	1,405,156	39,624	1,977,677	182,171	409,183	14,038,814	456	378,675	80199	247	7,618,596	136	29,790,723	78,737	15,765,199	2,640,865	36	0	Europe	large	0	0	2
True	obj36	valid	0	53	M. Chen	Silver Transit 2025	New Dawn	26.10.2025	MV202500064	3715	32,3	13,976,977	26,475	33,239,811	5,823,101	189,579	1,117,638	3,783,258	11,666,620	6,163,391	10	127,228	301	65	730,295	84	35,019,243	54,116	1,807,668	4,471,092	98	0	Asia-Pacific	large	1	4	0
True	obj37	valid	0	89	J. Martinez	Ocean of Stars	Standalone	11.11.2025	MV202500066	1689	91,1	3,609,986	13,551	47,519,592	2,254,581	62,807	1,344,080	961,301	3,501,245	4,894,683	22	219,481	53975	226	7,760,636	28	49,674,172	23,416	27,491,910	2,880,551	57	0	Europe	large	4	1	3
True	obj38	valid	0	83	B. Carter	Silver Transit	Universe Zero	01.02.2025	MV202500067	3500	118,5	11,844,055	111,214	3,760,258	5,537,552	131,664	1,286,667	2,150,684	4,876,101	10,489,261	348	204,129	29988	55	5,379,282	48	11,267,227	85,754	4,330,552	2,315,125	5	0	Asia-Pacific	large	4	3	4
True	obj39	valid	0	39	M. Chen	Golden Ratio 2025	Legacy Cycle	09.07.2025	MV202500068	2200	41,8	3,854,606	75,495	48,401,506	460,039	5,328	145,661	848,512	2,929,930	11,751,673	335	108,508	20888	272	3,031,880	181	10,590,388	19,002	22,244,256	3,734,396	75	0	Asia-Pacific	large	0	1	1
True	obj40	valid	0	40	G. Murphy	White Noise 2025	Origin Arc	01.10.2025	MV202500069	4074	40,1	18,740,481	93,254	64,227,301	10,055,036	391,106	1,523,281	1,863,599	3,907,320	4,062,549	156	22,857	86408	222	162,199	110	29,201,594	72,001	8,855,768	980,958	23	0	Europe	medium	0	4	1
True	obj41	valid	0	60	I. Hassan	Lunar Cartography	Prime Story	30.07.2025	MV202500071	2349	65,7	10,504,035	3,526	65,054,446	618,563	22,862	1,612,354	1,717,736	6,436,984	2,140,328	48	74,448	19193	157	8,152,143	53	19,844,821	37,305	12,180,822	2,825,010	99	1	Americas	large	2	3	2
True	obj42	valid	0	63	Q. Jensen	Jade Frequency	Standalone	13.07.2025	MV202500072	1404	105,1	52,845,411	16,628	67,627,930	24,548,071	878,729	662,608	1,388,425	5,465,565	19,476,794	447	459,576	22976	270	6,922,877	113	13,554,752	92,415	20,532,862	1,401,865	54	0	Americas	medium	2	4	4
True	obj43	valid	0	56	G. Murphy	Electric Mirage 2025	Chronicles Saga	13.03.2025	MV202500073	2834	104,2	2,261,005	10,833	34,972,689	1,453,540	63,297	681,251	474,585	1,591,385	19,097,167	198	386,777	2962	81	9,925,858	98	17,790,559	94,114	12,955,438	3,398,474	66	1	Europe	medium	1	1	4
True	obj44	valid	0	66	F. Nguyen	Blue Static 2025	Prime Story	02.02.2025	MV202500075	631	32,8	1,955,742	72,288	75,538,341	343,048	13,322	991,655	176,073	515,308	9,157,232	67	3,383	39569	252	3,798,899	172	22,011,146	43,061	24,706,057	3,255,184	59	0	Asia-Pacific	large	2	0	0
True	obj45	valid	0	48	O. Dubois	Quantum Rain 2025	Legacy Cycle	22.12.2025	MV202500076	3081	33,7	10,213,246	56,131	62,871,463	5,358,653	131,826	1,864,141	2,968,493	5,222,885	19,945,298	89	383,808	2691	218	9,429,749	41	39,884,276	83,128	2,074,760	4,238,939	79	0	Latin America	large	1	3	0
True	obj46	valid	0	49	Y. Tanaka	White Noise 2025	New Dawn	28.10.2025	MV202500080	1414	116,4	589,911	162,766	56,482,008	80,035	1,752	1,229,007	66,114	95,026	2,678,955	58	152,690	18304	208	5,108,248	83	6,893,364	38,370	5,572,610	3,177,508	69	0	Asia-Pacific	medium	1	0	4
True	obj47	valid	0	33	G. Murphy	City of Glass 2025	Dark Matter	06.09.2025	MV202500081	4055	62,4	5,268,540	81,885	39,343,153	802,930	30,837	887,759	1,298,234	2,165,856	11,307,955	397	110,264	3269	67	2,886,703	156	28,282,523	77,254	14,859,400	2,554,029	57	0	Europe	medium	0	2	2
True	obj48	valid	0	73	T. Kim	Northern Code 2025 4	New Dawn	07.05.2025	MV202500082	2856	61,3	7,468,554	172,453	6,967,770	2,041,019	91,053	234,860	2,239,077	7,776,961	4,197,563	368	344,566	86104	183	4,281,670	123	39,242,465	81,352	24,163,214	2,850,371	53	0	Americas	small	3	3	2
True	obj49	valid	0	90	Q. Jensen	Electric Mirage 2025 3	Universe Zero	31.01.2025	MV202500083	1088	69	2,156,804	50,010	56,914,473	1,713,288	73,909	1,522,971	563,883	1,744,347	9,789,174	288	134,358	41422	135	6,336,277	176	4,654,739	51,561	8,346,770	4,681,680	36	0	Americas	medium	4	0	2
True	obj50	valid	0	70	F. Nguyen	Desert Oracle 2025	Legacy Cycle	01.10.2025	MV202500084	2200	63,1	37,337,554	64,640	22,694,610	13,004,180	414,734	261,275	10,856,165	38,938,710	15,766,073	447	381,127	4594	187	8,367,021	3	46,471,643	15,798	13,695,544	4,959,191	42	0	Asia-Pacific	large	3	4	2
True	obj51	valid	0	83	W. Stone	Deep Current	Prime Story	29.11.2025	MV202500085	1919	24,8	274,462	85,903	7,305,022	47,795	659	426,921	34,291	48,632	11,873,589	259	222,533	806	103	1,205,937	172	34,701,550	47,770	6,868,406	446,655	80	1	Americas	small	4	0	0
True	obj52	valid	0	39	D. Rossi	Broken Compass 2025	Universe Zero	05.02.2025	MV202500086	2877	100,4	3,772,876	144,514	50,250,122	1,689,800	27,129	823,478	47,001	146,755	17,199,250	43	50,232	75244	176	3,840,319	192	15,725,183	13,983	8,309,029	421,243	55	0	Latin America	medium	0	1	4
True	obj53	valid	0	67	B. Carter	Desert Oracle 2025	Prime Story	07.11.2025	MV202500087	448	104	13,505,297	156,781	63,504,304	5,836,205	114,235	771,832	3,064,009	5,745,105	12,761,646	35	444,362	1206	108	3,164,726	77	41,948,665	42,086	16,390,686	863,851	47	0	Asia-Pacific	large	2	4	4
True	obj54	valid	0	45	R. Silva	Final Orbit 2025	Standalone	31.03.2025	MV202500089	4067	78,9	1,354,884	190,607	41,845,198	189,117	7,814	1,441,558	291,694	486,398	2,538,612	390	134,382	88641	231	293,562	161	13,599,029	6,387	21,369,697	2,883,258	7	0	Latin America	large	1	0	3
True	obj55	valid	0	56	A. Volkov	Crimson Archive 2025	Dark Matter	12.12.2025	MV202500090	361	53,6	3,180,333	171,751	992,922	1,883,023	22,293	728,016	242,459	915,678	3,579,218	480	17,681	80311	214	6,557,032	44	12,413,159	91,585	9,598,054	4,129,984	57	1	Americas	large	1	1	1
True	obj56	valid	0	72	L. Nakamura	Frozen Ledger	Legacy Cycle	04.03.2025	MV202500094	1624	41,2	3,877,287	164,752	29,785,457	228,634	8,050	1,289,405	972,454	2,752,537	5,176,413	406	10,900	6447	270	4,434,313	25	45,253,898	82,935	9,946,496	213,481	46	1	Americas	small	3	1	1
True	obj57	valid	0	40	M. Chen	Electric Mirage 2025	Universe Zero	06.04.2025	MV202500095	2014	18,1	11,779,920	129,490	39,916,339	3,018,443	136,769	958,113	1,641,453	2,372,917	7,660,305	209	321,326	79719	74	9,940,872	108	976,499	38,249	21,401,120	2,398,422	78	0	Asia-Pacific	large	0	3	0
True	obj58	valid	0	55	A. Volkov	Lunar Cartography 2025	Legacy Cycle	20.01.2025	MV202500097	4313	34,8	37,332,018	95,649	26,545,402	4,393,718	151,870	1,612,910	2,891,767	6,229,228	3,549,197	401	434,108	5955	44	7,046,963	28	5,546,029	52,629	10,946,695	362,658	70	0	Americas	large	1	4	0
True	obj59	valid	0	34	Q. Jensen	Hollow Crown 2025	Dark Matter	07.09.2025	MV202500098	2924	117,5	6,883,688	44,725	47,120,122	3,695,750	62,879	613,715	416,592	1,303,014	2,546,967	364	474,394	94869	117	9,942,831	193	1,619,137	60,238	27,631,146	4,837,658	22	0	Americas	medium	0	2	4
True	obj60	valid	0	93	Q. Jensen	Parallel Lines 2025	Legacy Cycle	21.06.2025	MV202500099	556	32,6	9,895,448	70,161	62,963,730	3,809,474	147,870	96,390	860,029	2,087,304	8,393,064	83	207,009	88177	105	3,753,475	165	39,436,499	57,805	22,747,306	1,127,913	45	0	Americas	medium	4	3	0
True	obj61	valid	0	35	Q. Jensen	Ghost Frequency 2025	New Dawn	17.02.2025	MV202500100	254	108,2	3,257,594	86,321	52,294,277	988,559	33,900	868,457	963,368	1,300,504	6,621,891	487	204,639	55411	277	5,401,254	132	14,870,032	9,591	11,787,066	2,748,313	49	1	Americas	medium	0	1	4
True	obj62	valid	0	48	F. Nguyen	Northern Code	Final Chapter	11.02.2025	MV202500101	4007	25,2	27,517,046	178,986	21,207,701	11,149,301	397,747	775,115	1,196,925	2,679,744	7,628,903	93	22,308	43974	79	8,370,787	112	7,556,533	69,647	2,901,078	3,340,705	80	0	Asia-Pacific	large	1	4	0
True	obj63	valid	0	59	P. Singh	Winter Echo 2025	Prime Story	20.12.2025	MV202500104	166	87,8	3,285,331	67,639	63,494,228	749,661	16,820	1,685,708	743,363	2,678,379	13,697,040	486	113,978	30048	223	7,740,309	64	36,439,970	60,497	2,678,605	2,208,582	91	0	Latin America	small	2	1	3
True	obj64	valid	0	47	B. Carter	Binary Sunset 2025 4	Dark Matter	06.12.2025	MV202500107	4865	86,1	3,679,615	121,849	23,885,089	2,851,201	40,841	127,767	932,487	3,699,558	12,811,894	430	130,573	71109	267	2,987,911	29	38,273,719	89,968	24,162,894	4,011,818	60	0	Asia-Pacific	large	1	1	3
True	obj65	valid	0	63	O. Dubois	Crimson Archive 2025	Legacy Cycle	19.01.2025	MV202500108	1822	119,7	18,325,887	137,294	51,068,704	8,929,614	259,221	1,881,341	5,469,884	12,054,486	6,003,896	84	328,807	55824	88	4,707,808	148	36,259,331	55,903	27,378,742	4,734,616	89	0	Latin America	large	2	4	4
True	obj66	valid	0	83	V. Popov	Golden Ratio 2025	Open Sky	26.08.2025	MV202500109	584	59,1	2,744,636	94,496	15,571,558	1,889,436	27,949	1,361,427	401,967	1,078,697	8,262,145	435	75,389	99234	102	9,871,915	178	49,332,462	14,322	25,871,818	901,783	8	0	Latin America	large	4	1	1
True	obj67	valid	0	79	O. Dubois	Echo Chamber 2025	Universe Zero	26.09.2025	MV202500111	4016	46,3	6,588,786	71,914	15,082,198	1,998,881	95,793	1,836,418	1,762,582	4,105,928	4,568,365	363	65,602	73407	176	1,689,847	73	32,527,019	3,736	26,296,324	1,278,945	53	1	Latin America	large	3	2	1
True	obj68	valid	0	34	H. Andersson	Binary Sunset	Final Chapter	10.07.2025	MV202500114	3740	108,9	779,047	54,439	30,863,382	515,123	22,679	1,599,818	49,104	148,135	15,938,191	56	348,084	5864	282	1,593,953	83	29,537,515	80,226	20,351,794	906,302	37	0	Asia-Pacific	large	0	0	4
True	obj69	valid	0	34	V. Popov	Obsidian Heart	New Dawn	26.07.2025	MV202500116	3671	44,2	10,836,157	17,695	39,881,507	7,182,502	162,629	1,961,343	356,085	1,170,333	355,382	201	17,915	54909	247	7,917,832	192	31,876,906	89,011	16,869,977	3,272,979	45	0	Latin America	large	0	3	1
True	obj70	valid	0	74	O. Dubois	Glass Reactor 2025	Standalone	28.02.2025	MV202500117	2910	78	14,255,407	165,993	77,155,050	1,754,523	38,036	1,044,017	2,866,533	9,075,067	915,562	82	70,224	71685	216	1,069,615	122	9,377,170	93,021	11,786,894	2,285,230	78	0	Latin America	large	3	4	2
True	obj71	valid	0	91	O. Dubois	Burning Atlas 2025 4	Dark Matter	25.12.2025	MV202500119	4535	116,9	10,655,715	126,553	16,079,117	7,616,999	266,341	581,229	1,689,628	3,661,123	13,447,474	490	325,043	95832	151	6,943,119	64	5,770,262	35,223	14,411,097	2,853,190	66	0	Latin America	large	4	3	4
True	obj72	valid	1	30	N. Fischer	Neon Horizon 2025 2	Universe Zero	28.01.2025	MV202500120	2053	104	102,875,842	29,371	4,972,005	56,858,514	2,352,480	408,081	6,992,645	18,987,002	7,173,648	226	308,054	67552	168	2,243,073	129	19,444,333	51,092	23,905,009	3,480,642	69	1	Europe	small	0	4	4
True	obj73	valid	0	75	J. Martinez	Ember Valley	New Dawn	14.04.2025	MV202500121	3013	86,9	3,674,715	151,046	43,733,744	1,894,026	64,653	1,552,315	868,953	3,388,926	5,883,554	88	341,329	18697	52	5,138,468	75	21,425,390	55,659	3,901,995	2,919,930	25	0	Europe	large	3	1	3
True	obj74	valid	0	80	A. Volkov	Feral Harmony 2025	Universe Zero	11.08.2025	MV202500124	3762	36,6	964,626	143,401	3,040,526	515,998	6,671	356,066	272,533	519,268	1,408,841	410	455,493	40763	135	4,044,480	63	19,475,093	11,830	176,967	3,601,428	6	0	Americas	large	3	0	0
True	obj75	valid	0	31	F. Nguyen	Violet Engine	Standalone	13.08.2025	MV202500125	1281	87	3,140,437	106,740	10,919,153	1,055,375	27,059	1,594,989	780,133	2,128,225	19,202,685	72	338,644	91416	238	7,293,245	74	47,473,255	55,352	16,652,092	616,175	0	0	Asia-Pacific	large	0	1	3
True	obj76	valid	0	32	J. Martinez	Hollow Crown 2025	Universe Zero	27.11.2025	MV202500126	2071	93,6	20,222,276	38,945	14,516,825	13,924,940	584,658	1,704,517	1,037,645	3,718,800	18,647,397	497	230,632	54966	87	673,627	19	36,279,462	48,719	9,925,527	641,075	65	1	Europe	large	0	4	3
True	obj77	valid	0	33	C. Wright	Binary Sunset 2025	Origin Arc	20.03.2025	MV202500127	1382	62,3	51,548,661	1,065	19,701,549	24,442,519	461,011	1,479,658	5,964,339	14,440,543	16,802,201	67	366,486	87788	138	3,587,416	61	27,583,591	17,577	18,198,829	4,208,964	85	1	Europe	small	0	4	2
True	obj78	valid	0	84	V. Popov	Last Signal 2025	Final Chapter	20.11.2025	MV202500128	1743	23	5,950,064	181,270	44,132,003	436,708	13,860	1,997,456	1,063,563	2,682,190	15,503,944	182	111,653	77214	219	2,909,991	92	25,520,599	39,678	15,065,018	3,313,392	84	0	Latin America	large	4	2	0
True	obj79	valid	0	51	M. Chen	Iron Garden 2025	Origin Arc	16.03.2025	MV202500129	1793	61,9	6,975,951	152,318	18,547,675	4,199,102	86,393	468,113	1,047,899	3,219,187	10,357,704	395	194,046	91790	264	399,046	129	5,161,250	96,844	19,007,009	1,367,476	74	0	Asia-Pacific	large	1	2	2
True	obj80	valid	0	39	F. Nguyen	Last Signal 2025	Origin Arc	25.04.2025	MV202500130	3950	76,7	6,665,133	177,445	537,748	2,914,521	131,973	879,853	748,763	1,380,699	10,290,825	140	75,120	15735	180	8,169,550	132	20,730,684	33,022	3,400,160	3,376,147	47	0	Asia-Pacific	large	0	2	2
True	obj81	valid	0	66	G. Murphy	Violet Engine 2025	Dark Matter	17.07.2025	MV202500132	3439	111,8	5,523,369	165,320	48,444,826	823,865	14,085	1,803,226	81,763	235,434	17,555,052	265	376,191	9318	197	9,019,847	107	60,010	93,773	20,356,780	2,157,484	42	0	Europe	medium	2	2	4
True	obj82	valid	0	60	F. Nguyen	Quantum Rain 2025	Dark Matter	13.10.2025	MV202500134	2079	119,1	6,302,825	197,702	46,216,315	2,595,823	106,345	796,319	739,710	1,173,617	17,276,610	59	114,885	78310	284	1,002,786	101	39,304,056	80,085	18,420,761	3,422,822	5	0	Asia-Pacific	large	2	2	4
True	obj83	valid	0	79	H. Andersson	Violet Engine 2025 2	Final Chapter	09.07.2025	MV202500135	4269	64,5	19,988,844	57,365	77,082,750	2,199,368	27,048	1,547,239	418,747	708,000	9,887,367	5	425,283	93075	155	1,947,464	156	25,527,392	69,844	18,455,699	3,370,121	35	0	Asia-Pacific	large	3	4	2
True	obj84	valid	0	65	V. Popov	Velvet Storm 2025	Dark Matter	05.02.2025	MV202500136	2852	57,6	2,665,643	69,560	65,243,035	1,970,931	37,549	1,926,117	451,511	1,116,733	8,079,129	2	87,517	50623	167	5,031,691	67	5,850,449	51,328	7,730,801	2,689,516	79	0	Latin America	large	2	1	1
True	obj85	valid	0	48	E. Brooks	Golden Ratio 2025	New Dawn	24.08.2025	MV202500137	2113	40,5	4,531,767	13,604	50,696,607	3,273,716	162,926	1,353,858	1,178,199	2,172,368	6,314,613	477	258,252	972	249	2,482,576	18	33,684,895	82,107	2,280,864	4,656,981	47	0	Americas	small	1	2	1
True	obj86	valid	0	90	J. Martinez	Velvet Storm 2025	Legacy Cycle	04.05.2025	MV202500138	2917	86,7	14,917,344	31,283	8,544,076	10,510,117	491,952	1,351,656	1,043,703	3,191,213	12,276,539	382	270,736	4226	144	6,206,674	98	49,268,066	89,699	26,063,065	2,454,026	98	0	Europe	large	4	4	3
True	obj87	valid	0	56	D. Rossi	Digital Saints 2025	Universe Zero	15.09.2025	MV202500139	987	20,7	3,162,778	139,679	36,811,046	981,937	36,889	23,738	820,791	1,469,303	11,620,164	162	306,389	25970	164	2,371,391	94	30,654,202	36,592	14,963,100	1,052,662	70	0	Latin America	medium	1	1	0
True	obj88	valid	0	37	V. Popov	Crimson Archive 2025	Legacy Cycle	29.06.2025	MV202500141	4718	73,5	10,054,640	130,008	43,079,675	7,043,541	346,365	569,289	2,908,845	6,138,398	10,208,890	387	223,465	7840	184	4,637,520	191	43,412,882	64,058	27,857,000	2,109,082	61	0	Latin America	large	0	3	2
True	obj89	valid	0	63	G. Murphy	Violet Engine 2025	Open Sky	16.08.2025	MV202500142	3689	89,6	3,506,616	82,856	14,719,057	2,229,262	24,352	1,455,572	989,718	3,022,265	18,808,746	350	40,032	16691	30	637,923	175	27,421,687	2,636	11,910,375	3,824,981	8	0	Europe	medium	2	1	3
True	obj90	valid	0	84	M. Chen	Solar Drift 2025	Standalone	06.03.2025	MV202500143	2924	47,5	818,586	172,087	26,022,853	121,525	3,529	1,949,965	207,241	562,376	5,448,288	222	484,771	69762	53	5,975,841	126	31,792,556	56,398	15,703,794	3,197,641	30	0	Asia-Pacific	large	4	0	1
True	obj91	valid	0	44	Q. Jensen	Crimson Archive 4	Standalone	11.03.2025	MV202500144	4030	53,4	7,907,382	189,396	38,170,594	2,434,791	25,237	860,927	1,155,010	2,333,331	4,624,307	3	186,821	41173	168	3,947,520	32	36,855,892	38,972	11,350,741	1,314,901	42	1	Americas	medium	1	3	1
True	obj92	valid	0	34	H. Andersson	Red Meridian	Prime Story	06.02.2025	MV202500146	104	103,6	3,880,350	24,480	61,453,972	1,774,848	35,423	1,542,473	243,162	593,385	14,752,380	16	230,417	77099	156	9,821,158	94	34,072,116	31,210	9,691,895	3,145,821	4	0	Asia-Pacific	large	0	1	4
True	obj93	valid	0	62	R. Silva	City of Glass 2025	Standalone	27.02.2025	MV202500147	2262	35,9	5,682,411	116,980	31,670,705	1,289,761	25,438	1,937,672	772,278	2,183,242	13,815,028	344	77,495	77079	74	4,999,192	137	16,921,104	96,965	22,786,804	300,261	35	1	Latin America	large	2	2	0
True	obj94	valid	0	48	P. Singh	Ember Valley 2025	Final Chapter	13.08.2025	MV202500148	1104	48,3	5,820,258	50,214	3,168,688	3,491,524	133,603	1,118,093	94,243	256,308	9,801,839	283	271,810	32368	140	8,676,618	119	43,028,043	16,034	15,934,122	2,246,920	81	0	Latin America	small	1	2	1
True	obj95	valid	0	37	A. Volkov	Quantum Rain 3	Prime Story	02.11.2025	MV202500152	2461	62,5	7,811,976	196,880	17,193,676	486,114	10,984	1,543,068	384,152	1,475,671	16,446,749	459	255,635	57066	171	942,871	92	7,805,355	26,498	26,688,760	1,249,284	25	0	Americas	large	0	3	2
True	obj96	valid	0	34	G. Murphy	Red Meridian	Open Sky	21.07.2025	MV202500154	738	88,3	2,461,622	44,494	23,189,744	1,915,831	49,376	264,464	562,046	804,358	11,428,811	24	199,595	8507	150	7,738,251	26	6,743,538	55,929	14,635,832	3,261,242	19	0	Europe	medium	0	1	3
True	obj97	valid	0	77	I. Hassan	Hyperion Rise	Prime Story	03.10.2025	MV202500156	3957	47	2,928,270	124,646	79,384,247	611,734	23,125	1,336,554	493,305	1,112,155	18,120,805	263	127,728	6011	60	6,965,266	54	23,248,040	94,517	1,997,933	3,301,864	66	0	Americas	large	3	1	1
True	obj98	valid	0	31	I. Hassan	Arctic Pulse	Open Sky	30.12.2025	MV202500157	722	107,8	4,010,077	37,364	40,057,059	500,067	14,161	1,852,707	406,951	512,826	4,947,842	264	166,784	39339	47	3,467,799	70	31,261,548	23,620	29,347,328	2,506,257	81	0	Americas	large	0	1	4
True	obj99	valid	0	69	T. Kim	Arctic Pulse 2025 2	Standalone	26.04.2025	MV202500160	3384	54,3	5,449,843	44,588	53,710,413	404,226	7,321	409,203	1,262,817	2,141,509	19,093,981	219	308,529	68786	260	8,875,869	85	38,810,735	60,792	24,729,855	3,601,004	39	0	Americas	small	2	2	1
True	obj100	valid	0	62	H. Andersson	Winter Echo 2025	Dark Matter	22.01.2025	MV202500161	322	88,9	7,222,103	111,584	41,294,973	5,115,667	180,204	98,685	586,862	1,182,704	7,960,797	152	413,810	46134	126	6,131,342	10	25,848,482	14,223	24,896,805	2,258,490	72	1	Asia-Pacific	large	2	3	3
True	obj101	valid	0	52	Q. Jensen	Binary Sunset	Open Sky	19.11.2025	MV202500165	2353	88,1	2,191,112	85,468	67,825,359	978,791	19,954	1,150,327	77,618	228,591	18,542,107	307	248,198	72918	149	8,079,803	176	11,636,081	29,048	5,806,663	591,035	46	0	Americas	medium	1	0	3
True	obj102	valid	0	60	T. Kim	Winter Echo 2025	Prime Story	23.11.2025	MV202500166	556	58,5	9,486,050	61,623	40,540,103	1,984,988	45,569	12,361	1,857,172	5,795,008	6,827,231	362	307,996	2911	52	3,305,148	67	33,623,647	91,616	23,917,631	3,228,261	48	0	Americas	small	2	3	1
True	obj103	valid	0	35	I. Hassan	Stone Butterfly 2025 4	Dark Matter	03.06.2025	MV202500167	154	97,3	26,637,398	41,731	54,842,609	12,618,321	529,734	1,776,070	5,505,345	12,057,077	19,392,265	140	15,586	98361	187	8,424,057	114	19,478,313	59,519	25,937,810	3,757,701	70	0	Americas	large	0	4	3
True	obj104	valid	0	49	K. Olsen	Burning Atlas 2025	Standalone	26.09.2025	MV202500168	759	40	1,193,081	88,810	2,004,532	330,171	9,676	1,000,158	50,762	87,949	18,472,735	366	261,813	77553	42	8,717,989	164	46,901,192	67,671	3,981,514	3,622,853	45	0	Americas	large	1	0	1
True	obj105	valid	0	88	A. Volkov	Violet Engine 2025	Prime Story	24.01.2025	MV202500169	4732	87,1	5,622,801	151,722	51,111,679	715,935	13,168	401,190	1,305,570	2,614,258	10,645,516	386	335,562	27265	47	1,144,603	191	27,981,288	10,237	16,275,861	2,746,828	27	0	Americas	large	4	2	3
True	obj106	valid	0	66	H. Andersson	Frozen Ledger 2025	Origin Arc	15.03.2025	MV202500171	1503	89,6	4,828,451	139,952	53,217,797	3,359,743	139,601	1,764,819	912,158	2,252,293	605,282	237	175,720	46124	51	7,679,415	120	6,369,700	10,293	24,526,586	3,983,788	32	0	Asia-Pacific	large	2	2	3
True	obj107	valid	0	41	C. Wright	Binary Sunset	Open Sky	04.09.2025	MV202500172	3567	58,4	17,558,142	113,485	27,382,644	5,932,235	224,032	346,253	1,910,450	5,874,432	14,787,340	355	418,374	11432	178	3,253,780	19	22,260,811	30,803	12,173,810	2,991,295	68	0	Europe	small	0	4	1
True	obj108	valid	0	63	D. Rossi	Northern Code 2025	Universe Zero	22.11.2025	MV202500173	4353	21,5	13,222,658	58,371	49,249,617	8,692,304	242,396	411,402	3,035,294	11,099,435	5,994,706	397	339,779	91850	281	7,177,912	183	49,514,462	58,272	18,344,722	2,552,119	84	0	Latin America	medium	2	3	0
True	obj109	valid	0	59	Y. Tanaka	Iron Garden 2025	Final Chapter	19.08.2025	MV202500175	61	59,7	3,637,747	115,629	67,745,842	1,231,508	23,977	1,003,507	274,522	645,221	10,923,325	183	489,116	56814	211	1,131,643	96	34,524,863	14,208	21,938,795	4,917,895	98	0	Asia-Pacific	medium	2	1	2
True	obj110	valid	0	31	Y. Tanaka	Silent Protocol 4	Universe Zero	09.02.2025	MV202500177	2302	92,4	8,040,968	55,115	20,563,888	5,536,881	219,577	1,207,682	728,319	2,730,007	14,779,344	329	184,883	17539	234	2,361,958	36	26,369,442	3,309	29,522,149	4,836,728	59	0	Asia-Pacific	medium	0	3	3
True	obj111	valid	0	42	B. Carter	Desert Oracle 2025	Standalone	18.04.2025	MV202500178	2166	55,2	70,907,237	151,121	9,288,389	34,270,747	572,459	797,549	18,019,768	36,829,305	14,923,010	376	266,260	37980	211	4,745,895	29	43,513,886	1,186	27,816,675	2,244,103	67	0	Asia-Pacific	large	0	4	1
True	obj112	valid	0	87	T. Kim	Digital Saints 2025	Chronicles Saga	20.05.2025	MV202500179	4786	81,9	7,724,155	78,291	61,854,349	2,326,712	92,983	1,468,653	675,519	1,924,167	3,898,513	168	345,139	17991	164	6,728,018	166	598,070	9,769	3,117,218	2,229,711	21	0	Americas	small	4	3	3
True	obj113	valid	0	49	Y. Tanaka	Binary Sunset 2025	Legacy Cycle	25.02.2025	MV202500181	871	112,5	2,436,701	182,530	57,234,871	384,765	5,437	145,931	567,568	1,589,056	5,011,927	222	448,256	14885	192	9,328,937	132	13,321,824	70,005	27,138,526	2,873,201	51	0	Asia-Pacific	medium	1	1	4
True	obj114	valid	0	71	B. Carter	Velvet Storm	Dark Matter	03.05.2025	MV202500183	2521	29,7	638,332	99,986	77,196,658	266,136	11,303	1,933,151	18,044	22,482	6,785,702	168	360,505	40550	63	6,538,499	104	47,004,489	87,020	16,096,841	3,705,257	23	1	Asia-Pacific	large	3	0	0
True	obj115	valid	0	90	Y. Tanaka	Final Orbit 2025 2	Chronicles Saga	09.04.2025	MV202500186	2965	80,9	1,611,283	172,559	78,942,701	222,567	6,744	928,485	263,860	779,468	4,162,174	26	56,339	14921	253	9,114,843	99	7,987,979	92,267	1,620,828	1,820,965	20	0	Asia-Pacific	medium	4	0	3
True	obj116	valid	0	45	W. Stone	City of Glass 2025	Legacy Cycle	15.01.2025	MV202500187	3644	26	40,045,206	118,582	26,084,525	16,570,547	297,442	1,353,737	1,748,328	3,692,325	15,579,505	163	49,032	73774	260	3,755,323	44	23,549,512	48,440	26,714,665	724,706	92	0	Americas	small	1	4	0
True	obj117	valid	0	69	D. Rossi	Blue Static 4	New Dawn	19.10.2025	MV202500188	3427	81,4	4,213,484	34,323	27,492,644	399,180	18,145	1,207,311	208,927	712,593	12,759,984	305	84,967	97013	256	864,743	171	24,460,669	99,566	17,747,426	4,184,945	27	0	Latin America	medium	2	2	3
True	obj118	valid	0	34	W. Stone	Thunder Archive 2025	New Dawn	03.01.2025	MV202500189	4131	75,8	9,738,640	6,820	42,494,426	3,538,329	103,215	1,596,055	222,284	777,908	9,048,827	120	279,243	1242	219	9,499,338	26	14,789,521	64,764	2,721,885	2,398,914	30	0	Americas	small	0	3	2
True	obj119	valid	0	74	H. Andersson	Quantum Rain	Chronicles Saga	17.11.2025	MV202500190	2728	106,8	1,038,976	106,230	23,734,232	413,742	16,597	1,396,140	201,235	586,600	11,504,587	103	342,332	62045	100	9,322,432	102	45,500,205	36,399	1,546,877	1,914,774	46	1	Asia-Pacific	large	3	0	4
True	obj120	valid	0	68	Q. Jensen	Kinetic Prayer	Open Sky	03.05.2025	MV202500191	1719	73,9	2,632,889	150,659	60,873,263	1,197,241	27,319	1,795,876	521,894	1,362,135	8,458,582	27	186,406	45241	150	8,295,598	94	26,595,223	82,537	26,983,535	2,259,891	36	0	Americas	medium	2	1	2
True	obj121	valid	0	84	F. Nguyen	Quantum Rain 2025	Universe Zero	09.02.2025	MV202500192	1233	24,2	13,134,845	175,011	41,659,804	1,734,110	60,851	586,409	1,182,443	4,629,038	10,828,699	66	173,350	44386	193	2,915,167	12	43,589,685	23,232	28,423,461	3,223,360	41	0	Asia-Pacific	large	4	3	0
True	obj122	valid	0	58	J. Martinez	Ember Valley 2025	Prime Story	09.03.2025	MV202500193	3967	88,2	8,114,016	74,443	23,058,821	5,872,206	257,323	296,761	802,342	1,601,691	19,124,277	309	80,394	53531	54	1,753,593	141	45,235,557	79,445	4,837,641	584,586	99	0	Europe	large	2	3	3
True	obj123	valid	0	81	K. Olsen	Deep Current	Chronicles Saga	07.06.2025	MV202500196	3640	53,8	3,962,138	148,331	33,254,625	3,102,919	85,951	327,664	1,044,211	3,381,574	17,954,472	364	207,096	83551	179	1,436,392	60	49,419,121	52,530	10,062,502	4,665,764	59	0	Americas	large	3	1	1
True	obj124	valid	0	46	V. Popov	Broken Compass	Prime Story	29.05.2025	MV202500197	2490	74,6	3,209,373	98,870	59,191,083	1,493,642	28,350	1,582,459	71,400	116,472	6,003,388	320	318,280	12417	199	2,876,890	35	45,339,659	64,478	853,277	3,823,591	49	0	Latin America	large	1	1	2
True	obj125	valid	0	48	A. Volkov	Crimson Archive 2025	Open Sky	22.12.2025	MV202500198	2127	60,8	7,220,185	32,653	4,690,246	4,792,113	109,199	1,756,646	853,632	1,348,220	3,266,177	136	209,757	91210	106	2,898,561	105	46,815,850	51,386	22,993,273	916,237	9	0	Americas	large	1	3	2
True	obj126	valid	0	79	A. Volkov	Final Orbit	Universe Zero	05.07.2025	MV202500199	1122	86,9	10,289,986	103,682	29,847,405	1,254,092	36,865	680,692	1,833,814	6,877,180	2,048,357	77	110,556	18841	269	6,134,283	166	26,282,641	53,209	16,533,384	3,781,533	11	0	Americas	large	3	3	3
True	obj127	valid	0	87	V. Popov	Velvet Storm	Prime Story	16.02.2025	MV202500201	2850	36,6	48,994,877	70,505	68,412,495	7,798,403	321,544	1,225,951	11,092,313	28,992,486	1,366,740	409	381,622	52883	214	9,642,637	34	37,700,893	432	21,760,480	4,621,160	92	0	Latin America	large	4	4	0
True	obj128	valid	0	65	B. Carter	Lunar Cartography 2025 3	Legacy Cycle	25.02.2025	MV202500204	1103	114,8	19,755,770	6,041	59,026,490	2,798,257	120,919	996,320	3,001,079	3,826,066	3,581,913	302	163,477	30275	186	7,601,714	132	25,997,445	49,218	13,980,654	1,467,814	49	0	Asia-Pacific	large	2	4	4
True	obj129	valid	0	39	P. Singh	Kinetic Prayer 2025	Origin Arc	15.01.2025	MV202500206	4784	86	1,808,831	5,477	71,308,517	891,477	21,083	194,790	85,336	184,871	7,147,321	175	330,620	24761	194	5,925,316	182	3,275,011	30,491	10,127,827	98,559	32	0	Latin America	small	0	0	3
True	obj130	valid	0	86	F. Nguyen	Feral Harmony 2025 3	Chronicles Saga	13.07.2025	MV202500207	820	43	26,362,765	138,203	16,480,606	12,595,210	376,209	1,622,933	2,728,604	8,373,226	3,332,544	149	484,713	20175	190	9,741,072	15	42,516,714	21,408	7,954,652	1,486,601	57	0	Asia-Pacific	large	4	4	1
True	obj131	valid	0	58	G. Murphy	Crystal Fault 2025	Prime Story	18.04.2025	MV202500208	2457	43,7	14,274,390	86,638	43,200,406	4,432,017	79,789	804,661	460,090	1,357,218	9,064,572	381	90,300	1860	210	8,627,098	115	10,647,640	96,211	22,266,240	2,336,476	93	0	Europe	medium	2	4	1
True	obj132	valid	0	74	R. Silva	Thunder Archive 2025	Chronicles Saga	01.05.2025	MV202500211	1754	47,9	780,569	193,987	35,163,638	586,695	11,834	1,179,002	57,155	147,060	7,494,099	474	158,244	42378	204	9,633,153	175	46,848,614	36,299	21,470,136	4,106,826	2	0	Latin America	large	3	0	1
True	obj133	valid	0	75	Q. Jensen	Infinite Margin 2025	Universe Zero	05.08.2025	MV202500213	2138	66,6	3,390,411	101,316	28,154,989	2,398,956	81,767	1,626,874	840,381	2,744,515	9,065,235	13	26,049	64159	189	7,910,193	27	20,033,092	62,829	9,411,654	411,160	15	0	Americas	medium	3	1	2
True	obj134	valid	0	33	S. Patel	Infinite Margin	Legacy Cycle	31.10.2025	MV202500214	3396	65,2	29,223,043	73,583	31,485,599	19,581,673	491,359	1,669,374	7,067,982	19,769,807	414,692	11	279,264	61200	68	889,765	92	13,089,158	85,183	1,493,488	3,090,020	60	1	Europe	large	0	4	2
True	obj135	valid	0	52	N. Fischer	Frozen Ledger 2025	Prime Story	25.04.2025	MV202500215	4049	96,2	6,130,025	76,476	34,510,374	3,587,123	65,516	431,211	400,031	1,403,088	14,534,161	94	90,184	79246	8	9,761,281	47	22,548,834	24,831	17,487,092	3,236,177	8	0	Europe	small	1	2	3
True	obj136	valid	0	39	Y. Tanaka	Violet Engine 2	Origin Arc	27.01.2025	MV202500216	4901	59,4	4,216,850	141,942	64,790,137	1,263,566	12,906	1,009,133	329,352	746,517	19,550,477	335	66,119	89222	12	1,793,722	33	24,641,991	33,917	14,042,545	448,239	71	0	Asia-Pacific	medium	0	2	2
True	obj137	valid	0	93	G. Murphy	Blue Static 2025	Prime Story	25.05.2025	MV202500217	2565	67,4	2,790,174	87,211	13,207,055	2,028,720	80,083	982,600	240,883	929,842	11,113,494	461	318,326	43998	56	545,671	36	23,512,376	16,355	14,013,985	580,120	89	0	Europe	medium	4	1	2
True	obj138	valid	0	77	K. Olsen	Final Orbit 2025	Dark Matter	03.07.2025	MV202500220	4011	92,3	2,125,543	89,143	31,053,281	1,167,221	24,207	1,200,721	534,139	775,902	8,450,726	184	93,177	63068	27	5,133,414	194	33,822,001	64,761	21,409,064	4,653,338	52	0	Americas	large	3	0	3
True	obj139	valid	0	73	T. Kim	Crimson Archive 2025	Open Sky	06.04.2025	MV202500222	872	62,2	1,509,770	86,816	1,443,038	314,487	8,112	26,707	49,345	149,823	9,203,260	202	328,858	74424	217	3,027,999	162	30,837,241	69,066	28,894,248	3,375,511	80	1	Americas	small	3	0	2
True	obj140	valid	0	78	K. Olsen	Velvet Storm 2025	Dark Matter	29.11.2025	MV202500223	706	88,1	2,301,500	60,253	37,079,410	365,629	10,588	43,731	184,387	307,021	3,048,444	351	481,933	47148	257	5,852,262	40	28,471,523	83,383	1,527,665	39,371	63	0	Americas	large	3	1	3
True	obj141	valid	0	54	J. Martinez	Lunar Cartography 2025	New Dawn	10.11.2025	MV202500224	498	45,5	16,304,490	105,708	33,766,143	12,252,183	277,315	127,114	4,442,504	16,437,514	8,342,749	236	247,394	93896	104	6,975,144	4	14,400,539	19,220	10,315,421	1,160,515	21	0	Europe	large	1	4	1
True	obj142	valid	0	80	F. Nguyen	Broken Compass 2025	Origin Arc	19.07.2025	MV202500225	1328	84	2,513,449	124,406	22,603,752	1,934,985	77,341	1,334,146	632,367	987,422	3,989,684	302	50,451	41598	298	3,036,518	41	2,352,466	1,813	26,427,183	1,785,219	15	0	Asia-Pacific	large	3	1	3
True	obj143	valid	0	60	T. Kim	Paper Kingdom 2025	Dark Matter	01.07.2025	MV202500226	1239	27,7	1,269,162	170,696	69,896,917	795,803	27,193	208,373	296,130	397,164	18,925,354	399	481,323	75576	292	7,816,523	121	42,919,370	10,186	16,874,185	2,536,528	16	1	Americas	small	2	0	0
True	obj144	valid	0	81	S. Patel	Deep Current 2025	Chronicles Saga	06.01.2025	MV202500228	2772	98,4	3,928,636	63,029	78,555,774	2,310,899	38,298	123,030	628,704	2,090,905	13,203,523	320	451,255	5780	189	7,133,695	132	25,988,918	29,572	12,060,084	3,404,353	55	0	Europe	large	3	1	3
True	obj145	valid	0	68	K. Olsen	Northern Code 2025	Final Chapter	13.11.2025	MV202500229	2471	61,8	10,420,430	16,947	42,999,305	5,616,901	143,791	1,437,789	2,211,909	8,103,664	10,409,394	270	106,867	51167	93	3,407,088	127	1,171,087	89,031	16,197,979	1,293,450	83	0	Americas	large	2	3	2
True	obj146	valid	0	70	N. Fischer	Crimson Archive 2025	New Dawn	25.01.2025	MV202500230	4690	103,4	4,014,092	147,398	36,257,241	2,478,380	122,228	1,610,794	1,135,945	4,508,793	11,311,944	447	313,872	53328	178	3,503,371	56	39,239,463	71,485	20,173,014	3,571,754	51	1	Europe	small	3	1	4
True	obj147	valid	0	79	F. Nguyen	Midnight Cartel	Universe Zero	30.07.2025	MV202500231	1760	52,9	2,475,914	89,288	29,549,844	275,966	8,568	1,176,520	69,415	184,161	7,895,649	131	249,413	42342	132	9,310,356	97	48,663,624	82,381	4,330,385	635,619	71	1	Asia-Pacific	large	3	1	1
True	obj148	valid	0	42	L. Nakamura	Crystal Fault 2025	Open Sky	13.07.2025	MV202500233	1135	75,2	594,666	101,002	36,880,283	241,684	6,766	898,204	130,118	471,777	6,504,325	399	332,251	40962	69	3,953,971	108	47,903,974	89,004	22,077,383	3,229,582	86	0	Americas	small	0	0	2
True	obj149	valid	0	68	G. Murphy	Ocean of Stars 2025 4	Open Sky	05.10.2025	MV202500234	1552	73,9	10,495,939	150,136	40,216,077	5,065,777	54,439	1,316,543	265,899	715,057	19,247,535	137	102,902	82969	251	5,795,527	16	26,677,193	32,043	17,666,790	2,457,365	93	0	Europe	medium	2	3	2
True	obj150	valid	0	58	R. Silva	Arctic Pulse 2025	Standalone	19.04.2025	MV202500237	4376	103,1	26,162,532	112,660	24,058,061	12,790,060	330,139	246,041	4,133,555	6,576,571	11,129,581	139	215,981	61044	287	3,183,039	136	17,131,762	26,136	22,580,820	2,263,590	24	0	Latin America	large	2	4	4
True	obj151	valid	0	58	C. Wright	Feral Harmony	Universe Zero	08.11.2025	MV202500238	4554	16,7	3,099,545	179,064	56,266,941	1,262,744	51,139	1,076,309	841,275	2,864,082	12,981,945	38	15,473	83208	201	6,722,459	70	40,639,062	82,746	10,738,972	885,933	76	0	Europe	small	2	1	0
True	obj152	valid	0	89	Y. Tanaka	Paper Kingdom 2025	Chronicles Saga	15.12.2025	MV202500239	2484	61,7	958,916	161,702	17,699,602	710,603	34,965	1,934,596	109,094	142,152	9,856,757	352	303,013	713	295	6,384,361	22	13,867,377	50,032	5,114,312	968,851	73	0	Asia-Pacific	medium	4	0	2
True	obj153	valid	0	57	K. Olsen	Broken Compass	Prime Story	27.04.2025	MV202500240	190	93,3	6,822,165	198,391	55,441,935	4,848,869	151,855	505,916	1,510,295	4,180,987	9,078,522	468	320,483	94307	15	9,387,593	86	49,755,323	27,403	20,405,204	2,332,933	36	0	Americas	large	2	2	3
True	obj154	valid	0	30	W. Stone	Burning Atlas 2025	Standalone	21.06.2025	MV202500241	1849	59,1	13,714,887	195,621	33,911,382	1,527,244	19,819	500,043	2,411,456	4,004,339	6,216,117	312	48,363	47996	242	5,925,307	125	16,715,126	25,040	3,235,219	1,191,796	34	1	Americas	small	0	4	2
True	obj155	valid	0	89	H. Andersson	Binary Sunset 2025 3	Standalone	24.10.2025	MV202500242	2567	96,5	1,172,618	178,027	55,472,159	168,411	6,956	124,098	343,122	1,182,633	1,095,776	305	215,919	10182	16	522,031	169	20,084,153	61,730	12,333,240	4,322,913	78	0	Asia-Pacific	large	4	0	3
True	obj156	valid	0	43	E. Brooks	Midnight Cartel 2025	Legacy Cycle	14.01.2025	MV202500243	842	80,1	4,574,062	2,556	57,066,818	1,786,434	60,230	1,681,574	481,082	1,795,511	2,519,632	254	177,695	48139	186	1,859,234	27	2,203,539	12,768	17,535,668	2,565,628	65	0	Americas	small	0	2	3
True	obj157	valid	0	76	F. Nguyen	Paper Kingdom 2025	Legacy Cycle	21.12.2025	MV202500245	2716	19,4	1,676,349	161,473	30,079,185	373,332	9,711	1,652,186	320,076	390,118	197,841	178	277,345	14240	132	6,313,345	182	17,995,461	97,530	5,973,686	1,420,504	21	0	Asia-Pacific	large	3	0	0
True	obj158	valid	0	31	K. Olsen	Solar Drift	New Dawn	06.03.2025	MV202500247	667	30,6	16,719,420	156,954	63,281,867	11,513,443	398,312	334,950	4,862,533	11,119,272	17,648,441	375	187,133	51889	53	7,124,868	105	24,164,852	95,575	14,212,744	2,905,933	63	0	Americas	large	0	4	0
True	obj159	valid	0	85	T. Kim	Solar Drift 2025	Origin Arc	13.07.2025	MV202500248	4511	62,5	7,697,571	17,043	60,132,303	3,683,501	80,307	1,037,689	2,165,285	3,993,862	822,858	256	168,186	45115	129	3,675,119	99	13,650,973	2,471	13,250,654	1,328,124	7	0	Americas	small	4	3	2
True	obj160	valid	0	54	Z. Ali	Blue Static 2025 2	Legacy Cycle	04.07.2025	MV202500249	2698	23,2	2,474,948	50,079	59,619,455	194,805	7,936	1,690,911	168,516	292,172	12,080,680	68	427,499	71618	162	2,611,354	154	14,092,263	34,663	29,905,270	4,729,075	82	0	Latin America	small	1	1	0
True	obj161	valid	0	70	O. Dubois	Paper Kingdom 2025	Chronicles Saga	28.08.2025	MV202500250	1539	37	13,162,200	85,815	75,354,962	7,790,479	208,064	877,417	1,892,807	6,791,852	602,081	69	436,875	30557	221	4,998,002	131	17,733,122	22,549	12,771,580	3,763,130	76	0	Latin America	large	3	3	0
True	obj162	valid	0	56	V. Popov	Broken Compass	Open Sky	19.06.2025	MV202500251	3203	18,4	2,157,803	196,036	16,344,327	1,027,423	26,328	1,069,027	521,653	901,076	2,172,767	284	225,767	89474	27	1,043,131	110	1,602,957	68,902	14,658,399	933,460	6	0	Latin America	large	1	0	0
True	obj163	valid	0	64	I. Hassan	City of Glass 2025 3	Universe Zero	30.07.2025	MV202500252	3428	22,3	3,166,351	95,702	5,510,351	1,087,099	52,402	1,731,412	940,351	1,470,530	4,113,540	216	354,835	47478	181	9,391,542	117	25,123,751	68,483	8,263,229	37,216	14	1	Americas	large	2	1	0
True	obj164	valid	0	61	V. Popov	Northern Code 2025	Dark Matter	13.09.2025	MV202500257	1405	19,6	8,146,703	50,462	7,588,617	6,414,118	147,359	1,261,784	322,006	736,744	18,491,068	385	66,465	17533	228	6,876,250	195	33,318,529	6,751	529,463	4,560,516	44	0	Latin America	large	2	3	0
True	obj165	valid	0	68	Y. Tanaka	Silent Protocol 2025	Legacy Cycle	08.06.2025	MV202500258	651	16,4	13,509,858	12,078	29,968,145	3,070,753	67,140	303,426	1,813,892	3,214,722	758,134	461	299,037	94587	221	3,286,898	55	32,180,103	76,049	15,626,185	4,887,837	64	0	Asia-Pacific	medium	2	4	0
True	obj166	valid	0	53	G. Murphy	Desert Oracle 2025	Final Chapter	23.12.2025	MV202500259	2635	110,2	3,540,577	36,790	50,386,303	2,087,618	26,271	983,335	659,745	2,553,378	1,042,137	496	469,137	12556	52	5,488,471	159	10,218,666	50,742	12,787,194	2,335,371	16	1	Europe	medium	1	1	4
True	obj167	valid	0	32	H. Andersson	Aurora Debt	Final Chapter	04.09.2025	MV202500260	1375	75,5	3,746,049	94,195	33,821,553	412,110	14,166	866,917	1,093,999	1,790,285	19,075,150	241	380,964	42739	24	9,064,570	60	26,859,884	55,285	5,270,979	1,902,251	30	0	Asia-Pacific	large	0	1	2
True	obj168	valid	0	67	Q. Jensen	Digital Saints 2025	Standalone	18.01.2025	MV202500262	1212	83,3	5,030,716	52,340	36,443,106	3,728,270	138,850	508,650	577,577	1,666,897	19,035,564	420	6,168	77097	193	9,168,828	79	29,308,021	90,099	15,556,111	944,116	42	0	Americas	medium	2	2	3
True	obj169	valid	0	92	L. Nakamura	Arctic Pulse 2025	Origin Arc	15.02.2025	MV202500263	2204	84,1	2,762,547	149,771	74,402,049	364,533	9,448	616,269	486,366	1,927,794	16,327,787	0	34,920	69631	157	6,545,211	146	8,531,712	37,465	21,121,415	990,102	18	0	Americas	small	4	1	3
True	obj170	valid	0	48	Z. Ali	Violet Engine 2025	Origin Arc	25.06.2025	MV202500265	3265	94,5	17,675,040	75,749	4,588,751	14,132,676	342,592	660,577	4,363,714	6,460,463	9,138,385	349	362,610	88797	41	6,019,091	173	13,973,376	69,926	24,451,552	1,842,149	61	0	Latin America	small	1	4	3
True	obj171	valid	0	79	K. Olsen	Frozen Ledger	Legacy Cycle	01.03.2025	MV202500267	1397	119,6	5,366,630	150,675	52,783,010	2,209,046	29,992	869,843	895,120	2,868,091	3,204,705	464	451,324	76630	66	2,576,285	95	44,875,544	12,309	4,072,692	2,672,716	72	1	Americas	large	3	2	4
True	obj172	valid	0	88	J. Martinez	Violet Engine	Final Chapter	15.07.2025	MV202500268	1832	95,5	90,978,439	51,892	23,285,210	49,168,363	710,743	680,541	21,623,186	61,802,554	3,763,127	471	286,419	12741	94	3,801,951	147	15,539,945	59,005	5,695,730	1,940,727	42	0	Europe	large	4	4	3
True	obj173	valid	0	58	F. Nguyen	Neon Horizon 2025	Legacy Cycle	16.03.2025	MV202500269	3734	26,2	661,874	29,570	22,678,592	438,234	17,477	1,698,270	63,592	223,697	686,877	160	251,188	68859	82	8,476,692	114	31,553,853	21,570	8,744,853	4,832,478	5	0	Asia-Pacific	large	2	0	0
True	obj174	valid	0	81	A. Volkov	Paper Kingdom 2025 2	Universe Zero	07.09.2025	MV202500270	4489	113,1	532,897	78,517	33,800,773	317,364	9,183	696,679	51,552	118,353	1,436,464	363	141,182	92306	210	5,480,100	19	16,170,929	79,127	25,975,662	270,616	93	0	Americas	large	3	0	4
True	obj175	valid	0	44	E. Brooks	Red Meridian	Open Sky	11.04.2025	MV202500271	1210	65,7	10,746,679	75,373	78,616,216	6,464,011	240,317	336,529	135,928	184,553	7,111,677	236	472,531	11734	154	3,384,858	86	7,428,416	72,255	7,350,030	594,012	39	0	Americas	small	1	3	2
True	obj176	valid	0	72	P. Singh	Desert Oracle 2025	New Dawn	29.11.2025	MV202500272	96	96,5	6,711,112	24,088	6,620,132	2,258,797	66,789	1,337,617	1,297,772	3,409,630	460,535	286	286,315	27372	223	7,943,437	36	24,209,573	64,459	13,009,694	2,857,115	9	1	Latin America	small	3	2	3
True	obj177	valid	0	48	R. Silva	Thunder Archive 2025	Chronicles Saga	30.11.2025	MV202500273	4908	69,5	7,771,093	139,073	435,866	1,111,786	31,006	628,660	1,774,657	2,324,092	11,501,620	326	43,910	25676	225	846,103	24	14,928,896	96,627	5,148,095	4,885,515	65	1	Latin America	large	1	3	2
True	obj178	valid	0	88	N. Fischer	Hollow Crown 2025	Open Sky	08.09.2025	MV202500276	4519	33,5	4,172,805	54,283	7,934,301	507,644	6,050	636,060	463,936	1,533,421	3,613,449	403	338,905	78874	165	8,820,211	80	29,615,506	25,906	20,599,750	3,566,113	65	1	Europe	small	4	2	0
True	obj179	valid	0	87	P. Singh	Deep Current 2025	New Dawn	08.11.2025	MV202500277	3840	82,1	6,414,171	100,495	22,073,079	2,332,723	63,241	1,883,359	915,674	3,358,587	16,280,465	152	428,960	94745	121	3,127,369	18	3,973,743	72,995	28,346,008	825,565	5	0	Latin America	small	4	2	3
True	obj180	valid	0	83	Q. Jensen	Digital Saints 2025	Dark Matter	11.03.2025	MV202500278	1022	116	6,593,046	81,153	49,306,765	2,701,447	125,442	1,491,859	1,050,623	3,361,623	14,051,834	374	122,113	73898	285	8,233,633	176	26,405,570	60,919	18,221,206	4,823,236	67	0	Americas	medium	4	2	4
True	obj181	valid	0	31	S. Patel	Shadow Circuit 2025	Legacy Cycle	01.07.2025	MV202500280	4335	26,3	957,573	102,912	12,305,316	54,244	811	974,875	129,208	211,353	13,132,668	113	197,679	29928	128	1,821,820	162	5,434,749	43,857	25,180,723	809,171	35	0	Europe	large	0	0	0
True	obj182	valid	0	60	C. Wright	City of Glass 2025	Origin Arc	25.12.2025	MV202500283	3926	24,5	22,107,938	12,363	34,171,555	11,606,280	140,043	220,198	1,704,831	3,781,337	18,859,974	355	123,484	89510	54	5,359	132	16,081,980	28,531	8,404,780	3,032,609	43	0	Europe	small	2	4	0
True	obj183	valid	0	39	G. Murphy	Quantum Rain 2025	Standalone	02.01.2025	MV202500286	3731	96,8	428,416	100,813	57,649,127	72,831	1,482	1,704,964	31,344	63,622	5,370,293	59	111,964	53356	87	6,396,153	188	13,887,825	13,297	26,201,485	257,599	98	0	Europe	medium	0	0	3
True	obj184	valid	0	63	N. Fischer	Deep Current 2025	Open Sky	09.10.2025	MV202500287	2660	81,4	2,901,524	197,053	50,080,164	719,661	7,496	711,030	141,441	459,023	5,593,796	127	7,819	65731	260	9,390,169	116	36,130,109	68,811	28,369,689	1,286,725	62	0	Europe	small	2	1	3
True	obj185	valid	0	77	T. Kim	Arctic Pulse 2025 2	Chronicles Saga	26.11.2025	MV202500289	1169	78,3	6,484,622	187,725	47,974,978	4,870,004	203,059	18,891	313,414	1,070,825	10,847,403	409	426,360	8496	41	7,596,717	178	40,773,246	30,738	14,367,251	1,219,044	54	0	Americas	small	3	2	2
True	obj186	valid	0	52	E. Brooks	Electric Mirage 2025	Origin Arc	18.12.2025	MV202500291	2221	78	6,851,218	183,255	52,941,919	1,892,120	89,526	1,621,457	1,692,888	5,403,120	1,527,389	1	466,547	14864	196	3,202,560	78	36,067,173	78,554	14,352,960	336,568	57	0	Americas	small	1	2	2
True	obj187	valid	0	94	L. Nakamura	Arctic Pulse 2025	Origin Arc	04.09.2025	MV202500292	2015	34,1	3,403,779	76,698	43,951,647	1,940,377	61,218	985,253	442,640	1,195,745	4,602,290	41	357,460	52694	232	8,112,920	43	4,362,510	36,170	6,098,389	4,252,975	36	0	Americas	small	4	1	0
True	obj188	valid	0	81	W. Stone	Broken Compass 4	Standalone	04.08.2025	MV202500293	1129	96,8	18,156,805	23,535	55,665,501	4,210,073	66,195	1,466,189	4,540,441	14,298,498	8,494,174	27	53,004	58160	143	5,939,256	31	7,344,333	14,127	7,351,374	62,388	83	0	Americas	small	3	4	3
True	obj189	valid	0	40	H. Andersson	Ember Valley 2025 4	Final Chapter	28.08.2025	MV202500295	1351	101,4	4,416,696	11,028	29,724,536	1,802,286	48,605	539,912	880,172	1,313,498	7,254,032	389	167,735	23952	48	1,064,645	42	548,850	90,968	5,632,314	1,008,629	92	1	Asia-Pacific	large	0	2	4
True	obj190	valid	0	94	N. Fischer	Carbon Dreams	Chronicles Saga	25.12.2025	MV202500299	3079	19,5	2,499,890	31,725	31,948,440	1,664,742	21,507	776,507	30,757	76,719	1,870,062	232	321,242	90012	139	858,225	146	45,873,017	92,249	23,046,499	997,354	32	0	Europe	small	4	1	0
True	obj191	valid	0	30	M. Chen	Red Meridian 2025 2	Final Chapter	13.06.2025	MV202500300	2962	19	11,170,813	157,932	78,285,080	5,319,037	98,598	423,064	3,311,756	4,186,853	15,172,327	211	126,035	17610	42	2,739,053	16	43,688,794	45,142	12,591,655	1,070,524	89	1	Asia-Pacific	large	0	3	0
True	obj192	valid	0	92	G. Murphy	Stone Butterfly 2025	Legacy Cycle	22.07.2025	MV202500304	2324	111	5,047,601	53,595	52,697,960	281,170	6,268	1,805,355	598,881	2,243,495	13,466,016	2	454,529	3267	7	7,905,101	168	25,948,162	74,124	9,524,128	852,053	57	0	Europe	medium	4	2	4
True	obj193	valid	0	60	H. Andersson	City of Glass 2025	Universe Zero	07.03.2025	MV202500305	2607	56,3	6,406,480	103,503	34,997,752	4,833,969	67,593	1,602,363	789,402	2,061,854	12,628,821	392	421,515	62731	78	5,529,055	189	10,188,128	9,326	13,122,631	3,144,470	59	1	Asia-Pacific	large	2	2	1
True	obj194	valid	0	71	K. Olsen	Frozen Ledger 2025	Prime Story	06.04.2025	MV202500306	4387	28,7	1,487,975	168,107	58,107,746	341,923	14,457	756,276	402,339	776,250	1,034,977	41	71,884	2314	295	8,669,390	22	46,359,951	12,268	4,255,061	1,309,973	18	1	Americas	large	3	0	0
True	obj195	valid	0	76	R. Silva	Lunar Cartography 2025 4	New Dawn	03.08.2025	MV202500307	1473	58,4	2,920,402	59,821	72,292,017	967,940	35,220	1,262,463	294,784	1,059,295	2,344,142	171	173,391	99491	179	50,145	104	12,725,051	12,159	18,183,323	2,679,770	51	0	Latin America	large	3	1	1
True	obj196	valid	0	85	P. Singh	Broken Compass	Chronicles Saga	06.03.2025	MV202500308	4518	18,1	2,319,983	130,419	37,368,829	581,603	24,636	872,180	347,201	1,336,643	18,446,961	125	98,938	84603	215	9,618,712	20	39,657,661	58,757	4,969,593	1,029,159	72	0	Latin America	small	4	1	0
True	obj197	valid	0	56	T. Kim	Paper Kingdom 2025	Dark Matter	05.11.2025	MV202500310	4980	48,8	9,068,916	189,259	64,596,045	1,896,594	69,896	1,147,939	662,614	1,994,174	13,642,638	217	406,697	19815	14	4,939,342	9	13,720,772	11,925	13,583,553	3,007,153	59	1	Americas	small	1	3	1
True	obj198	valid	0	66	Q. Jensen	Ghost Frequency	Standalone	08.07.2025	MV202500312	431	60,7	1,793,317	52,011	62,797,673	1,187,374	17,136	1,894,295	297,496	419,504	6,586,579	306	406,242	26991	51	1,377,633	92	6,314,435	86,189	22,591,044	4,438,992	96	0	Americas	medium	2	0	2
True	obj199	valid	0	52	Q. Jensen	Desert Oracle 2025	Prime Story	05.09.2025	MV202500313	679	75,7	4,806,911	70,666	66,845,012	1,054,505	20,768	1,294,303	415,824	1,495,476	13,899,301	37	247,302	21247	201	4,681,503	77	24,382,278	34,045	24,419,862	3,808,012	51	0	Americas	medium	1	2	2
True	obj200	valid	0	35	Y. Tanaka	Deep Current	Universe Zero	05.08.2025	MV202500315	2261	61,3	3,829,535	105,959	39,494,362	748,477	20,465	1,362,352	248,691	748,501	19,179,434	109	26,568	3568	79	658,473	20	11,323,250	62,022	21,474,699	1,959,540	10	0	Asia-Pacific	medium	0	1	2
True	obj201	valid	0	83	L. Nakamura	Winter Echo 2025	Universe Zero	29.05.2025	MV202500317	770	64,6	5,129,740	20,088	64,313,370	3,470,367	81,300	981,374	832,700	1,817,107	10,914,301	331	126,768	45875	248	3,011,340	66	25,891,552	66,393	25,953,832	4,218,485	48	0	Americas	small	4	2	2
True	obj202	valid	0	35	Z. Ali	Digital Saints 2025	New Dawn	27.06.2025	MV202500319	1206	79,3	886,982	93,316	12,026,717	236,208	11,495	1,247,627	258,241	790,242	6,072,911	144	399,892	1559	12	2,830,172	118	2,659,664	30,582	12,909,684	3,301,266	0	0	Latin America	small	0	0	3
True	obj203	valid	0	82	V. Popov	Kinetic Prayer 2025	Final Chapter	19.05.2025	MV202500320	662	84,9	3,633,262	58,231	2,580,613	570,361	26,987	497,532	808,711	2,506,842	7,724,816	199	452,081	89303	276	5,970,387	34	21,790,813	87,593	24,131,407	695,881	76	0	Latin America	large	4	1	3
True	obj204	valid	0	32	G. Murphy	Aurora Debt 2025	Origin Arc	12.08.2025	MV202500321	2930	46,2	4,424,690	93,728	34,219,256	539,952	14,481	820,576	719,922	919,688	11,178,182	478	210,459	75585	184	3,023,899	48	25,610,339	12,727	16,298,086	2,827,873	29	0	Europe	medium	0	2	1
True	obj205	valid	0	31	C. Wright	Thunder Archive 2025	New Dawn	20.07.2025	MV202500324	3481	25,5	1,815,002	29,718	22,680,943	615,949	9,119	778,919	439,154	1,240,832	681,670	325	328,595	44447	272	3,547,268	27	44,121,209	45,835	273,601	791,572	50	0	Europe	small	0	0	0
True	obj206	valid	0	73	M. Chen	Hollow Crown 2025 2	Chronicles Saga	16.07.2025	MV202500326	2052	118	25,778,195	22,983	67,745,680	15,901,547	205,372	1,526,727	3,397,985	9,848,356	16,813,587	461	160,579	69872	113	9,888,708	114	9,986,721	25,249	13,125,445	1,430,446	20	1	Asia-Pacific	large	3	4	4
True	obj207	valid	0	61	O. Dubois	Northern Code 2	Chronicles Saga	04.07.2025	MV202500327	1519	85,2	1,343,107	136,504	76,619,911	847,217	33,152	1,056,356	234,782	406,732	4,149,495	413	250,425	35648	269	8,534,215	160	21,943,903	62,547	26,219,307	2,845,762	12	0	Latin America	large	2	0	3
True	obj208	valid	0	73	P. Singh	City of Glass 4	Standalone	09.11.2025	MV202500329	580	110,8	13,146,329	189,986	47,855,828	7,589,613	261,821	161,278	3,050,165	8,369,624	18,932,013	135	20,870	3560	152	6,503,369	86	15,170,917	84,983	29,143,969	107,216	5	0	Latin America	small	3	3	4
True	obj209	valid	0	82	Q. Jensen	Infinite Margin	Final Chapter	18.07.2025	MV202500330	3497	86,6	19,027,146	109,954	9,255,500	11,877,907	174,839	1,231,344	4,027,623	15,022,806	7,035,781	171	459,034	23817	27	100,496	82	37,628,453	80,773	16,086,527	228,898	80	0	Americas	medium	4	4	3
True	obj210	valid	0	86	E. Brooks	Binary Sunset 2025 2	Legacy Cycle	24.09.2025	MV202500332	3051	89,1	5,426,868	145,009	63,037,325	1,209,659	13,832	470,286	1,221,878	2,972,556	15,283,839	476	10,644	83632	81	5,882,401	60	48,254,823	5,972	25,637,227	1,919,681	1	0	Americas	small	4	2	3
True	obj211	valid	0	39	O. Dubois	Nova Protocol	Open Sky	05.10.2025	MV202500333	2151	84,3	4,703,362	162,067	47,280,780	2,926,653	117,915	681,954	1,325,383	4,667,827	8,681,520	213	364,613	73541	17	1,092,102	77	36,064,851	67,796	25,755,422	4,689,880	46	0	Latin America	large	0	2	3
True	obj212	valid	0	55	R. Silva	Thunder Archive 2025	New Dawn	09.11.2025	MV202500335	2114	57,9	2,581,958	153,218	22,098,785	1,196,959	53,578	254,532	739,614	2,192,916	2,938,035	308	24,789	11444	11	6,844,413	172	28,994,535	4,195	21,520,730	304,064	71	0	Latin America	large	1	1	1
True	obj213	valid	0	82	S. Patel	Glass Reactor	Dark Matter	25.02.2025	MV202500336	1942	52,1	1,298,594	40,887	45,633,567	140,390	6,060	1,362,064	180,122	252,152	8,529,506	141	12,347	60696	108	9,750,988	179	18,735,780	94,247	8,821,891	155,787	36	0	Europe	large	4	0	1
True	obj214	valid	0	80	Q. Jensen	Solar Drift 2025	Chronicles Saga	05.07.2025	MV202500338	1975	45,8	4,628,290	89,056	76,609,107	1,032,886	27,265	159,472	468,830	1,298,321	1,528,875	181	242,077	23034	235	2,297,633	165	49,337,248	92,571	7,348,317	4,546,328	67	0	Americas	medium	3	2	1
True	obj215	valid	0	85	C. Wright	Thunder Archive 2025 4	New Dawn	24.01.2025	MV202500340	3685	109,3	8,487,277	148,165	34,860,854	893,832	36,027	1,400,257	2,351,059	7,649,501	14,474,149	294	410,053	50937	45	77,837	118	33,695,354	45,352	9,613,106	883,611	72	0	Europe	small	4	3	4
True	obj216	valid	0	49	L. Nakamura	Silver Transit 2025	Universe Zero	07.08.2025	MV202500341	344	20,1	10,543,751	162,816	58,772,713	2,782,948	137,945	421,440	1,279,796	3,396,038	11,502,756	307	49,733	28479	35	2,738,485	87	44,267,458	28,847	27,530,791	4,944,027	75	0	Americas	small	1	3	0
True	obj217	valid	0	35	Y. Tanaka	Final Orbit 2025	Chronicles Saga	27.03.2025	MV202500346	2701	100,9	1,078,980	25,930	43,185,987	487,709	23,415	42,333	254,714	576,093	15,608,670	166	176,350	76601	19	492,152	42	26,773,633	98,521	25,144,471	1,977,631	71	0	Asia-Pacific	medium	0	0	4
True	obj218	valid	0	42	M. Chen	Solar Drift 2025 2	New Dawn	27.09.2025	MV202500347	1286	73,1	1,942,520	56,689	1,949,306	246,487	8,691	1,376,171	243,595	315,352	14,998,307	406	188,928	40075	245	8,766,216	172	3,826,354	50,450	21,104,677	3,663,194	2	0	Asia-Pacific	large	0	0	2
True	obj219	valid	0	54	E. Brooks	Carbon Dreams	Chronicles Saga	05.09.2025	MV202500350	3488	47,9	56,188,044	139,881	30,061,127	24,488,060	986,268	324,270	14,553,228	47,950,216	3,323,939	218	485,958	3906	127	1,707,220	160	24,359,668	74,899	16,412,551	1,997,028	29	0	Americas	small	1	4	1
True	obj220	valid	0	47	N. Fischer	Shadow Circuit 2025	Prime Story	26.06.2025	MV202500352	3492	31,4	3,837,751	116,935	24,466,968	2,001,833	70,024	806,596	1,071,058	2,049,253	10,820,339	329	38,738	15242	219	2,799,855	52	5,116,106	79,688	17,619,511	3,830,271	33	0	Europe	small	1	1	0
True	obj221	valid	0	77	Y. Tanaka	Desert Oracle 2025	Chronicles Saga	02.01.2025	MV202500353	1201	106,5	6,856,098	28,752	38,042,365	4,370,924	43,752	155,667	2,035,131	7,968,673	2,739,498	403	212,702	47168	90	7,600,074	48	19,662,333	77,391	21,187,337	1,774,958	83	0	Asia-Pacific	medium	3	2	4
True	obj222	valid	0	62	V. Popov	Neon Horizon 2025	Chronicles Saga	02.03.2025	MV202500357	3793	103,4	9,848,548	17,723	73,441,707	3,014,535	52,151	172,926	1,721,233	3,595,661	12,532,498	10	84,667	1043	191	4,603,490	175	47,161,866	30,778	20,426,717	4,713,287	86	0	Latin America	large	2	3	4
True	obj223	valid	0	92	G. Murphy	Infinite Margin 2025 2	Chronicles Saga	13.05.2025	MV202500359	1528	72,9	2,939,686	95,094	37,385,077	628,184	14,397	1,127,582	251,770	766,199	18,025,497	161	52,306	35888	270	1,587,504	95	16,833,592	90,297	5,613,345	1,790,022	16	0	Europe	medium	4	1	2
True	obj224	valid	0	60	F. Nguyen	Feral Harmony 2025	Origin Arc	05.05.2025	MV202500360	3287	77,3	12,582,753	60,104	77,661,546	3,012,702	135,864	1,526,369	1,487,687	5,537,801	10,139,215	210	387,036	95398	120	285,551	102	46,117,679	88,659	28,957,068	4,714,231	19	0	Asia-Pacific	large	2	3	2
True	obj225	valid	0	46	D. Rossi	Burning Atlas	Origin Arc	24.07.2025	MV202500370	1412	101,7	20,609,799	136,702	7,874,863	5,488,510	182,253	836,257	3,389,756	8,037,636	3,777,499	14	112,096	60970	151	805,058	114	20,438,763	2,283	18,294,375	832,294	62	0	Latin America	medium	1	4	4
True	obj226	valid	0	40	Q. Jensen	Velvet Storm 2025	New Dawn	08.07.2025	MV202500371	1637	68,7	13,391,807	64,612	23,445,623	7,931,901	363,105	414,093	1,063,328	2,649,072	4,900,939	301	494,856	79675	291	5,002,149	22	30,200,339	33,125	27,604,674	796,332	46	0	Americas	medium	0	4	2
True	obj227	valid	0	94	Q. Jensen	Last Signal 2025	Dark Matter	03.10.2025	MV202500372	195	105,5	66,369,685	87,760	66,222,029	9,340,635	115,744	1,623,343	15,611,012	54,939,236	14,503,010	19	199,714	92738	188	4,400,458	157	5,181,150	84,707	22,738,212	2,899,059	79	0	Americas	medium	4	4	4
True	obj228	valid	0	77	N. Fischer	Violet Engine	Open Sky	23.11.2025	MV202500374	1216	28,5	7,934,379	116,888	20,761,099	1,753,009	68,096	1,490,939	2,037,283	8,126,984	8,116,892	309	85,205	34421	46	8,526,104	62	18,718,129	86,540	14,557,373	845,604	52	1	Europe	small	3	3	0
True	obj229	valid	0	32	V. Popov	Blue Static 2025	New Dawn	03.03.2025	MV202500375	100	38,6	19,433,711	168,011	67,661,217	10,445,571	431,647	1,048,284	2,203,499	4,053,203	4,050,599	332	199,245	9884	98	671,977	110	26,737,693	74,125	26,178,468	4,852,186	5	0	Latin America	large	0	4	1
True	obj230	valid	0	71	I. Hassan	Carbon Dreams 2025	Prime Story	22.08.2025	MV202500376	2274	87,4	2,843,921	18,362	15,209,233	520,645	22,506	127,431	836,168	3,117,881	10,451,154	30	113,793	58567	174	4,642,712	107	39,070,629	31,885	19,017,171	982,129	11	1	Americas	large	3	1	3
True	obj231	valid	0	60	L. Nakamura	Hyperion Rise 2025	Universe Zero	20.10.2025	MV202500388	1848	90,2	8,581,650	131,876	59,457,387	1,692,432	65,481	564,671	631,611	1,845,593	4,995,575	125	365,015	30110	213	4,621,491	118	25,845,217	98,764	8,001,776	4,497,660	32	0	Americas	small	2	3	3
True	obj232	valid	0	81	R. Silva	Arctic Pulse 2025	Legacy Cycle	04.04.2025	MV202500389	3251	93,5	425,100	64,574	45,771,217	25,821	757	687,869	82,487	244,194	16,339,789	288	226,052	21483	186	5,458,794	23	13,965,259	76,851	27,716,568	1,686,272	89	0	Latin America	large	3	0	3
True	obj233	valid	0	54	I. Hassan	Desert Oracle 2025	Standalone	15.05.2025	MV202500390	1035	84,6	16,685,414	19,007	78,007,279	1,624,130	70,167	240,643	1,935,048	6,183,536	2,525,985	173	226,282	55329	281	9,662,925	194	9,130,618	82,002	26,568,728	2,554,523	14	0	Americas	large	1	4	3
True	obj234	valid	0	72	J. Martinez	Kinetic Prayer	Dark Matter	26.09.2025	MV202500391	4349	70,2	10,321,702	33,434	12,708,396	879,888	32,745	1,269,851	1,699,110	6,125,349	4,525,149	465	358,042	54082	286	4,240,157	40	2,445,609	96,914	12,026,185	1,948,861	52	0	Europe	large	3	3	2
True	obj235	valid	0	80	V. Popov	Silver Transit 2025	Chronicles Saga	22.01.2025	MV202500395	778	54,5	13,199,758	23,582	61,124,813	6,616,335	161,624	1,345,251	2,391,789	8,922,834	8,436,586	196	372,154	34730	236	8,522,330	114	26,138,269	94,019	24,394,820	3,140,591	77	0	Latin America	large	3	3	1
True	obj236	valid	0	81	D. Rossi	Electric Mirage 2025	Origin Arc	08.05.2025	MV202500396	2156	41,6	44,130,491	153,745	12,855,762	11,362,469	367,452	1,726,979	10,471,099	31,572,492	14,814,095	376	390,484	17205	149	888,694	70	26,911,738	80,515	28,977,108	1,582,670	30	0	Latin America	medium	3	4	1
True	obj237	valid	0	80	Q. Jensen	Red Meridian 2025	Open Sky	13.05.2025	MV202500407	2538	19,7	14,374,707	41,054	70,295,696	10,227,008	403,612	545,302	1,906,427	5,972,430	8,317,747	206	139,043	90107	245	4,882,164	120	31,326,854	39,546	20,880,052	2,245,641	66	1	Americas	medium	3	4	0
True	obj238	valid	0	86	N. Fischer	Iron Garden 2025	Final Chapter	12.05.2025	MV202500408	4394	66,3	7,228,121	57,359	68,442,092	5,540,267	113,353	1,522,002	1,571,081	3,622,500	17,711,992	101	43,251	84645	60	5,182,255	7	23,940,989	11,140	1,140,937	1,940,319	8	0	Europe	small	4	3	2
True	obj239	valid	0	38	V. Popov	Burning Atlas 2025 4	Standalone	07.04.2025	MV202500409	117	92,5	1,267,683	189,723	27,314,385	794,091	38,129	1,843,687	279,174	608,690	4,012,985	322	195,655	15309	87	636,493	36	9,716,954	65,801	13,166,147	4,356,686	6	1	Latin America	large	0	0	3
True	obj240	valid	0	66	P. Singh	Shadow Circuit 2025	Dark Matter	03.09.2025	MV202500411	1834	79,3	3,696,929	28,967	50,971,086	2,734,137	46,409	1,934,743	201,149	804,111	17,638,749	184	10,468	80545	43	4,599,320	142	27,074,926	22,698	12,066,928	4,200,676	35	0	Latin America	small	2	1	3
True	obj241	valid	0	71	J. Martinez	Arctic Pulse 2025	Legacy Cycle	07.12.2025	MV202500412	1778	61,6	4,174,171	142,546	45,475,243	1,457,463	69,841	1,458,640	917,312	3,114,780	7,268,298	231	431,219	79207	112	3,068,989	78	23,511,622	54,282	13,569,594	4,523,380	95	0	Europe	large	3	2	2
True	obj242	valid	0	35	H. Andersson	Desert Oracle 2025	Legacy Cycle	03.04.2025	MV202500413	4649	108,4	4,381,282	133,432	21,872,865	3,318,380	132,200	1,126,771	74,097	121,252	8,037,529	390	98,904	41128	140	8,680,300	26	46,562,623	31,621	27,990,606	3,061,624	73	0	Asia-Pacific	large	0	2	4
True	obj243	valid	0	33	S. Patel	Arctic Pulse 2025	Prime Story	11.02.2025	MV202500424	3683	107,5	16,053,254	77,976	15,462,605	7,174,627	292,709	1,423,844	2,314,556	5,135,052	15,555,185	236	111,666	305	106	6,206,525	112	39,184,213	95,666	14,540,931	1,570,841	88	1	Europe	large	0	4	4
True	obj244	valid	0	88	H. Andersson	Echo Chamber 2025	Legacy Cycle	10.04.2025	MV202500425	3466	78,5	11,098,315	140,159	68,217,553	4,912,409	107,714	408,559	1,733,528	3,517,483	576,424	321	210,711	36863	232	9,929,797	89	19,100,972	15,697	13,324,178	1,570,435	93	0	Asia-Pacific	large	4	3	3
True	obj245	valid	0	30	I. Hassan	White Noise 2025 3	Final Chapter	10.10.2025	MV202500426	209	76,6	1,264,909	125,815	51,709,802	515,862	13,320	653,288	64,647	228,915	690,679	141	282,808	56852	264	558,591	143	6,593,337	6,387	2,036,839	757,849	52	0	Americas	large	0	0	2
True	obj246	valid	0	92	N. Fischer	Deep Current	Chronicles Saga	12.01.2025	MV202500431	1162	92,9	2,668,589	52,618	74,410,758	728,798	33,156	1,601,133	53,766	95,330	18,388,127	372	340,914	3036	279	4,765,048	2	4,304,763	23,480	26,093,753	2,898,885	55	0	Europe	small	4	1	3
True	obj247	valid	0	70	R. Silva	Last Signal 2025	Final Chapter	20.01.2025	MV202500432	109	31,1	11,249,685	115,394	3,532,256	4,759,376	59,589	1,539,089	2,821,768	5,604,889	5,631,372	239	400,970	2441	81	8,719,915	46	22,399,456	194	19,505,466	4,367,604	83	0	Latin America	large	3	3	0
True	obj248	valid	0	42	L. Nakamura	Digital Saints 2025	Chronicles Saga	25.02.2025	MV202500445	1484	42,9	18,618,555	24,671	60,812,352	7,582,892	377,382	82,165	2,275,123	3,177,855	2,149,232	267	63,711	9589	222	4,232,638	7	33,014,847	5,987	3,342,961	4,884,181	71	0	Americas	small	0	4	1
True	obj249	valid	0	59	R. Silva	Ember Valley 2025	Legacy Cycle	12.01.2025	MV202500446	3140	93,9	2,877,023	40,707	49,307,567	1,338,628	64,493	182,446	293,019	959,132	19,573,449	134	243,128	9568	253	2,209,734	91	8,282,127	17,354	6,610,248	536,934	23	0	Latin America	large	2	1	3
True	obj250	valid	0	73	D. Rossi	Ghost Frequency	Prime Story	26.01.2025	MV202500449	1221	24,4	22,364,898	58,701	68,681,435	5,318,223	112,430	1,831,934	3,630,351	6,685,103	6,231,966	260	115,907	9227	15	6,546,219	156	47,691,944	94,150	5,278,317	2,739,692	94	0	Latin America	medium	3	4	0
True	obj251	valid	0	32	T. Kim	Hyperion Rise 2025	Standalone	20.07.2025	MV202500460	3192	89,5	17,838,730	37,393	39,814,378	3,453,871	125,490	795,039	520,106	1,656,848	6,471,591	66	163,454	96669	126	3,147,883	183	28,328,436	69,985	223,161	3,916,033	95	0	Americas	small	0	4	3
True	obj252	valid	0	77	V. Popov	Hollow Crown 2025	Final Chapter	22.08.2025	MV202500462	515	62,8	466,680	94,956	70,259,967	38,914	1,835	1,828,219	49,680	144,297	4,618,904	157	295,446	44927	90	6,520,546	7	11,473,646	90,438	7,624,257	1,326,829	53	1	Latin America	large	3	0	2
True	obj253	valid	0	40	Y. Tanaka	Last Signal 2025	Prime Story	07.10.2025	MV202500463	420	60,2	25,361,794	99,377	46,418,297	19,146,573	600,505	1,104,763	373,822	1,264,673	17,104,677	462	194,513	72572	53	6,561,025	2	21,475,024	32,877	7,367,889	2,399,322	9	0	Asia-Pacific	medium	0	4	2
True	obj254	valid	0	31	N. Fischer	Ghost Frequency 2025	Prime Story	25.03.2025	MV202500464	4443	42	9,107,596	138,342	51,125,418	2,924,196	38,157	311,221	2,111,840	3,252,306	18,742,056	476	32,991	77033	227	2,700,511	35	38,245,014	33,752	15,013,892	4,175,956	53	0	Europe	small	0	3	1
True	obj255	valid	0	75	Y. Tanaka	Parallel Lines 2025	Standalone	07.04.2025	MV202500465	708	52,4	4,916,994	198,425	12,991,747	2,256,793	53,449	1,044,221	406,045	1,271,198	3,883,408	495	378,657	35138	102	3,892,782	151	5,178,469	51,241	24,354,282	1,061,799	19	0	Asia-Pacific	medium	3	2	1
True	obj256	valid	0	70	N. Fischer	Binary Sunset 2025	Final Chapter	23.11.2025	MV202500467	319	50,8	340,669	171,745	4,402,491	98,044	2,157	1,928,159	34,236	54,208	5,165,628	189	76,518	33994	123	743,972	106	3,755,583	30,838	8,994,604	113,661	98	0	Europe	small	3	0	1
True	obj257	valid	1	88	K. Olsen	Midnight Cartel 2025 3	Open Sky	20.06.2025	MV202500468	4770	78,3	115,274,769	160,094	18,529,235	33,283,721	700,974	1,682,950	5,288,900	14,494,672	10,826,126	429	405,788	54893	173	6,904,822	59	27,618,337	29,754	26,859,774	3,761,509	4	0	Americas	large	4	4	2
True	obj258	valid	0	86	Q. Jensen	Feral Harmony 2025	Open Sky	14.10.2025	MV202500479	1108	39,1	500,746	10,661	14,391,609	205,051	9,233	1,597,905	137,057	256,756	1,015,163	429	271,835	7417	161	835,678	105	4,676,826	26,114	16,467,222	4,140,550	4	0	Americas	medium	4	0	1
True	obj259	valid	0	76	W. Stone	Parallel Lines 2025	Chronicles Saga	06.02.2025	MV202500480	2637	88,4	11,310,051	92,233	54,510,301	4,146,172	206,106	675,429	2,192,089	2,833,707	230,592	13	332,441	2420	242	303,474	64	37,877,926	80,797	17,575,216	413,163	19	0	Americas	small	3	3	3
True	obj260	valid	0	75	B. Carter	Violet Engine 3	Dark Matter	10.06.2025	MV202500481	2375	93,6	6,059,873	150,530	20,871,717	2,025,717	27,147	1,625,550	262,972	757,615	11,527,700	238	245,569	91025	22	1,757,249	152	25,070,771	78,830	9,423,409	2,344,371	50	0	Asia-Pacific	large	3	2	3
True	obj261	valid	0	70	Q. Jensen	Carbon Dreams 2025	Final Chapter	28.07.2025	MV202500484	1070	69,8	3,001,464	73,714	58,021,031	819,970	25,527	427,827	48,040	99,290	15,565,896	41	436,722	82203	87	9,822,083	77	17,733,804	75,029	22,729,740	4,331,367	4	0	Americas	medium	3	1	2
True	obj262	valid	0	35	C. Wright	Echo Chamber	Prime Story	12.01.2025	MV202500485	2293	86,7	1,113,792	172,630	41,043,281	614,254	29,729	1,060,756	162,893	613,384	449,839	112	54,482	24144	209	5,187,469	166	13,771,659	72,549	4,027,615	3,050,476	69	0	Europe	small	0	0	3
True	obj263	valid	0	34	Z. Ali	Parallel Lines 2025	Standalone	27.06.2025	MV202500361	1209	115,8	9,306,363	40,161	13,773,754	3,667,034	81,778	369,268	539,296	1,942,400	8,730,977	362	77,068	55534	232	49,447	31	4,995,673	54,982	11,821,418	1,062,459	47	0	Latin America	small	0	3	4
True	obj264	valid	0	87	Y. Tanaka	White Noise 2025 3	Final Chapter	25.05.2025	MV202500362	3227	55,7	4,920,901	106,869	27,755,906	3,271,628	120,379	1,940,454	1,091,494	1,391,992	17,711,762	89	117,578	36228	150	15,915	119	19,909,037	7,726	6,902,204	2,499,748	4	0	Asia-Pacific	medium	4	2	1
True	obj265	valid	0	35	B. Carter	Silent Protocol 2025	Prime Story	02.07.2025	MV202500365	292	46,1	8,627,201	119,196	28,585,986	3,129,906	35,882	1,477,386	1,204,041	2,283,048	1,680,937	47	363,393	63292	129	2,746,962	194	34,449,598	24,410	24,767,142	4,174,589	73	0	Asia-Pacific	large	0	3	1
True	obj266	valid	0	38	B. Carter	Hollow Crown 2025	Origin Arc	15.07.2025	MV202500366	2474	30,4	4,950,658	84,563	1,800,454	2,150,933	103,275	513,790	1,090,955	3,303,528	17,658,507	418	216,717	11642	57	2,609,757	60	25,701,978	85,424	7,312,572	3,994,770	37	0	Asia-Pacific	large	0	2	0
True	obj267	valid	0	72	K. Olsen	Blue Static 2025 3	Final Chapter	03.04.2025	MV202500367	154	96,7	12,913,730	156,431	52,580,450	7,214,335	151,434	924,936	1,150,316	3,925,709	12,697,133	48	112,412	70900	66	6,113,862	145	30,465,807	46,064	12,622,943	2,976,153	54	0	Americas	large	3	3	3
True	obj268	valid	0	33	T. Kim	Red Meridian 2025	Final Chapter	18.04.2025	MV202500368	3301	101,4	6,360,352	6,550	68,184,811	2,856,944	139,158	1,262,804	377,193	1,045,470	6,905,983	103	492,434	36919	87	3,153,380	134	1,478,228	62,486	5,002,029	1,758,131	43	0	Americas	small	0	2	4
True	obj269	valid	0	75	W. Stone	Crimson Archive 2025	Origin Arc	05.06.2025	MV202500379	2584	43,3	21,233,942	89,996	34,029,580	6,966,715	179,335	834,305	2,098,070	6,995,434	8,081,622	484	176,805	80537	292	7,670,485	3	35,216,945	20,860	21,500,180	1,473,984	37	0	Americas	small	3	4	1
True	obj270	valid	0	55	W. Stone	Northern Code 2025	Origin Arc	21.05.2025	MV202500380	3930	35,9	12,165,857	188,304	47,439,291	1,583,093	76,117	1,893,421	979,472	3,317,900	7,801,260	479	353,244	24984	296	5,861,143	11	2,805,728	34,269	16,136,871	2,190,621	28	0	Americas	small	1	3	0
True	obj271	valid	0	55	L. Nakamura	White Noise 2025	Standalone	14.05.2025	MV202500381	558	61	8,023,715	174,157	55,943,112	3,751,133	148,403	1,914,404	1,982,017	4,383,117	15,454,059	373	107,406	32126	68	3,622,037	39	48,571,933	25,902	18,108,506	4,663,406	14	0	Americas	small	1	3	2
True	obj272	valid	0	76	O. Dubois	City of Glass 2025	Dark Matter	09.01.2025	MV202500382	4414	102,3	2,657,498	98,452	45,989,489	1,260,413	44,587	1,468,894	793,900	2,209,311	19,484,550	390	265,881	79859	253	877,302	184	30,501,574	99,294	22,557,220	3,835,576	43	0	Latin America	large	3	1	4
True	obj273	valid	0	68	R. Silva	Arctic Pulse 2025 3	Legacy Cycle	28.11.2025	MV202500386	4626	83,3	7,820,109	1,953	41,494,575	5,653,926	88,251	939,678	181,091	237,079	11,924,089	104	369,924	29308	185	8,232,507	83	8,731,874	51,859	4,541,414	4,047,087	66	0	Latin America	large	2	3	3
True	obj274	valid	0	60	P. Singh	Jade Frequency 2025	New Dawn	29.12.2025	MV202500397	1305	82,1	1,466,956	191,865	25,827,554	607,437	8,783	1,163,735	158,035	591,797	14,004,566	280	378,385	53825	119	6,956,360	39	4,527,110	59,796	26,307,991	2,023,185	26	0	Latin America	small	2	0	3
True	obj275	valid	0	87	J. Martinez	Infinite Margin 2025	Origin Arc	31.05.2025	MV202500398	3626	25,9	5,972,598	165,244	19,679,828	3,046,413	49,353	1,985,355	1,741,108	2,217,833	4,489,372	347	109,487	87513	132	8,115,253	29	14,839,656	96,459	25,725,940	2,416,366	43	0	Europe	large	4	2	0
True	obj276	valid	0	40	P. Singh	Arctic Pulse 2025	Origin Arc	06.07.2025	MV202500399	1923	75,4	1,574,464	64,098	28,572,363	1,027,447	49,649	269,072	136,083	490,966	19,725,115	123	269,137	12876	294	7,842,186	101	23,786,885	31,348	24,217,607	3,020,457	72	0	Latin America	small	0	0	2
True	obj277	valid	0	93	A. Volkov	Crystal Fault 2025	Universe Zero	13.08.2025	MV202500400	4588	63,9	9,953,839	89,748	52,025,702	4,208,977	192,912	953,305	1,358,633	4,317,280	1,275,536	177	477,367	27609	75	8,965,289	5	29,886,925	43,083	22,930,955	666,783	39	0	Americas	large	4	3	2
True	obj278	valid	0	39	S. Patel	Golden Ratio	New Dawn	01.04.2025	MV202500402	1512	64,8	32,376,151	52,175	16,056,577	18,792,646	451,926	1,294,485	8,577,372	12,251,845	9,034,549	47	128,883	87930	18	5,571,283	136	4,774,516	172	29,553,861	62,892	32	0	Europe	large	0	4	2
True	obj279	valid	0	38	Z. Ali	Iron Garden	Chronicles Saga	04.04.2025	MV202500403	1268	22,3	19,992,705	119,983	45,923,061	9,024,916	412,054	1,412,764	5,857,354	21,455,964	3,549,840	74	409,497	3034	11	5,375,898	191	47,035,200	80,720	9,349,960	1,457,154	34	1	Latin America	small	0	4	0
True	obj280	valid	0	51	H. Andersson	Carbon Dreams	Final Chapter	18.08.2025	MV202500405	3565	94,5	8,034,067	75,475	39,242,322	5,002,347	148,317	643,096	762,900	1,949,585	7,776,173	248	393,179	28719	205	551,155	166	9,403,945	8,918	26,762,776	3,739,256	57	1	Asia-Pacific	large	1	3	3
True	obj281	valid	0	69	R. Silva	Parallel Lines 2025	Final Chapter	11.09.2025	MV202500416	2992	114,6	19,428,330	170,265	15,369,931	1,203,908	25,534	1,040,911	5,214,638	19,630,974	9,792,181	452	26,005	23880	91	4,489,310	86	2,022,786	74,999	22,792,951	2,290,437	8	0	Latin America	large	2	4	4
True	obj282	valid	0	66	Q. Jensen	Crystal Fault 2025 3	Origin Arc	09.07.2025	MV202500423	1913	28,5	3,339,995	182,038	72,205,300	1,211,584	42,835	1,803,689	236,278	598,569	5,610,626	170	396,909	69832	270	9,654,739	156	28,613,748	91,138	21,243,146	3,046,935	81	1	Americas	medium	2	1	0
True	obj283	valid	0	66	V. Popov	Golden Ratio 2025	Universe Zero	17.11.2025	MV202500434	1143	108,4	4,405,576	195,448	63,384,301	699,552	30,071	792,760	480,553	1,684,646	17,614,460	495	271,998	51956	172	2,547,171	110	47,114,493	73,971	20,520,320	3,938,621	48	0	Latin America	large	2	2	4
True	obj284	valid	0	89	B. Carter	Quantum Rain	Legacy Cycle	28.07.2025	MV202500435	3717	69,9	14,845,241	31,224	55,518,487	8,400,190	337,122	1,432,432	4,401,698	16,290,305	19,385,609	399	247,601	91584	208	3,065,559	151	15,142,880	20,924	19,147,458	4,757,752	19	1	Asia-Pacific	large	4	4	2
True	obj285	valid	0	79	Q. Jensen	Last Signal	Standalone	05.08.2025	MV202500436	4896	86,5	3,315,036	60,113	31,025,907	2,514,971	46,119	857,104	669,172	1,907,899	9,568,789	307	20,937	49133	9	3,196,318	6	35,031,575	86,117	11,512,658	2,695,086	9	0	Americas	medium	3	1	3
True	obj286	valid	0	92	J. Martinez	Silent Protocol 2025	Chronicles Saga	14.02.2025	MV202500437	771	66,5	7,645,473	90,991	59,926,687	3,105,238	61,033	1,968,002	1,282,016	1,661,695	6,196,271	388	427,321	21655	123	102,939	25	43,135,834	78,083	28,066,145	2,222,149	50	0	Europe	large	4	3	2
True	obj287	valid	0	88	M. Chen	City of Glass 4	Universe Zero	09.09.2025	MV202500438	2379	83,6	9,899,785	120,263	34,144,260	1,786,307	66,937	1,937,132	1,395,874	1,975,298	9,642,923	124	193,651	74453	196	1,766,316	75	15,113,831	22,342	25,966,967	2,917,849	49	0	Asia-Pacific	large	4	3	3
True	obj288	valid	0	86	D. Rossi	Final Orbit 2025	Universe Zero	12.04.2025	MV202500452	4837	55,2	11,179,268	158,125	59,940,532	6,849,912	246,342	604,014	810,669	1,527,768	327,560	113	219,513	48677	139	4,652,047	176	23,164,965	41,580	1,540,387	4,738,627	89	0	Latin America	medium	4	3	1
True	obj289	valid	0	94	O. Dubois	Quantum Rain 2025	Universe Zero	01.05.2025	MV202500457	1305	112,4	2,661,530	119,636	47,479,748	704,908	31,106	201,409	497,882	712,204	14,748,604	75	214,271	89658	280	7,935,893	139	7,594,383	5,135	14,136,244	163,423	29	0	Latin America	large	4	1	4
True	obj290	valid	0	45	Z. Ali	Final Orbit	Prime Story	25.07.2025	MV202500459	2676	114,9	1,612,596	42,188	36,908,328	586,141	22,349	73,691	451,275	615,762	17,502,832	73	499,112	12610	216	2,824,752	66	15,997,519	23,925	14,447,902	2,049,402	92	0	Latin America	small	1	0	4
True	obj291	valid	0	76	G. Murphy	Velvet Storm 2025	Legacy Cycle	09.08.2025	MV202500470	2398	96,5	5,721,047	68,919	32,367,602	1,191,440	40,069	1,821,501	1,163,637	2,333,622	4,980,613	428	62,324	42022	194	4,976,772	195	20,277,248	19,116	7,588,086	640,955	18	0	Europe	medium	3	2	3
True	obj292	valid	0	64	R. Silva	Solar Drift 2025	New Dawn	12.08.2025	MV202500472	504	114,4	4,166,251	156,300	66,696,866	361,214	14,424	1,048,611	45,356	80,314	2,208,329	143	141,723	17706	230	4,732,339	152	3,264,751	45,442	9,095,870	1,121,578	20	0	Latin America	large	2	2	4
True	obj293	valid	0	44	E. Brooks	Kinetic Prayer	Universe Zero	23.04.2025	MV202500473	2193	29	2,334,849	144,276	41,767,038	1,844,226	69,336	543,697	396,939	1,207,973	15,989,226	373	10,149	56715	265	2,412,257	56	40,485,507	75,773	20,053,407	2,779,791	61	0	Americas	small	1	1	0
True	obj294	valid	0	49	A. Volkov	Red Meridian 2025	Origin Arc	20.12.2025	MV202500474	3941	70,5	5,775,308	38,764	8,686,214	3,622,647	80,616	1,528,348	760,726	1,447,866	16,091,863	293	314,423	66983	288	5,652,156	71	18,996,075	62,461	26,707,712	1,623,575	85	0	Americas	large	1	2	2
True	obj295	valid	0	49	D. Rossi	Ember Valley 4	Legacy Cycle	12.03.2025	MV202500475	3379	60,2	15,327,128	107,042	59,091,842	3,425,280	48,312	1,979,550	4,004,977	10,957,579	14,368,619	110	107,266	37087	10	116,978	117	6,013,873	28,041	17,658,787	2,249,184	20	0	Latin America	medium	1	4	2
True	obj296	valid	0	77	R. Silva	Nova Protocol 2025	Dark Matter	04.05.2025	MV202500476	53	98,1	3,066,905	185,253	39,169,060	254,945	12,668	1,591,465	643,464	2,371,107	2,001,870	251	114,664	57567	0	6,963,790	186	37,666,369	55,628	4,928,830	3,694,503	98	0	Latin America	large	3	1	3
True	obj297	valid	0	79	Z. Ali	Winter Echo 2025	Standalone	18.04.2025	MV202500477	3683	39,6	7,968,355	45,202	10,769,858	1,579,594	23,243	1,824,491	761,376	1,348,897	12,542,611	440	149,796	68675	46	632,679	180	23,686,502	762	11,236,069	2,665,148	68	0	Latin America	small	3	3	1
True	obj298	valid	0	94	F. Nguyen	Stone Butterfly 2025	Dark Matter	12.02.2025	MV202500487	2683	19,1	777,240	198,285	7,633,670	574,067	27,801	1,716,771	145,688	492,564	14,405,721	262	4,190	91151	62	265,692	162	29,304,514	33,458	12,450,680	2,748,702	83	0	Asia-Pacific	large	4	0	0
True	obj299	valid	0	49	H. Andersson	Violet Engine	Legacy Cycle	01.08.2025	MV202500488	3014	91,6	2,273,120	121,987	27,669,947	1,676,435	76,169	152,596	604,335	1,746,731	16,170,272	435	319,644	57502	32	2,922,434	46	26,494,426	34,295	791,284	696,468	99	1	Asia-Pacific	large	1	1	3
True	obj300	valid	0	59	E. Brooks	Jade Frequency	Legacy Cycle	22.08.2025	MV202500490	1438	100,9	3,489,995	153,542	20,329,613	364,737	8,615	104,198	986,585	2,371,179	11,005,827	218	54,386	62637	145	7,630,519	128	7,129,789	21,085	15,734,764	1,318,915	74	1	Americas	small	2	1	4
True	obj301	valid	0	31	B. Carter	Desert Oracle 2025	Legacy Cycle	28.09.2025	MV202500491	3067	65,1	4,765,475	122,940	9,939,728	726,122	10,237	741,188	111,392	349,225	361,083	411	253,699	99319	174	648,399	57	28,704,374	93,496	21,439,583	2,265,539	25	0	Asia-Pacific	large	0	2	2
True	obj302	valid	0	56	B. Carter	Stone Butterfly 2025	Dark Matter	12.07.2025	MV202500492	4954	114	3,416,574	151,922	59,684,060	2,399,066	88,852	1,522,192	684,898	2,459,993	1,793,093	261	72,590	78353	173	6,367,770	113	7,346,592	56,533	8,832,225	3,861,497	88	0	Asia-Pacific	large	1	1	4
True	obj303	valid	0	75	F. Nguyen	Digital Saints 2025	Dark Matter	29.01.2025	MV202500493	1270	96,5	11,362,375	79,658	9,426,156	4,043,463	163,969	1,944,687	2,419,123	3,109,678	8,839,786	374	154,750	94303	217	5,199,937	44	33,507,327	60,240	10,854,051	1,219,808	95	1	Asia-Pacific	large	3	3	3
True	obj304	valid	0	67	Z. Ali	Golden Ratio	Dark Matter	17.03.2025	MV202500494	1202	79,1	2,324,361	86,885	21,290,423	824,388	34,083	764,929	537,625	1,214,618	8,138,498	36	414,607	1493	144	4,259,538	134	34,283,553	14,571	5,708,598	2,642,523	57	0	Latin America	small	2	1	3
True	obj305	valid	0	30	K. Olsen	Violet Engine	Dark Matter	28.01.2025	MV202500496	4772	45,8	6,170,510	189,889	51,369,436	2,405,589	84,385	100,693	1,446,119	3,226,885	12,750,057	135	447,859	44064	179	3,907,379	11	47,146,546	88,543	21,780,636	3,814,831	41	1	Americas	large	0	2	1
True	obj306	valid	0	49	T. Kim	Hyperion Rise 2025	Chronicles Saga	24.03.2025	MV202500497	187	80,7	49,512,504	79,516	41,923,275	23,472,196	735,652	134,409	13,884,330	24,252,479	4,053,328	116	468,620	95419	94	7,149,189	34	17,237,056	96,101	3,261,398	2,723,427	7	1	Americas	small	1	4	3
True	obj307	valid	0	59	F. Nguyen	Ocean of Stars	New Dawn	20.09.2025	MV202500498	4474	15	2,662,467	114,729	27,603,768	2,089,126	31,024	436,585	271,968	382,969	13,357,522	148	132,299	4918	288	8,645,579	64	7,042,556	39,558	15,308,058	4,865,392	9	0	Asia-Pacific	large	2	1	0
True	obj308	valid	0	36	D. Rossi	Parallel Lines 2025	Dark Matter	04.12.2025	MV202500501	860	85,8	2,421,470	137,380	32,400,725	785,840	12,584	145,817	570,045	1,723,613	18,741,342	36	285,309	32739	119	4,567,257	118	1,971,740	59,063	23,177,126	1,342,587	42	0	Latin America	medium	0	1	3
True	obj309	valid	0	45	S. Patel	Nova Protocol 2025	Final Chapter	14.01.2025	MV202500503	521	65,1	1,802,307	143,909	53,098,738	1,352,502	38,487	1,220,902	254,272	655,746	10,839,535	428	287,296	43646	149	8,455,112	167	6,474,375	51,611	5,884,607	4,970,959	3	0	Europe	large	1	0	2
True	obj310	valid	0	40	H. Andersson	Aurora Debt 2025	Origin Arc	23.12.2025	MV202500504	3121	34,6	2,620,536	145,564	26,556,835	660,363	18,665	76,727	48,926	150,908	3,358,393	449	87,953	74647	255	2,683,224	36	26,179,243	46,068	11,822,010	701,770	82	0	Asia-Pacific	large	0	1	0
True	obj311	valid	0	90	I. Hassan	Infinite Margin 2025	Legacy Cycle	20.07.2025	MV202500505	4691	86,8	2,452,706	186,913	27,221,483	1,650,012	27,352	159,305	182,572	566,974	6,557,613	266	168,943	98938	144	9,139,538	68	8,383,966	57,544	12,109,542	2,945,621	86	1	Americas	large	4	1	3
True	obj312	valid	0	38	G. Murphy	Obsidian Heart	New Dawn	09.07.2025	MV202500506	2154	38,5	6,969,631	191,256	75,966,670	2,260,621	73,125	31,363	1,993,120	4,180,042	9,755,367	340	412,430	22420	58	6,281,277	23	33,771,335	51,231	17,308,937	4,631,593	11	0	Europe	medium	0	2	1
True	obj313	valid	0	74	G. Murphy	Kinetic Prayer 2025	Open Sky	12.11.2025	MV202500508	3874	24,1	11,951,601	112,340	48,409,690	5,341,279	231,792	1,515,553	3,577,139	4,359,939	7,219,731	117	257,127	55780	230	4,021,936	178	46,758,698	55,740	27,386,785	3,879,295	41	0	Europe	medium	3	3	0
True	obj314	valid	0	42	O. Dubois	Nova Protocol 2025	Dark Matter	27.03.2025	MV202500509	2291	94,2	28,053,811	108,315	27,169,500	4,310,869	144,555	1,929,074	6,025,102	20,669,033	6,346,545	356	306,823	17777	38	9,580,051	182	48,381,719	81,241	12,843,218	1,661,473	13	0	Latin America	large	0	4	3
True	obj315	valid	0	44	P. Singh	Carbon Dreams 2025	Universe Zero	08.03.2025	MV202500511	2359	114,7	4,133,604	41,909	76,695,740	1,342,266	41,654	1,610,788	659,066	1,109,898	10,867,294	408	368,523	19042	18	2,001,810	28	42,058,352	708	9,146,083	463,020	37	1	Latin America	small	1	2	4
True	obj316	valid	0	40	D. Rossi	Parallel Lines 2025	Origin Arc	22.01.2025	MV202500523	880	95,2	6,034,138	29,711	2,448,259	2,765,321	107,271	1,948,404	964,780	3,060,330	9,269,106	97	21,225	45296	73	4,619,461	45	3,985,378	4,779	26,106,875	1,805,605	53	0	Latin America	medium	0	2	3
True	obj317	valid	0	65	B. Carter	White Noise 2025 4	Prime Story	08.11.2025	MV202500526	4899	89,3	6,611,618	164,360	74,341,589	2,819,042	72,731	1,212,257	1,615,028	6,413,525	12,777,631	324	99,331	59031	205	8,136,653	76	27,827,100	29,261	12,326,616	1,910,020	9	1	Asia-Pacific	large	2	2	3
True	obj318	valid	0	48	Z. Ali	Paper Kingdom 2025	Dark Matter	12.08.2025	MV202500527	4842	42,9	3,529,302	119,064	46,633,286	660,902	30,717	1,991,341	789,577	1,933,666	293,209	355	455,535	16514	129	9,880,451	132	1,315,347	46,726	15,467,137	4,099,068	54	1	Latin America	small	1	1	1
True	obj319	valid	0	53	V. Popov	Ocean of Stars 2025	Legacy Cycle	02.07.2025	MV202500529	3608	31,9	4,165,849	194,506	29,910,204	1,839,054	86,987	1,078,245	932,563	1,280,223	513,858	270	209,393	32019	199	8,288,106	35	9,445,716	56,342	8,986,670	2,016,147	76	0	Latin America	large	1	2	0
True	obj320	valid	0	49	W. Stone	Blue Static 2025	New Dawn	05.08.2025	MV202500530	3213	100,8	28,776,151	115,761	79,923,860	13,518,076	638,169	954,323	4,499,414	13,404,150	5,342,689	294	114,668	11791	271	884,369	116	5,624,649	42,714	14,830,664	2,759,240	24	0	Americas	small	1	4	4
True	obj321	valid	0	54	R. Silva	Hollow Crown 2025 3	Final Chapter	25.10.2025	MV202500531	2400	38,5	29,989,219	128,035	70,782,549	19,444,953	914,867	1,404,051	7,299,236	14,543,815	12,196,496	191	124,327	26483	183	256,210	90	15,619,683	6,475	348,457	2,804,165	10	1	Latin America	large	1	4	1
True	obj322	valid	0	35	N. Fischer	Velvet Storm 2025 2	New Dawn	10.04.2025	MV202500541	4402	30,3	2,625,224	122,993	58,920,953	434,797	21,342	1,364,375	569,012	1,671,877	16,311,978	42	219,194	77355	229	2,428,962	58	32,075,783	74,226	14,678,556	153,525	86	0	Europe	small	0	1	0
True	obj323	valid	0	40	Z. Ali	Echo Chamber 2025 3	Prime Story	26.06.2025	MV202500543	2945	64,8	5,941,079	52,404	34,205,523	4,703,397	202,406	420,611	539,852	1,456,641	7,232,635	32	301,383	21744	211	5,524,710	3	34,312,020	75,565	24,013,591	3,347,590	24	0	Latin America	small	0	2	2
True	obj324	valid	0	50	G. Murphy	Nova Protocol 2025	Dark Matter	18.10.2025	MV202500544	1270	84,4	1,582,723	176,971	61,149,090	766,765	26,034	612,219	469,387	1,858,206	9,624,817	351	418,755	10465	251	6,810,237	50	11,627,559	81,022	25,855,436	4,932,478	54	0	Europe	medium	1	0	3
True	obj325	valid	0	44	Q. Jensen	Silent Protocol 2025	New Dawn	10.12.2025	MV202500546	3165	27	9,713,327	24,428	43,823,804	6,807,845	290,784	378,782	2,687,382	6,112,193	1,858,809	30	362,252	89774	86	3,193,246	48	47,170,267	58,963	22,653,514	3,930,843	27	0	Americas	medium	1	3	0
True	obj326	valid	0	38	I. Hassan	Glass Reactor	New Dawn	26.04.2025	MV202500548	2654	106,1	18,982,416	20,204	49,133,338	14,997,744	703,331	1,183,003	198,552	667,689	9,388,675	261	7,522	77300	228	4,298,965	109	14,710,054	14,082	16,028,874	2,837,340	62	1	Americas	large	0	4	4
True	obj327	valid	0	52	Y. Tanaka	Ember Valley 2025	New Dawn	17.10.2025	MV202500549	596	71,7	13,772,442	72,880	29,685,950	1,910,719	64,304	361,302	2,251,108	5,560,002	1,550,687	227	188,527	69321	71	222,769	17	21,580,647	70,154	29,647,534	2,272,760	96	0	Asia-Pacific	medium	1	4	2
True	obj328	valid	0	35	Y. Tanaka	Winter Echo 2025	New Dawn	15.08.2025	MV202500559	4512	61	1,919,805	9,998	28,315,707	1,109,912	44,092	1,348,175	489,381	1,469,590	18,269,105	333	414,616	4814	294	2,878,456	135	10,811,590	30,406	21,641,031	1,016,317	89	1	Asia-Pacific	medium	0	0	2
True	obj329	valid	0	87	F. Nguyen	City of Glass	Legacy Cycle	13.08.2025	MV202500561	4104	101,5	3,845,826	53,484	54,420,644	1,569,579	60,689	1,912,837	87,630	267,639	11,405,519	144	290,526	96318	112	2,250,282	0	24,538,825	37,697	25,441,987	785,877	32	1	Asia-Pacific	large	4	1	4
True	obj330	valid	0	50	A. Volkov	Red Meridian 2025 3	Open Sky	21.07.2025	MV202500563	2307	40,5	13,190,537	179,287	26,767,593	5,052,686	247,637	1,824,198	3,171,370	6,772,246	17,529,146	281	394,977	54303	96	5,655,936	37	8,549,596	73,694	23,131,981	1,558,424	39	1	Americas	large	1	3	1
True	obj331	valid	0	48	O. Dubois	Deep Current 2025	Origin Arc	27.02.2025	MV202500565	4508	15,4	1,025,885	110,165	58,429,098	438,411	19,828	1,137,993	73,162	182,795	19,456,241	83	345,365	38171	155	7,088,297	150	38,656,330	91,716	14,362,506	3,827,939	69	0	Latin America	large	1	0	0
True	obj332	valid	0	86	L. Nakamura	Iron Garden 2025	Dark Matter	09.06.2025	MV202500566	1378	65,4	6,869,023	144,504	38,146,997	4,806,080	48,295	355,346	1,378,155	2,478,617	5,890,910	63	463,310	97938	40	9,455,143	11	4,434,026	27,874	29,622,089	3,274,168	73	0	Americas	small	4	2	2
True	obj333	valid	0	68	T. Kim	Electric Mirage	Standalone	07.01.2025	MV202500567	1223	88,6	41,371,919	43,881	10,504,731	6,027,288	233,120	996,104	8,020,886	28,725,697	2,543,842	437	121,849	71785	12	7,768,460	26	4,676,852	33,546	1,411,044	1,267,328	19	0	Americas	small	2	4	3
True	obj334	valid	0	93	Z. Ali	Red Meridian 2025	New Dawn	07.03.2025	MV202500577	1597	18,8	2,717,233	24,071	2,127,315	269,778	5,947	1,935,322	173,983	546,035	2,468,357	459	381,531	52908	188	868,445	198	45,421,655	19,845	5,943,468	3,112,171	35	1	Latin America	small	4	1	0
True	obj335	valid	0	69	Y. Tanaka	Iron Garden 2025	Origin Arc	06.09.2025	MV202500578	2886	78,1	10,130,822	165,466	68,785,953	6,464,171	241,213	1,819,098	1,111,869	1,796,117	3,015,525	346	407,340	22683	184	8,936,214	120	8,715,316	28,732	25,585,922	3,455,949	82	0	Asia-Pacific	medium	2	3	2
True	obj336	valid	0	69	O. Dubois	Electric Mirage 2025	Open Sky	01.07.2025	MV202500581	1730	84,8	25,576,066	74,380	3,954,222	9,048,058	231,489	1,666,248	3,052,191	9,093,114	14,441,196	432	122,321	85508	34	554,218	79	39,649,139	27,577	24,830,194	31,564	66	1	Latin America	large	2	4	3
True	obj337	valid	0	35	V. Popov	Silent Protocol 2025	Legacy Cycle	23.10.2025	MV202500583	2630	60	24,888,134	90,226	39,737,125	14,700,733	620,284	120,490	4,524,744	15,608,551	16,224,069	9	84,363	97639	199	711,206	173	24,806,520	13,595	19,848,971	748,355	7	1	Latin America	large	0	4	2
True	obj338	valid	0	86	K. Olsen	Frozen Ledger 2025	New Dawn	27.07.2025	MV202500584	608	80,1	978,652	33,078	39,249,054	75,602	2,219	159,897	280,793	810,210	15,409,824	65	326,017	67495	8	9,591,438	139	48,191,736	53,476	14,254,629	2,723,483	35	0	Americas	large	4	0	3
True	obj339	valid	0	84	O. Dubois	Crimson Archive 2025	New Dawn	22.02.2025	MV202500595	2134	58,4	3,518,499	82,842	49,787,664	2,370,668	102,640	1,871,436	521,171	892,273	5,274,193	193	319,909	22739	261	4,407,062	157	23,458,046	14,833	15,173,677	4,655,670	17	0	Latin America	large	4	1	1
True	obj340	valid	0	76	O. Dubois	Violet Engine 4	Open Sky	13.11.2025	MV202500597	897	112,9	4,905,982	98,848	13,821,352	1,171,864	18,379	984,510	554,073	1,266,538	5,090,543	110	227,201	16354	108	2,892,613	28	18,784,023	37,688	9,615,081	4,054,544	59	0	Latin America	large	3	2	4
True	obj341	valid	0	43	F. Nguyen	Ghost Frequency 2025	New Dawn	12.06.2025	MV202500599	3885	84,1	8,587,236	63,849	13,648,003	3,096,438	143,928	1,134,520	753,290	940,936	1,611,068	199	271,368	14175	181	277,769	73	36,256,387	15,766	17,775,874	585,128	32	0	Asia-Pacific	large	0	3	3
True	obj342	valid	0	47	K. Olsen	Digital Saints 2025	Legacy Cycle	03.04.2025	MV202500613	2416	48,1	7,822,076	87,971	2,361,670	1,123,743	33,663	960,852	96,173	220,104	10,823,677	342	162,840	59728	180	3,262,575	19	41,204,474	23,176	6,756,725	30,533	83	0	Americas	large	1	3	1
True	obj343	valid	0	60	D. Rossi	City of Glass 2025 4	Prime Story	25.01.2025	MV202500615	3721	62,1	5,436,841	61,520	37,734,558	1,753,134	71,155	1,277,293	999,253	2,196,899	2,822,921	219	264,462	74334	219	1,121,349	157	23,062,204	35,640	9,008,407	4,028,888	57	1	Latin America	medium	2	2	2
True	obj344	valid	0	48	J. Martinez	Paper Kingdom	Legacy Cycle	04.08.2025	MV202500616	4270	71,1	2,326,215	183,696	78,432,438	261,372	7,079	74,965	554,521	1,402,059	10,698,957	87	456,804	6831	238	4,799,190	95	482,133	82,720	13,043,848	1,579,848	6	1	Europe	large	1	1	2
True	obj345	valid	0	86	I. Hassan	Thunder Archive 2025	Open Sky	20.12.2025	MV202500618	2788	20,5	11,426,161	95,990	46,199,380	887,794	27,745	467,981	274,056	1,043,371	14,177,404	81	352,135	54030	122	5,220,672	180	8,510,059	29,480	8,308,060	4,689,415	77	0	Americas	large	4	3	0
True	obj346	valid	0	57	G. Murphy	Ember Valley 2025	Origin Arc	09.09.2025	MV202500619	1036	61	17,246,295	189,095	59,354,361	5,112,578	223,437	102,779	3,723,368	5,963,665	8,822,147	291	365,564	60920	269	8,457,283	167	41,000,084	29,923	16,213,437	3,196,488	90	0	Europe	medium	2	4	2
True	obj347	valid	0	31	G. Murphy	Golden Ratio 2025	Universe Zero	16.04.2025	MV202500620	3205	116,4	2,487,624	196,410	8,393,844	918,158	15,874	435,353	573,544	735,924	10,563,262	170	217,208	53637	232	5,781,222	121	49,292,002	83,429	2,393,591	4,726,300	33	1	Europe	medium	0	1	4
True	obj348	valid	0	60	O. Dubois	Hollow Crown 2025	Origin Arc	23.02.2025	MV202500621	1211	111,3	54,381,069	112,098	34,023,783	20,880,762	562,075	415,530	9,644,848	33,802,447	7,473,376	314	328,496	74451	161	206,675	144	48,059,240	1,188	25,084,035	1,592,084	12	0	Latin America	large	2	4	4
True	obj349	valid	0	45	J. Martinez	Thunder Archive 2025	Origin Arc	31.03.2025	MV202500515	4882	101,6	9,048,920	93,755	42,164,735	3,439,551	102,870	225,114	515,842	1,327,218	17,907,654	163	289,789	55831	274	2,430,271	29	40,616,038	75,274	2,956,692	3,966,168	39	0	Europe	large	1	3	4
True	obj350	valid	0	81	S. Patel	Ocean of Stars 2025	Open Sky	25.03.2025	MV202500517	188	75,3	23,690,717	155,811	51,436,504	18,136,917	302,872	1,853,730	6,227,861	23,897,032	14,985,565	332	46,237	19883	83	8,678,569	102	2,834,432	82,324	27,349,633	2,882,745	99	1	Europe	large	3	4	2
True	obj351	valid	0	59	C. Wright	Quantum Rain	New Dawn	19.03.2025	MV202500518	3823	27,1	10,904,907	150,556	11,179,407	1,490,370	21,769	1,542,776	606,828	1,872,444	2,318,677	191	52,252	91328	12	6,175,079	6	6,799,338	34,293	22,277,390	2,645,776	43	1	Europe	small	2	3	0
True	obj352	valid	0	73	T. Kim	Stone Butterfly	Legacy Cycle	01.01.2025	MV202500532	4380	101,7	22,057,760	80,086	55,738,059	9,416,449	180,024	82,271	3,891,482	9,419,499	19,700,248	197	75,669	98752	158	6,019,424	13	1,102,741	83,302	2,675,455	369,265	99	1	Americas	small	3	4	4
True	obj353	valid	0	93	A. Volkov	Ghost Frequency 2025	Final Chapter	28.07.2025	MV202500533	2800	82,2	1,326,497	37,397	19,897,543	173,731	8,119	642,502	95,334	250,816	8,012,165	389	350,165	91000	108	9,561,482	150	24,779,598	26,218	18,488,388	2,144,588	65	0	Americas	large	4	0	3
True	obj354	valid	0	82	T. Kim	Infinite Margin 2025	Final Chapter	09.08.2025	MV202500537	1326	97,5	3,710,174	2,969	63,242,332	1,569,876	35,211	847,239	90,901	201,775	15,125,325	169	446,231	57121	234	3,085,214	63	11,036,633	78,125	24,157,938	144,456	13	0	Americas	small	4	1	3
True	obj355	valid	0	83	Y. Tanaka	Aurora Debt	Origin Arc	25.12.2025	MV202500538	4983	97,2	1,584,074	69,469	74,028,929	422,777	4,382	1,863,837	65,637	156,963	17,111,509	59	76,077	18104	228	4,519,263	192	23,918,244	65,664	9,318,487	671,682	31	1	Asia-Pacific	medium	4	0	3
True	obj356	valid	0	62	F. Nguyen	Neon Horizon 2025	Final Chapter	08.01.2025	MV202500539	4052	119,3	534,196	198,328	10,236,893	70,119	3,154	345,861	96,558	276,877	18,835,371	222	392,796	1361	240	4,461,153	198	20,427,434	26,312	4,923,298	4,059,944	7	0	Asia-Pacific	large	2	0	4
True	obj357	valid	0	73	I. Hassan	Paper Kingdom 2025	New Dawn	17.07.2025	MV202500540	2871	65,3	5,782,688	194,743	50,848,285	4,046,718	100,115	529,527	950,466	2,508,619	6,195,258	61	278,746	75117	151	8,786,499	72	37,621,072	95,002	1,414,472	3,379,103	42	0	Americas	large	3	2	2
True	obj358	valid	0	39	P. Singh	Parallel Lines 2025 4	New Dawn	08.07.2025	MV202500550	2750	46,8	12,935,538	102,148	77,721,518	9,713,208	142,892	973,367	3,658,378	7,368,721	1,804,246	373	244,138	38509	55	746,282	108	39,861,732	64,498	4,339,602	459,510	71	0	Latin America	small	0	3	1
True	obj359	valid	0	33	D. Rossi	Blue Static 2025 2	Universe Zero	01.01.2025	MV202500558	2571	111,6	91,491,208	157,008	72,008,823	65,848,656	1,599,712	1,923,961	18,608,379	22,881,084	17,198,631	379	349,818	5077	95	3,372,605	172	46,525,070	90,650	10,410,735	3,989,738	68	0	Latin America	medium	0	4	4
True	obj360	valid	0	76	S. Patel	Burning Atlas 2025	Universe Zero	27.10.2025	MV202500568	188	39,2	13,731,182	130,387	79,253,560	1,674,728	22,753	1,365,304	2,276,740	7,914,570	19,565,604	37	149,268	86518	12	9,448,902	116	47,789,332	21,816	28,323,372	145,858	24	0	Europe	large	3	4	1
True	obj361	valid	0	60	G. Murphy	Red Meridian 2025	Standalone	14.04.2025	MV202500569	458	56,1	6,000,805	73,441	44,578,831	4,525,594	111,976	1,682,492	790,557	2,811,234	18,148,223	230	376,571	89092	114	7,004,262	185	4,205,633	51,214	11,811,491	1,808,352	30	0	Europe	medium	2	2	1
True	obj362	valid	0	64	V. Popov	Digital Saints 2025	Legacy Cycle	06.06.2025	MV202500570	3415	61,3	10,491,867	68,823	24,191,046	5,282,595	180,562	334,632	678,652	1,174,993	16,930,187	192	216,919	83402	26	9,686,574	51	39,291,523	66,546	27,589,054	3,694,219	94	0	Latin America	large	2	3	2
True	obj363	valid	0	90	G. Murphy	Solar Drift 2025	Open Sky	19.05.2025	MV202500573	3132	52,9	43,136,187	192,458	5,095,935	14,872,089	272,826	560,786	12,080,119	17,170,925	6,865,150	184	267,743	90825	171	9,252,930	187	45,853,251	30,634	2,626,150	1,708,452	76	0	Europe	medium	4	4	1
True	obj364	valid	0	80	E. Brooks	Solar Drift	Open Sky	22.05.2025	MV202500574	2177	34,1	6,831,012	36,400	9,811,959	1,041,945	44,330	105,373	797,202	2,447,054	5,295,438	272	97,706	79263	47	4,154,561	23	38,837,577	88,613	6,404,729	4,047,966	45	0	Americas	small	3	2	0
True	obj365	valid	0	64	C. Wright	Quantum Rain	Chronicles Saga	19.08.2025	MV202500586	1650	60,7	4,052,849	77,192	27,811,223	3,009,313	113,225	67,646	1,080,473	3,891,996	660,524	203	176,501	69903	141	376,350	147	48,752,574	56,504	18,493,761	4,814,430	44	1	Europe	small	2	1	2
True	obj366	valid	0	50	Q. Jensen	Desert Oracle 2025	Origin Arc	15.01.2025	MV202500592	1154	87,8	4,321,287	113,859	22,453,576	321,945	12,919	1,918,530	1,035,061	1,685,466	16,094,353	44	331,332	48729	266	644,112	52	49,677,349	30,209	25,244,171	292,226	22	0	Americas	medium	1	2	3
True	obj367	valid	0	40	Y. Tanaka	Jade Frequency 2025	Universe Zero	23.03.2025	MV202500593	1916	34	7,182,302	1,962	1,309,174	1,430,913	33,208	1,147,276	349,837	525,406	4,088,223	4	10,983	19726	122	4,409,732	146	6,142,786	90,090	23,499,396	1,826,000	81	0	Asia-Pacific	medium	0	3	0
True	obj368	valid	0	59	S. Patel	White Noise	Standalone	30.03.2025	MV202500594	1418	51,5	2,911,451	182,056	58,779,942	752,597	24,267	516,704	341,677	876,531	4,699,756	108	358,369	95076	39	1,270,557	59	3,405,068	97,220	17,445,830	3,706,994	99	0	Europe	large	2	1	1
True	obj369	valid	0	84	G. Murphy	Arctic Pulse 2025	Chronicles Saga	15.04.2025	MV202500605	2755	67,7	13,983,787	127,036	70,662,993	2,948,727	143,128	1,826,110	2,101,191	6,934,180	15,359,272	88	227,437	24783	165	9,651,322	21	48,657,374	18,987	19,914,720	3,955,509	20	1	Europe	medium	4	4	2
True	obj370	valid	0	73	C. Wright	Broken Compass 2025	Open Sky	16.08.2025	MV202500608	3466	92,5	3,849,290	118,094	79,761,299	966,509	12,097	875,801	568,932	1,668,370	9,688,624	281	276,622	59528	92	6,797,156	50	17,597,166	61,780	17,129,357	2,028,140	7	0	Europe	small	3	1	3
True	obj371	valid	0	46	E. Brooks	Frozen Ledger 2025	Dark Matter	16.04.2025	MV202500609	3120	45,3	11,271,818	58,664	46,746,548	3,933,875	43,737	580,102	2,013,622	2,472,030	12,098,560	331	257,384	39449	2	9,648,525	23	44,381,487	3,139	11,954,147	4,805,897	3	0	Americas	small	1	3	1
True	obj372	valid	0	62	T. Kim	Ocean of Stars 2025	Legacy Cycle	10.07.2025	MV202500612	2422	18,7	4,926,302	60,672	77,514,626	3,529,285	53,860	1,190,652	224,805	296,999	9,678,959	332	477,346	55862	278	8,185,002	74	15,044,173	3,861	4,252,901	3,890,593	11	0	Americas	small	2	2	0
True	obj373	valid	0	56	N. Fischer	Parallel Lines	New Dawn	30.09.2025	MV202500622	1102	97,7	9,145,065	129,299	25,218,777	1,319,062	19,588	1,447,041	1,612,426	2,125,717	1,181,416	265	413,175	79760	256	7,171,788	8	16,387,013	87,931	8,980,105	3,573,168	20	1	Europe	small	1	3	3
True	obj374	valid	0	75	H. Andersson	Arctic Pulse 2025 3	Open Sky	10.02.2025	MV202500623	4656	67,1	2,029,405	49,144	28,264,855	431,806	18,109	120,801	225,501	275,093	6,677,268	160	436,907	75127	291	903,475	126	14,594,938	66,565	2,578,446	1,671,561	38	0	Asia-Pacific	large	3	0	2
True	obj375	valid	0	37	G. Murphy	Ocean of Stars	Universe Zero	21.07.2025	MV202500624	1966	97,9	7,806,279	94,360	14,545,044	5,990,453	66,655	316,900	1,466,790	4,201,772	19,935,369	325	204,929	34311	74	1,770,891	16	40,361,896	25,642	24,510,006	3,414,788	7	0	Europe	medium	0	3	3
True	obj376	valid	0	91	M. Chen	Northern Code 2025	Prime Story	22.11.2025	MV202500625	3059	48,9	11,614,462	192,670	3,007,498	8,586,392	315,731	1,093,771	1,495,739	2,361,821	19,602,584	4	71,354	41969	126	9,336,269	101	5,122,429	63,376	20,292,966	2,266,438	52	0	Asia-Pacific	large	4	3	1
True	obj377	valid	0	88	B. Carter	Crystal Fault 2025	Open Sky	25.07.2025	MV202500626	30	75,4	12,529,300	113,976	13,858,925	3,070,878	96,619	1,716,406	2,872,839	10,996,528	10,182,950	382	435,584	75439	105	8,556,786	47	41,571,632	32,865	22,458,498	2,268,372	84	1	Asia-Pacific	large	4	3	2
True	obj378	valid	0	62	W. Stone	Ember Valley 2025	Prime Story	24.02.2025	MV202500627	288	59,6	3,109,973	40,698	75,769,411	1,922,489	64,645	1,520,037	787,916	2,933,575	10,145,142	102	234,946	65189	107	5,119,692	146	10,722,452	28,396	14,246,889	69,622	25	1	Americas	small	2	1	2
True	obj379	valid	0	42	K. Olsen	Binary Sunset	Final Chapter	15.07.2025	MV202500630	412	26,3	7,646,558	95,030	11,953,250	3,397,980	88,259	1,388,947	296,478	496,760	18,685,002	75	17,573	59455	233	2,364,456	178	20,705,228	13,554	17,137,237	982,969	95	0	Americas	large	0	3	0
True	obj380	valid	0	92	Y. Tanaka	Ghost Frequency 2025	Universe Zero	21.08.2025	MV202500640	776	58,2	12,636,800	198,498	44,805,494	796,720	12,412	1,402,468	1,206,197	1,809,430	2,323,907	209	34,721	17668	189	3,273,639	112	14,343,234	86,627	11,927,482	4,416,847	6	0	Asia-Pacific	medium	4	3	1
True	obj381	valid	0	41	K. Olsen	Broken Compass 2025	Universe Zero	23.08.2025	MV202500641	1042	20,6	2,621,337	113,602	79,216,513	301,452	10,576	137,380	94,425	136,991	587,301	452	473,251	71533	3	7,354,285	87	16,255,115	95,572	23,157,116	3,652,565	97	0	Americas	large	0	1	0
True	obj382	valid	0	90	L. Nakamura	Neon Horizon 2025	Final Chapter	27.12.2025	MV202500643	1066	56,4	1,463,826	55,284	6,136,306	961,631	45,258	1,758,654	411,532	1,512,317	8,175,395	272	255,318	84430	237	2,934,518	93	4,025,979	15,964	1,802,685	1,038,467	1	0	Americas	small	4	0	1
True	obj383	valid	0	30	C. Wright	Iron Garden 4	Dark Matter	25.07.2025	MV202500646	35	99,2	1,908,198	164,776	19,185,000	168,337	2,641	1,427,088	357,362	1,071,088	10,104,727	26	29,227	16315	299	2,016,444	118	27,537,939	59,222	18,131,724	4,789,831	8	0	Europe	small	0	0	3
True	obj384	valid	0	72	B. Carter	Midnight Cartel 2025	Chronicles Saga	30.11.2025	MV202500647	3179	67,1	11,741,284	176,832	12,455,490	5,472,400	270,926	709,621	272,635	873,197	19,555,385	495	360,879	25837	174	2,848,953	195	23,332,966	52,388	26,020,071	4,606,322	62	1	Asia-Pacific	large	3	3	2
True	obj385	valid	0	59	D. Rossi	Midnight Cartel 2025 4	Open Sky	07.01.2025	MV202500631	733	18,2	957,478	37,982	62,297,601	66,542	2,407	343,413	137,689	201,283	4,083,877	406	283,185	74324	141	755,705	77	7,126,752	11,995	24,127,949	1,269,429	87	0	Latin America	medium	2	0	0
True	obj386	valid	0	87	C. Wright	Digital Saints 2025	Dark Matter	26.12.2025	MV202500634	2092	24,5	34,446,143	95,846	34,242,510	9,099,011	410,841	1,961,331	6,404,522	19,780,370	2,538,034	231	499,563	90785	150	2,692,342	91	1,181,780	74,920	13,149,659	3,286,745	97	0	Europe	small	4	4	0
True	obj387	valid	0	66	A. Volkov	Neon Horizon 2025	Standalone	17.04.2025	MV202500636	4494	93	675,075	103,847	19,900,859	419,236	9,083	1,428,663	7,138	16,626	4,785,453	55	2,414	51615	171	7,781,449	199	6,065,904	11,911	23,949,636	115,713	95	0	Americas	large	2	0	3
True	obj388	valid	0	61	V. Popov	Broken Compass 2025	Dark Matter	22.08.2025	MV202500637	3767	101,1	2,230,113	148,028	49,425,895	1,352,838	34,535	1,083,599	398,681	1,296,731	6,004,031	494	475,477	94280	259	5,476,131	96	12,900,661	24,494	1,519,865	4,606,796	81	0	Latin America	large	2	1	4
True	obj389	valid	0	57	L. Nakamura	Quantum Rain 2025 2	Standalone	18.02.2025	MV202500639	4417	88,9	7,059,526	182,058	55,100,579	663,031	10,667	275,631	353,011	643,531	8,934,767	461	144,492	112	288	3,910,820	6	17,332,530	88,724	14,906,419	3,444,135	90	0	Americas	small	2	2	3
True	obj390	valid	0	74	A. Volkov	Lunar Cartography 2025	Chronicles Saga	18.08.2025	MV202500649	1492	71,2	3,537,190	159,673	43,766,920	2,506,912	92,629	1,432,664	609,460	1,356,500	7,037,959	433	250,250	1473	195	6,691,296	58	39,920,127	13,495	26,290,168	4,820,043	16	0	Americas	large	3	1	2
True	obj391	valid	0	94	H. Andersson	Jade Frequency 2025	Standalone	22.08.2025	MV202500650	3625	78,3	4,349,577	136,479	28,527,019	1,064,281	29,243	1,380,218	884,054	1,669,573	16,994,089	457	182,338	74856	263	1,420,375	64	36,789,993	83,872	26,839,473	4,117,257	38	1	Asia-Pacific	large	4	2	2
True	obj392	valid	0	37	Y. Tanaka	Carbon Dreams 2025	Chronicles Saga	22.03.2025	MV202500651	4409	117,8	15,122,002	173,153	46,235,205	3,955,189	85,204	1,710,573	1,080,400	2,819,292	4,407,812	5	456,437	73859	180	8,094,895	162	15,819,641	22,863	4,420,803	1,841,504	7	0	Asia-Pacific	medium	0	4	4
True	obj393	valid	0	54	J. Martinez	Echo Chamber 2025	Origin Arc	29.04.2025	MV202500652	2539	55,8	1,430,644	110,035	7,486,857	788,012	18,151	1,640,388	402,523	1,475,367	5,522,745	249	129,788	99362	147	8,202,628	117	21,224,314	95,915	9,601,718	1,233,909	33	0	Europe	large	1	0	1
True	obj394	valid	0	45	T. Kim	Midnight Cartel	Origin Arc	16.10.2025	MV202500653	1268	66,7	5,920,905	75,338	75,111,672	2,506,395	29,637	1,342,926	228,275	656,510	3,215,523	367	9,430	29563	87	7,583,783	168	18,490,585	28,018	23,194,923	2,342,819	3	1	Americas	small	1	2	2
True	obj395	valid	0	85	D. Rossi	Silver Transit 2025	Standalone	18.08.2025	MV202500655	3091	34,5	91,158,424	136,670	11,513,909	33,041,701	1,580,180	1,719,347	7,538,326	23,956,341	18,861,582	104	274,244	92084	142	6,916,285	71	6,269,017	89,311	12,937,121	2,519,748	47	1	Latin America	medium	4	4	0
True	obj396	valid	0	89	T. Kim	Thunder Archive 2025	Legacy Cycle	22.12.2025	MV202500656	50	119,3	17,222,071	69,435	2,041,693	5,183,097	160,639	1,668,504	2,022,727	6,799,615	9,485,307	288	371,101	95699	98	8,537,544	85	12,868,618	883	5,755,561	3,281,188	32	0	Americas	small	4	4	4
True	obj397	valid	0	84	G. Murphy	Golden Ratio 2025	Legacy Cycle	09.02.2025	MV202500657	2128	67,5	13,175,344	29,517	14,482,404	6,456,213	118,809	804,942	3,427,828	12,149,666	9,108,833	103	29,818	17606	283	1,472,250	20	38,078,836	83,591	24,903,968	3,256,244	49	0	Europe	medium	4	3	2
True	obj398	valid	0	53	Q. Jensen	Ghost Frequency	Standalone	14.02.2025	MV202500670	384	33,7	710,926	84,032	1,711,202	541,887	16,882	922,861	52,918	161,157	6,407,415	140	55,448	68508	125	8,405,429	94	21,796,322	12,979	8,441,405	3,543,557	71	0	Americas	medium	1	0	0
True	obj399	valid	0	46	K. Olsen	Digital Saints	Chronicles Saga	04.12.2025	MV202500671	1624	36	1,386,363	157,321	9,182,148	221,762	7,920	1,585,149	103,492	199,235	14,251,025	482	149,835	93869	214	3,890,894	55	40,856,367	11,630	22,465,973	2,298,833	46	0	Americas	large	1	0	0
True	obj400	valid	0	90	Y. Tanaka	Jade Frequency	Universe Zero	17.04.2025	MV202500672	369	108,9	3,873,962	163,776	70,401,160	2,489,134	105,424	946,815	717,757	2,586,347	2,001,735	275	9,886	8654	253	6,197,225	112	8,621,776	69,733	1,235,291	843,500	56	0	Asia-Pacific	medium	4	1	4
True	obj401	valid	0	74	D. Rossi	Blue Static 2025	Prime Story	11.04.2025	MV202500673	4672	32,7	2,954,622	152,195	872,313	1,257,893	30,639	586,914	362,618	979,425	14,907,145	189	380,532	41802	170	2,808,739	93	9,892,999	43,387	21,182,934	316,096	1	0	Latin America	medium	3	1	0
True	obj402	valid	0	72	J. Martinez	Shadow Circuit 2025	Final Chapter	01.08.2025	MV202500675	3311	103,5	8,609,148	110,735	64,732,724	5,912,846	287,287	134,380	414,085	1,261,112	17,645,360	43	186,383	51752	182	335,580	11	22,640,573	92,450	5,008,114	4,215,616	1	0	Europe	large	3	3	4
True	obj403	valid	0	67	Z. Ali	Obsidian Heart 2025	Prime Story	14.08.2025	MV202500685	134	59,6	1,411,835	194,182	69,897,579	906,863	39,070	544,027	333,018	1,217,549	10,200,415	73	176,139	71684	135	4,984,129	103	13,822,261	71,230	12,333,416	4,995,313	96	1	Latin America	small	2	0	2
True	obj404	valid	0	46	Z. Ali	Silver Transit 2025	New Dawn	08.03.2025	MV202500686	1427	96,4	1,252,272	27,064	4,049,312	412,780	8,364	1,209,703	125,251	286,006	3,315,711	205	309,941	1107	125	726,714	90	46,570,810	58,340	5,307,621	4,462,701	37	0	Latin America	small	1	0	3
True	obj405	valid	0	87	I. Hassan	Hollow Crown 2025	Final Chapter	11.10.2025	MV202500687	4217	78,3	7,656,108	92,851	39,639,622	4,602,108	158,480	744,400	1,997,453	6,764,912	247,146	60	127,403	17266	156	8,669,335	50	30,400,435	24,701	9,821,118	3,015,612	74	0	Americas	large	4	3	2
True	obj406	valid	0	60	N. Fischer	White Noise 2025	Universe Zero	23.03.2025	MV202500689	94	60,7	5,083,934	65,968	77,569,983	3,084,484	110,913	111,316	1,034,415	1,770,322	6,736,672	116	285,113	48447	127	6,086,312	160	31,119,262	26,101	27,172,322	2,003,393	91	0	Europe	small	2	2	2
True	obj407	valid	0	59	O. Dubois	Lunar Cartography 2025	Legacy Cycle	01.10.2025	MV202500692	539	96,9	13,482,646	184,608	70,789,550	4,880,543	183,865	940,925	637,925	1,339,507	15,547,843	304	393,213	62987	293	6,880,611	170	48,749,411	8,982	20,852,295	4,805,068	16	0	Latin America	large	2	4	3
True	obj408	valid	0	39	W. Stone	Winter Echo 2025 3	Chronicles Saga	18.09.2025	MV202500693	782	117	3,634,091	64,260	66,815,073	185,671	3,791	1,436,654	401,319	1,177,322	13,381,537	124	333,202	92182	14	4,918,969	94	2,528,921	1,130	7,374,898	4,144,373	1	0	Americas	small	0	1	4
True	obj409	valid	0	39	D. Rossi	Solar Drift	Dark Matter	07.11.2025	MV202500703	3244	27,9	7,040,178	109,433	563,176	2,965,126	111,093	98,447	1,350,928	2,323,676	4,857,747	373	239,134	47404	219	5,420,608	48	298,958	64,238	16,909,858	819,712	60	0	Latin America	medium	0	2	0
True	obj410	valid	0	78	N. Fischer	Violet Engine 2025	Final Chapter	16.12.2025	MV202500704	2123	87,5	2,954,805	8,079	69,487,488	443,061	20,762	644,387	514,140	1,715,501	16,309,543	467	447,884	46018	185	5,937,393	37	8,266,895	47,339	7,102,712	4,665,260	15	0	Europe	small	3	1	3
True	obj411	valid	0	59	Z. Ali	Ember Valley 2025 2	Legacy Cycle	21.07.2025	MV202500706	1268	22,3	2,492,436	36,942	60,671,861	1,598,777	79,484	1,449,440	736,658	1,194,515	2,565,619	224	233,431	20375	22	8,867,028	101	48,004,524	95,494	12,054,272	1,493,688	47	0	Latin America	small	2	1	0
True	obj412	valid	0	71	F. Nguyen	Ghost Frequency	Prime Story	30.10.2025	MV202500710	2460	118,7	1,811,424	34,607	71,161,401	1,411,328	50,072	682,081	387,513	1,240,960	14,930,464	348	32,106	51339	150	1,413,438	193	10,251,477	52,585	16,381,086	2,415,394	32	0	Asia-Pacific	large	3	0	4
True	obj413	valid	0	84	G. Murphy	Red Meridian 2025	Chronicles Saga	04.10.2025	MV202500721	1097	72,4	3,820,523	163,114	2,133,966	1,689,611	72,823	14,184	466,945	1,085,652	14,305,372	424	297,995	87307	14	5,861,363	43	38,966,788	58,947	4,319,355	2,766,396	89	1	Europe	medium	4	1	2
True	obj414	valid	0	88	F. Nguyen	Final Orbit 2025	Final Chapter	24.01.2025	MV202500722	2687	60,8	25,783,729	92,102	49,138,532	5,980,737	266,083	1,565,902	2,622,025	9,497,203	19,930,874	95	177,156	44609	240	4,422,591	147	38,297,107	83,986	19,746,004	4,399,262	10	0	Asia-Pacific	large	4	4	2
True	obj415	valid	0	74	G. Murphy	Winter Echo 2025	Legacy Cycle	26.09.2025	MV202500723	2244	61,2	11,786,337	142,210	22,419,733	4,818,618	56,804	735,352	2,180,663	5,725,292	4,184,731	485	155,681	30856	145	514,062	183	5,120,136	15,238	6,804,651	3,240,882	32	1	Europe	medium	3	3	2
True	obj416	valid	0	40	Y. Tanaka	Nova Protocol 2025	New Dawn	26.10.2025	MV202500724	3657	113,1	760,835	107,591	69,898,090	402,597	6,314	1,277,655	201,407	412,310	15,559,554	133	213,175	29192	123	4,730,287	162	1,236,986	76,128	6,957,075	3,860,755	72	0	Asia-Pacific	medium	0	0	4
True	obj417	valid	0	60	D. Rossi	Jade Frequency 2025	Origin Arc	02.03.2025	MV202500725	1313	65,4	688,805	120,323	56,267,031	217,869	3,462	878,420	195,635	291,983	7,870,056	279	371,519	71067	41	8,298,663	66	18,414,438	70,522	9,128,993	818,387	82	1	Latin America	medium	2	0	2
True	obj418	valid	0	94	A. Volkov	Ember Valley 2025	Final Chapter	03.10.2025	MV202500726	3823	54,1	2,944,673	182,085	23,998,289	693,703	28,988	1,693,133	399,090	1,271,202	7,775,524	363	172,688	63218	107	2,834,354	16	31,355,577	26,773	27,956,737	4,645,439	11	1	Americas	large	4	1	1
True	obj419	valid	0	51	T. Kim	Crystal Fault 2025	Prime Story	27.05.2025	MV202500727	3929	24,9	2,507,011	77,382	71,149,842	1,801,112	68,819	510,365	96,960	269,051	13,879,896	405	143,900	73594	38	8,103,648	171	26,800,726	28,861	19,107,657	1,206,820	20	0	Americas	small	1	1	0
True	obj420	valid	0	81	I. Hassan	Infinite Margin	Chronicles Saga	27.10.2025	MV202500728	1546	51,5	14,994,633	83,181	36,199,066	5,073,480	75,719	1,492,535	3,712,061	14,743,762	8,277,258	476	747	99738	223	9,152,706	55	40,565,386	92,171	4,032,818	4,245,148	12	0	Americas	large	3	4	1
True	obj421	valid	0	85	E. Brooks	Burning Atlas 2025	Standalone	04.08.2025	MV202500729	3886	36,9	6,411,900	172,862	49,145,312	2,668,418	61,629	1,271,365	1,211,766	2,390,837	8,072,107	137	13,450	16420	73	8,583,468	12	15,202,272	39,545	10,814,895	4,408,410	14	0	Americas	small	4	2	0
True	obj422	valid	0	36	A. Volkov	Velvet Storm 2025	Prime Story	27.10.2025	MV202500741	1764	57,6	2,658,583	79,142	45,816,868	1,848,860	55,881	1,329,921	480,414	1,912,879	2,196,745	321	351,257	38326	87	4,601,645	124	22,574,891	67,223	12,350,817	4,445,033	22	0	Americas	large	0	1	1
True	obj423	valid	0	85	M. Chen	Final Orbit 2025	Final Chapter	31.01.2025	MV202500744	3917	113,1	10,700,087	113,138	53,707,272	2,216,495	65,223	1,878,428	719,791	2,056,226	4,108,178	271	29,380	32392	144	8,552,126	176	39,535,784	11,600	26,307,151	3,913,454	9	0	Asia-Pacific	large	4	3	4
True	obj424	valid	0	61	K. Olsen	Arctic Pulse 2025 3	Dark Matter	02.10.2025	MV202500761	4071	104,4	4,012,272	82,605	45,614,273	2,347,998	106,353	681,720	160,296	286,748	10,475,858	20	49,180	27479	261	8,145,251	160	8,183,373	42,797	8,785,113	2,155,412	86	0	Americas	large	2	1	4
True	obj425	valid	0	77	O. Dubois	Blue Static 2025	Final Chapter	08.05.2025	MV202500762	3162	66,2	16,365,351	122,757	78,194,451	6,820,369	139,184	882,629	4,123,783	8,337,524	8,517,209	82	407,072	57775	212	8,304,609	4	20,339,800	13,808	174,407	2,066,378	12	0	Latin America	large	3	4	2
True	obj426	valid	0	65	E. Brooks	Echo Chamber 2025	Origin Arc	18.10.2025	MV202500764	4258	88,4	63,111,416	58,332	52,438,585	25,101,353	711,829	407,303	16,686,278	50,379,947	10,593,995	46	226,391	68063	284	9,850,442	28	12,150,773	44,470	21,934,097	780,300	5	0	Americas	small	2	4	3
True	obj427	valid	0	69	G. Murphy	Quantum Rain 2025	Universe Zero	22.07.2025	MV202500765	3493	56,4	9,445,365	40,172	9,034,770	1,868,744	92,573	1,766,573	1,820,505	6,392,222	541,332	474	24,505	88811	202	2,921,779	183	6,325,009	81,710	23,197,044	4,348,389	20	0	Europe	medium	2	3	1
True	obj428	valid	0	80	K. Olsen	Ember Valley	Standalone	23.02.2025	MV202500658	4789	57,4	3,836,843	171,309	14,341,903	2,596,235	29,035	360,447	1,101,375	2,595,923	19,221,622	284	274,796	9565	293	2,661,410	135	13,431,881	82,882	1,816,500	2,731,835	86	0	Americas	large	3	1	1
True	obj429	valid	0	84	T. Kim	Winter Echo	Prime Story	05.04.2025	MV202500659	3087	87	3,391,827	115,556	68,226,394	1,220,893	54,355	881,195	485,245	1,347,507	15,650,394	216	120,832	55520	161	9,579,027	6	19,884,926	92,962	7,803,286	781,368	34	0	Americas	small	4	1	3
True	obj430	valid	0	72	P. Singh	Silent Protocol 2025 4	New Dawn	11.08.2025	MV202500661	3382	76,6	6,757,440	169,312	1,745,814	1,865,151	21,978	20,558	73,040	233,847	2,065,654	479	422,221	59502	49	7,716,472	180	38,831,475	94,449	26,463,501	1,190,983	3	0	Latin America	small	3	2	2
True	obj431	valid	0	72	A. Volkov	Ghost Frequency	Dark Matter	25.03.2025	MV202500663	2842	40,8	22,327,942	112,909	59,236,109	11,031,602	551,501	461,059	1,079,694	1,677,533	19,318,361	134	135,111	16169	173	4,443,310	66	29,922,212	31,305	26,236,973	3,005,717	13	1	Americas	large	3	4	1
True	obj432	valid	0	46	B. Carter	Blue Static	Prime Story	16.07.2025	MV202500664	762	76,7	4,408,181	113,314	72,135,946	822,960	19,484	1,971,968	1,034,659	1,524,889	2,648,781	197	38,006	22908	144	2,321,191	80	47,207,705	85,497	8,222,084	1,592,509	66	0	Asia-Pacific	large	1	2	2
True	obj433	valid	0	63	O. Dubois	Arctic Pulse	Standalone	06.07.2025	MV202500676	300	103	1,919,707	45,655	19,845,812	689,027	14,249	849,669	510,388	1,340,150	4,225,480	198	322,306	66587	6	4,045,515	140	44,383,200	12,024	27,990,478	915,181	18	0	Latin America	large	2	0	4
True	obj434	valid	0	60	M. Chen	Burning Atlas 2025	Open Sky	18.06.2025	MV202500677	3173	96	17,893,733	94,198	16,427,643	3,820,714	101,586	609,429	4,122,339	14,333,282	13,927,511	346	434,228	50371	144	3,998,049	148	15,745,630	99,425	9,679,585	109,536	67	0	Asia-Pacific	large	2	4	3
True	obj435	valid	0	59	K. Olsen	Silent Protocol 2025	New Dawn	02.02.2025	MV202500680	17	58,9	867,388	73,636	79,698,769	444,707	13,883	1,917,184	214,819	421,120	11,228,223	256	387,886	65868	73	543,034	29	43,578,263	67,829	22,211,426	2,329,542	53	0	Americas	large	2	0	1
True	obj436	valid	0	62	R. Silva	Last Signal 2025	Dark Matter	28.09.2025	MV202500682	2425	105,9	6,931,169	166,601	67,397,360	1,207,432	27,831	1,893,058	1,970,545	6,009,053	384,811	73	253,821	57945	101	5,649,468	128	23,346,333	27,561	2,257,859	2,699,184	42	0	Latin America	large	2	2	4
True	obj437	valid	0	85	A. Volkov	Ghost Frequency 2025	Universe Zero	09.03.2025	MV202500683	1967	105,2	866,165	125,017	36,508,595	53,413	1,892	1,608,948	16,974	67,623	8,425,584	336	441,181	28061	65	8,030,686	76	32,548,036	64,192	10,020,236	2,609,603	82	0	Americas	large	4	0	4
True	obj438	valid	0	64	L. Nakamura	Final Orbit	Chronicles Saga	21.04.2025	MV202500684	1826	84,1	10,133,302	91,760	19,899,034	3,606,101	62,405	1,818,954	155,896	435,831	8,101,381	408	352,107	24992	113	7,610,450	0	45,914,540	29,364	11,262,978	664,788	76	0	Americas	small	2	3	3
True	obj439	valid	0	75	W. Stone	Iron Garden	Universe Zero	15.12.2025	MV202500694	327	72,3	18,719,442	47,785	29,746,020	3,870,330	165,768	1,109,410	2,264,294	7,056,852	5,574,023	486	371,871	66007	160	124,475	78	7,872,392	69,781	2,716,290	4,506,477	28	0	Americas	small	3	4	2
True	obj440	valid	0	55	E. Brooks	Feral Harmony	Dark Matter	21.09.2025	MV202500700	4490	78,5	1,614,736	119,089	27,835,383	190,413	4,572	422,801	277,180	1,020,488	16,905,364	381	199,068	40614	260	5,971,179	137	7,470,402	49,332	14,851,246	1,574,486	40	1	Americas	small	1	0	3
True	obj441	valid	0	32	W. Stone	Thunder Archive 2025	Prime Story	16.05.2025	MV202500702	2994	37	4,028,752	42,837	54,403,952	372,501	8,491	1,877,944	478,853	1,805,334	11,670,492	159	230,117	57266	220	7,584,712	186	31,861,250	53,151	13,041,816	3,717,971	30	0	Americas	small	0	1	0
True	obj442	valid	0	56	Z. Ali	Parallel Lines 2025 2	New Dawn	03.08.2025	MV202500712	4150	29,8	842,966	81,329	22,229,866	246,136	7,376	1,853,585	228,656	880,705	6,449,473	375	179,236	49353	29	9,660,627	50	21,547,669	572	1,569,093	2,618,874	33	0	Latin America	small	1	0	0
True	obj443	valid	0	94	D. Rossi	Ocean of Stars	Standalone	19.05.2025	MV202500715	1677	73,3	2,090,109	70,852	61,608,219	930,035	37,268	984,336	202,027	801,239	19,473,653	7	160,934	64021	286	5,730,371	135	44,413,557	58,447	18,838,119	2,742,534	14	0	Latin America	medium	4	0	2
True	obj444	valid	0	83	G. Murphy	Paper Kingdom 2025	Origin Arc	29.09.2025	MV202500716	2297	104,9	3,106,461	122,143	69,681,638	1,554,312	44,679	1,688,783	718,166	1,170,597	4,547,153	281	220,009	45983	85	4,367,863	72	18,264,982	94,861	19,689,180	333,468	89	0	Europe	medium	4	1	4
True	obj445	valid	0	50	T. Kim	Broken Compass 2025	Dark Matter	25.11.2025	MV202500717	869	94,2	9,099,799	114,153	12,742,288	4,003,909	143,612	439,644	1,137,158	4,456,530	8,587,258	368	180,297	54863	214	7,567,440	33	20,999,500	48,056	27,842,753	1,048,934	84	0	Americas	small	1	3	3
True	obj446	valid	0	47	B. Carter	City of Glass	Dark Matter	08.08.2025	MV202500719	3671	101,9	2,437,433	11,220	71,086,873	700,198	14,860	932,084	217,156	532,153	6,459,215	129	313,559	44517	148	3,138,745	118	3,869,696	81,854	25,946,844	2,703,934	68	0	Asia-Pacific	large	1	1	4
True	obj447	valid	0	39	B. Carter	Broken Compass 2025 4	Open Sky	02.07.2025	MV202500730	2744	66,4	10,478,859	71,267	60,637,109	6,300,917	224,151	971,986	2,058,313	4,998,161	17,016,157	131	46,340	60785	7	9,272,940	193	45,962,309	54,757	74,404	894,503	80	0	Asia-Pacific	large	0	3	2
True	obj448	valid	0	66	J. Martinez	Quantum Rain 2025	New Dawn	02.10.2025	MV202500731	1913	106,9	2,936,768	13,314	74,012,863	650,553	13,687	1,462,457	30,043	94,578	7,475,827	241	290,129	19797	107	1,144,567	139	29,418,010	52,598	13,996,701	4,119,497	21	1	Europe	large	2	1	4
True	obj449	valid	0	57	P. Singh	Burning Atlas 2025	Dark Matter	18.02.2025	MV202500732	4113	45	8,885,011	10,414	8,001,422	3,868,307	146,486	960,898	222,237	418,024	6,240,396	291	162,286	93831	75	4,331,341	106	8,541,512	10,388	24,005,632	2,429,426	54	0	Latin America	small	2	3	1
True	obj450	valid	0	41	B. Carter	Digital Saints 2025	Dark Matter	21.08.2025	MV202500733	19	70,1	748,281	28,643	34,230,822	508,241	16,836	395,925	95,703	362,579	14,429,720	186	131,638	70672	58	4,042,443	10	9,761,883	18,501	15,066,075	4,371,393	97	0	Asia-Pacific	large	0	0	2
True	obj451	valid	0	65	C. Wright	Broken Compass	Final Chapter	19.02.2025	MV202500734	3936	111,1	1,941,002	7,429	25,209,817	518,164	10,489	1,477,096	105,758	294,630	381,866	491	200,897	89283	61	7,401,885	28	6,784,172	13,663	1,120,747	4,956,069	23	0	Europe	small	2	0	4
True	obj452	valid	0	31	W. Stone	Neon Horizon	Standalone	09.08.2025	MV202500736	4779	61,5	2,345,950	190,156	19,808,902	872,808	34,924	1,273,351	205,530	519,158	18,098,214	410	138,363	57284	191	3,605,231	124	41,518,874	35,621	25,045,175	460,575	68	0	Americas	small	0	1	2
True	obj453	valid	0	78	B. Carter	Last Signal	Legacy Cycle	19.07.2025	MV202500737	4186	74,1	24,799,620	12,209	73,290,629	19,103,913	509,302	210,542	2,907,067	7,336,422	19,852,383	109	202,159	58160	111	2,885,435	88	49,621,468	27,079	22,940,518	2,171,511	31	1	Asia-Pacific	large	3	4	2
True	obj454	valid	0	67	L. Nakamura	Broken Compass 2025	Legacy Cycle	23.10.2025	MV202500738	2373	112,2	1,451,313	40,589	72,863,546	672,804	27,046	776,575	157,227	595,352	3,014,690	51	237,410	15665	137	6,448,613	186	47,545,106	74,494	16,411,568	1,123,027	27	0	Americas	small	2	0	4
True	obj455	valid	0	38	E. Brooks	Neon Horizon 2025	Prime Story	12.02.2025	MV202500748	1823	42,2	11,638,448	1,118	65,474,758	3,148,726	95,626	1,911,446	3,487,939	8,296,907	3,600,652	20	350,216	44507	242	8,769,487	0	31,908,572	81,273	12,275,342	2,997,525	67	0	Americas	small	0	3	1
True	obj456	valid	0	79	V. Popov	White Noise	Dark Matter	15.08.2025	MV202500750	1076	114,3	1,279,656	184,714	622,386	954,283	45,022	578,607	73,928	221,100	18,720,164	179	244,687	98054	179	4,643,612	48	6,381,287	54,044	25,544,619	118,648	30	0	Latin America	large	3	0	4
True	obj457	valid	0	60	I. Hassan	Broken Compass 2025	New Dawn	18.02.2025	MV202500751	3359	106,5	3,400,129	159,993	23,034,084	2,541,175	115,245	257,872	292,971	381,435	1,700,048	254	277,732	61024	6	2,220,130	68	49,066,939	55,924	21,311,054	124,687	99	0	Americas	large	2	1	4
True	obj458	valid	0	81	I. Hassan	Final Orbit 2025	Standalone	03.04.2025	MV202500754	2311	46,1	9,788,025	135,094	19,238,659	2,861,347	44,732	501,139	2,585,677	4,641,955	10,245,675	383	136,953	45436	37	1,106,109	66	12,330,025	87,310	18,010,577	1,638,140	33	0	Americas	large	3	3	1
True	obj459	valid	0	44	I. Hassan	Echo Chamber 2025	New Dawn	09.03.2025	MV202500756	1449	25,4	13,221,074	181,043	28,741,016	923,255	18,123	352,268	465,827	1,088,701	12,082,472	237	495,258	495	66	1,262,019	70	1,650,848	21,544	25,170,045	2,931,847	50	0	Americas	large	1	3	0
True	obj460	valid	0	90	O. Dubois	Feral Harmony 2025	Standalone	23.11.2025	MV202500766	2075	68,5	9,208,572	121,357	22,890,362	1,052,958	28,845	1,831,970	644,463	1,013,499	11,245,825	185	209,653	56825	250	1,137,246	37	13,077,548	36,959	26,014,968	4,540,483	93	0	Latin America	large	4	3	2
True	obj461	valid	0	36	E. Brooks	Winter Echo 2025 3	New Dawn	22.09.2025	MV202500768	3990	20,2	4,980,270	168,174	36,069,729	3,727,969	76,388	182,511	600,698	2,280,247	744,035	444	395,154	65705	121	6,063,093	138	32,291,902	20,420	21,051,802	2,179,657	10	0	Americas	small	0	2	0
True	obj462	valid	0	68	I. Hassan	Broken Compass 2025	Standalone	03.06.2025	MV202500771	3827	32,3	21,372,740	163,655	75,310,737	7,904,746	81,467	1,832,203	6,215,223	23,535,816	2,501,232	361	3,986	45667	248	5,555,698	143	8,345,861	48,378	14,253,474	2,279,402	74	0	Americas	large	2	4	0
True	obj463	valid	0	57	C. Wright	Midnight Cartel 2025	New Dawn	11.08.2025	MV202500773	2425	81,2	4,610,364	8,234	48,755,905	1,440,278	53,651	1,048,077	579,249	1,075,480	5,751,441	133	8,732	71339	45	9,361,691	167	47,248,821	98,641	11,395,855	3,563,232	19	0	Europe	small	2	2	3
True	obj464	valid	0	75	C. Wright	Paper Kingdom 2025	Universe Zero	02.12.2025	MV202500786	4052	74	22,414,335	43,245	78,291,205	10,316,745	445,629	1,035,218	3,012,447	5,642,148	585,970	331	230,361	36491	141	9,243,116	180	14,536,384	15,906	26,514,652	2,042,565	80	0	Europe	small	3	4	2
True	obj465	valid	0	92	A. Volkov	Aurora Debt 2025	Dark Matter	18.11.2025	MV202500788	520	48	5,272,727	84,399	26,813,249	4,097,543	203,698	219,966	60,047	78,521	2,653,105	348	2,432	99245	6	1,849,914	112	15,582,593	34,341	26,541,550	696,345	46	0	Americas	large	4	2	1
True	obj466	valid	0	36	V. Popov	Parallel Lines	Chronicles Saga	21.01.2025	MV202500790	1902	50,9	7,388,451	64,903	6,280,613	4,792,442	175,511	1,846,326	1,838,994	3,978,214	7,149,582	377	109,959	45375	9	7,648,687	27	9,323,848	84,520	12,471,993	998,981	44	0	Latin America	large	0	3	1
True	obj467	valid	0	90	B. Carter	City of Glass 2025	Final Chapter	12.04.2025	MV202500777	1779	36,3	5,338,339	76,339	57,024,341	4,224,035	182,918	401,624	549,196	678,815	18,141,490	28	18,858	5241	246	5,886,442	13	22,168,363	11,395	106,545	4,702,562	85	0	Asia-Pacific	large	4	2	0
True	obj468	valid	0	93	Y. Tanaka	Feral Harmony 2025 4	Standalone	04.11.2025	MV202500778	1886	39,2	877,822	9,968	21,008,343	541,614	10,195	887,018	167,881	401,093	4,848,830	208	85,196	91618	7	7,888,696	16	49,252,265	67,437	12,872,680	333,899	85	0	Asia-Pacific	medium	4	0	1
True	obj469	valid	0	85	M. Chen	Kinetic Prayer 2025 3	Chronicles Saga	23.04.2025	MV202500779	2858	118	9,996,343	136,208	75,750,743	1,051,991	38,896	1,483,389	2,500,890	3,059,657	12,257,458	248	101,401	44786	151	9,787,319	18	29,226,477	12,479	9,252,742	3,336,329	60	0	Asia-Pacific	large	4	3	4
True	obj470	valid	0	63	F. Nguyen	Midnight Cartel 2025	New Dawn	03.09.2025	MV202500780	3262	94,5	1,514,567	173,959	10,029,969	859,606	26,846	1,621,001	58,318	105,373	18,536,738	216	262,982	66480	107	877,815	130	43,954,891	78,231	4,843,950	4,621,592	17	1	Asia-Pacific	large	2	0	3
True	obj471	valid	0	69	P. Singh	Blue Static 2025	New Dawn	25.09.2025	MV202500783	3794	34,3	4,097,395	198,484	50,120,483	3,117,792	111,312	1,547,905	707,790	2,017,924	360,357	50	438,594	33989	3	6,437,460	78	31,278,203	49,340	5,127,460	3,771,176	2	0	Latin America	small	2	1	0
True	obj472	valid	0	66	H. Andersson	Hollow Crown	New Dawn	09.03.2025	MV202500793	3823	73,1	3,612,502	37,042	48,774,613	1,457,772	21,003	662,537	839,767	2,396,120	14,969,739	314	97,041	8508	255	2,031,232	59	21,793,932	61,503	6,750,715	3,977,727	88	0	Asia-Pacific	large	2	1	2
True	obj473	valid	0	57	Y. Tanaka	Electric Mirage 2025	New Dawn	28.07.2025	MV202500794	1037	65,8	39,858,131	78,026	62,582,918	6,389,578	150,725	128,556	7,155,272	17,640,325	17,144,661	254	420,926	14125	184	7,436,392	146	24,458,589	82,009	4,668,593	489,751	54	0	Asia-Pacific	medium	2	4	2
True	obj474	valid	0	44	P. Singh	Kinetic Prayer 4	Prime Story	16.12.2025	MV202500795	4874	65,8	3,845,662	148,122	67,240,595	1,493,715	19,775	1,726,791	39,548	53,711	5,483,280	25	404,432	17758	39	6,462,019	148	26,037,152	56,046	16,648,546	171,075	21	0	Latin America	small	1	1	2
True	obj475	valid	0	50	T. Kim	Carbon Dreams 2025	Chronicles Saga	24.01.2025	MV202500798	817	89,2	7,679,868	156,130	77,322,222	630,181	29,324	913,558	864,296	2,086,725	5,379,885	182	397,138	79445	201	8,379,498	64	9,015,167	45,877	15,872,589	404,634	11	0	Americas	small	1	3	3
True	obj476	valid	0	76	H. Andersson	Crimson Archive 2025	Origin Arc	30.08.2025	MV202500799	942	46,9	19,117,971	120,047	36,287,026	2,988,637	89,481	472,731	2,383,515	5,837,734	13,687,106	58	377,624	50102	124	1,413,664	85	29,232,715	40,079	4,034,160	2,008,625	82	0	Asia-Pacific	large	3	4	1
True	obj477	valid	0	79	H. Andersson	White Noise 2025	Universe Zero	16.11.2025	MV202500811	624	29,1	4,924,351	133,512	65,746,512	452,311	5,800	1,286,044	1,347,777	2,818,548	6,390,499	133	374,674	59363	52	6,341,733	34	24,014,245	71,112	12,983,466	3,319,825	99	0	Asia-Pacific	large	3	2	0
True	obj478	valid	0	89	N. Fischer	Arctic Pulse 2025	Origin Arc	20.01.2025	MV202500813	1440	92,4	2,249,289	56,927	58,199,396	968,988	16,534	1,887,558	528,702	2,032,965	11,089,701	171	224,883	20420	246	217,088	172	8,154,460	75,911	16,783,271	4,517,100	52	0	Europe	small	4	1	3
True	obj479	valid	0	93	N. Fischer	Aurora Debt 2025	Final Chapter	07.08.2025	MV202500814	2677	65,4	3,880,098	41,984	48,079,167	2,541,469	110,757	940,701	719,619	1,524,717	5,172,285	62	274,723	20140	11	5,919,178	117	13,698,435	55,047	28,486,198	1,061,332	27	0	Europe	small	4	1	2
True	obj480	valid	0	37	Z. Ali	White Noise	Standalone	05.10.2025	MV202500816	786	60,4	2,978,617	76,933	52,978,287	1,775,191	36,267	1,773,648	394,635	1,228,362	4,088,203	347	484,828	36793	266	9,833,827	115	16,383,310	88,294	29,765,797	1,391,194	75	1	Latin America	small	0	1	2
True	obj481	valid	0	82	R. Silva	Paper Kingdom 2025	Prime Story	11.03.2025	MV202500817	4596	75,5	3,183,781	86,983	37,735,592	2,128,733	81,147	1,175,695	723,746	2,691,339	16,030,745	62	479,482	84448	99	9,803,376	136	12,035,872	32,372	21,171,760	2,452,511	74	0	Latin America	large	4	1	2
True	obj482	valid	0	94	I. Hassan	Stone Butterfly 2025	Final Chapter	28.11.2025	MV202500818	425	22,5	14,811,905	134,267	15,677,029	3,934,657	119,951	441,547	1,198,330	3,854,132	1,691,602	384	425,076	14130	164	3,773,725	66	48,341,901	61,038	6,251,887	3,795,460	64	0	Americas	large	4	4	0
True	obj483	valid	0	86	L. Nakamura	Shadow Circuit 2025	Final Chapter	25.01.2025	MV202500819	423	66,4	381,575	189,076	59,791,160	274,218	5,107	608,158	46,672	92,761	12,577,360	129	254,335	59774	224	7,187,308	46	26,860,848	67,426	4,516,176	1,111,751	43	0	Americas	small	4	0	2
True	obj484	valid	0	94	M. Chen	Quantum Rain	Legacy Cycle	20.06.2025	MV202500829	515	46,1	15,923,382	64,213	3,128,925	11,337,294	140,077	614,692	1,804,819	2,217,645	8,819,021	43	356,105	89370	184	8,879,993	81	30,695,568	30,307	23,041,616	1,598,833	40	0	Asia-Pacific	large	4	4	1
True	obj485	valid	0	32	Y. Tanaka	Final Orbit	Final Chapter	05.04.2025	MV202500830	4899	118,7	3,234,284	53,453	12,224,545	1,611,407	42,990	1,368,903	124,524	475,410	18,347,220	401	11,453	97169	275	7,482,130	196	19,026,769	61,585	518,080	4,475,857	88	0	Asia-Pacific	medium	0	1	4
True	obj486	valid	0	88	R. Silva	Shadow Circuit 2025	Legacy Cycle	10.10.2025	MV202500832	1195	114,5	12,432,780	6,198	76,813,446	6,470,925	235,802	1,825,746	301,561	587,599	6,792,006	246	64,408	80506	166	9,392,756	28	17,482,407	29,524	5,587,989	3,586,092	4	0	Latin America	large	4	3	4
True	obj487	valid	0	62	I. Hassan	Red Meridian 2025	Prime Story	24.07.2025	MV202500833	235	89,2	7,252,666	34,783	74,824,872	449,314	7,762	25,686	871,987	2,958,557	16,943,967	443	131,745	95461	119	9,797,302	193	2,082,902	57,957	7,715,269	417,157	50	0	Americas	large	2	3	3
True	obj488	valid	0	91	J. Martinez	Winter Echo	Universe Zero	18.11.2025	MV202500834	4218	42,3	5,481,656	111,816	42,472,141	3,731,627	175,647	885,650	740,628	2,713,813	6,951,894	348	455,661	61334	248	740,688	77	47,949,079	41,669	3,839,308	4,637,391	84	1	Europe	large	4	2	1
True	obj489	valid	0	39	Y. Tanaka	Hyperion Rise 2025	Open Sky	17.08.2025	MV202500835	127	111,8	9,165,587	42,942	1,343,939	6,662,585	154,377	1,519,879	303,344	984,282	17,136,757	260	398,819	76529	218	5,601,194	190	28,476,890	30,803	17,673,639	3,767,428	25	0	Asia-Pacific	medium	0	3	4
True	obj490	valid	0	55	W. Stone	Parallel Lines 2025	Origin Arc	21.04.2025	MV202500836	1811	76,8	2,192,761	25,306	58,414,996	1,161,513	34,539	1,615,676	543,412	1,041,380	10,210,657	258	407,346	52872	231	8,347,131	66	34,438,327	14,924	26,727,567	1,837,799	66	0	Americas	small	1	0	2
True	obj491	valid	0	61	A. Volkov	Velvet Storm 2025	New Dawn	02.12.2025	MV202500847	2463	27,3	10,236,071	3,746	8,149,941	6,554,402	170,531	1,185,846	1,996,486	7,850,681	12,671,970	48	364,766	49270	176	7,203,642	161	34,676,719	97,419	3,734,566	1,746,497	31	0	Americas	large	2	3	0
True	obj492	valid	0	69	Y. Tanaka	Ocean of Stars 2025	Origin Arc	18.07.2025	MV202500848	256	57,3	5,379,966	131,844	3,154,700	675,614	9,589	1,499,434	175,234	671,554	9,200,238	395	134,855	3344	162	7,007,291	35	26,450,103	31,381	2,936,003	4,519,326	15	0	Asia-Pacific	medium	2	2	1
True	obj493	valid	0	32	F. Nguyen	Final Orbit 2025	Origin Arc	27.07.2025	MV202500850	4652	66,7	48,213,172	82,867	61,492,355	33,185,096	1,505,858	1,901,393	13,385,730	26,108,656	19,265,310	98	383,821	97339	200	6,641,930	182	33,677,220	22,832	10,926,158	3,144,451	84	0	Asia-Pacific	large	0	4	2
True	obj494	valid	0	90	H. Andersson	Final Orbit 2025	Prime Story	24.05.2025	MV202500853	1103	60	7,395,210	33,245	75,690,028	5,150,516	105,283	1,044,502	2,087,955	3,665,015	6,472,863	487	449,700	11129	132	5,417,026	182	570,895	161	14,450,499	3,888,553	92	0	Asia-Pacific	large	4	3	2
True	obj495	valid	0	53	T. Kim	Silver Transit 2025	Chronicles Saga	23.09.2025	MV202500866	1291	64,6	25,100,950	161,132	45,395,041	10,612,613	444,542	347,444	6,266,357	21,862,164	9,477,789	333	196,150	30041	128	2,344,547	152	27,095,099	50,655	14,130,221	96,930	7	1	Americas	small	1	4	2
True	obj496	valid	0	66	P. Singh	Silent Protocol	New Dawn	27.12.2025	MV202500867	2438	30,8	5,805,263	73,378	21,734,563	3,146,816	81,609	1,059,701	64,157	188,277	13,170,970	348	27,776	88804	121	1,316,080	93	32,511,697	1,790	2,930,256	855,586	68	0	Latin America	small	2	2	0
True	obj497	valid	0	32	R. Silva	Hyperion Rise 2025	New Dawn	27.11.2025	MV202500871	2113	75,4	3,165,371	59,483	50,832,157	1,189,174	21,288	1,766,695	756,292	2,728,548	12,452,718	231	247,703	60360	260	3,619,031	22	45,200,178	75,268	25,542,288	1,114,002	51	0	Latin America	large	0	1	2
True	obj498	valid	0	68	V. Popov	Solar Drift	Chronicles Saga	13.07.2025	MV202500884	1318	65,6	512,697	167,945	8,627,417	216,023	4,607	961,024	87,974	143,429	17,042,278	71	332,393	13849	112	8,180,645	67	1,188,754	5,780	10,263,045	2,949,269	3	0	Latin America	large	2	0	2
True	obj499	valid	0	79	C. Wright	Silver Transit 2025	Chronicles Saga	17.09.2025	MV202500887	3298	25,7	6,160,414	86,328	56,773,934	4,385,729	184,382	1,699,616	82,993	150,136	2,541,794	263	146,956	27541	190	336,454	111	39,982,868	41,628	9,791,550	2,368,176	61	0	Europe	small	3	2	0
True	obj500	valid	0	33	V. Popov	Golden Ratio 2025	New Dawn	29.04.2025	MV202500890	19	114,6	33,507,166	62,012	36,040,371	5,610,080	168,824	828,199	6,516,891	18,267,294	5,497,809	23	499,661	38639	30	6,605,821	100	26,328,354	6,920	5,937,975	1,313,380	80	0	Latin America	large	0	4	4
True	obj501	valid	0	64	R. Silva	Broken Compass 2025	Chronicles Saga	22.11.2025	MV202500901	3118	117,6	24,451,099	177,623	19,239,575	15,985,662	532,753	1,210,066	5,952,926	17,554,758	6,417,563	430	468,141	31302	272	4,144,743	51	15,064,239	52,023	22,803,618	1,241,562	92	0	Latin America	large	2	4	4
True	obj502	valid	0	69	A. Volkov	Parallel Lines	New Dawn	21.04.2025	MV202500904	1790	43,3	7,400,859	142,125	34,061,464	5,852,075	283,544	785,950	2,141,222	6,484,093	17,256,904	52	80,156	94807	87	8,501,623	41	1,531,460	1,441	1,288,836	1,989,613	24	0	Americas	large	2	3	1
True	obj503	valid	0	91	E. Brooks	Aurora Debt 2025	Universe Zero	25.04.2025	MV202500905	323	81	5,487,822	177,606	54,639,323	4,231,996	130,633	405,525	1,389,420	2,335,533	8,827,535	358	490,794	76249	87	3,489,357	36	23,596,811	658	18,515,481	4,224,769	55	1	Americas	small	4	2	3
False	obj504	train	0	86	N. Fischer	Silent Protocol 2025	Dark Matter	16.05.2025	MV202500908	2377	21,7	1,199,618	157,776	26,509,713	582,071	6,460	658,462	13,486	40,950	9,796,028	149	290,053	41287	207	5,157,243	117	14,785,907	11,901	182,135	4,090,581	65	0	Europe	small	4	0	0
False	obj505	train	0	68	Q. Jensen	Hollow Crown 2025 2	Legacy Cycle	29.12.2025	MV202500909	1333	25,4	3,587,750	26,718	63,456,734	1,071,167	34,391	96,083	202,138	527,378	10,964,962	492	323,960	63596	70	9,212,338	148	47,732,349	85,083	9,181,875	4,975,292	17	0	Americas	medium	2	1	0
False	obj506	train	0	61	R. Silva	Glass Reactor 2025	Chronicles Saga	18.02.2025	MV202500804	4886	86,9	4,195,939	92,253	76,407,173	3,335,205	144,454	897,317	285,465	484,840	17,334,680	207	209,276	30508	123	4,880,035	112	3,551,529	57,395	26,749,109	2,627,778	68	0	Latin America	large	2	2	3
False	obj507	train	0	37	Z. Ali	Silver Transit 2025	Legacy Cycle	24.06.2025	MV202500806	4897	46,1	5,108,252	183,422	43,857,215	2,917,493	126,136	306,381	1,389,973	4,978,482	19,983,810	108	316,058	14549	96	9,610,740	68	21,897,268	27,232	25,008,805	3,502,819	18	0	Latin America	small	0	2	1
False	obj508	train	0	35	I. Hassan	Winter Echo 2025	Open Sky	05.12.2025	MV202500808	3808	115,6	3,085,533	27,208	22,212,432	862,068	33,771	1,124,850	820,009	2,704,326	12,107,033	87	53,805	48345	232	1,881,824	130	38,021,734	9,294	12,013,802	321,859	87	1	Americas	large	0	1	4
False	obj509	train	0	43	N. Fischer	Feral Harmony	Universe Zero	26.04.2025	MV202500809	1087	18	7,161,775	130,126	51,710,682	4,153,538	163,645	1,890,198	2,095,822	3,066,944	12,334,587	439	419,742	22953	242	4,117,946	182	9,241,374	23,468	9,380,137	4,508,937	9	0	Europe	small	0	3	0
False	obj510	train	0	86	C. Wright	Paper Kingdom 2025	New Dawn	04.06.2025	MV202500820	1418	62,1	4,082,709	135,072	71,216,473	1,061,321	27,090	1,886,407	463,898	1,134,040	6,263,234	20	307,126	90948	274	6,054,535	162	13,248,305	49,579	23,201,497	1,871,668	27	0	Europe	small	4	1	2
False	obj511	train	0	50	J. Martinez	Thunder Archive 2025	Standalone	24.08.2025	MV202500821	3902	50,1	2,708,828	77,919	33,597,126	1,734,756	50,330	50,141	716,949	2,611,081	450,547	433	210,625	35469	92	4,451,521	39	4,413,343	31,709	14,135,536	1,038,485	77	1	Europe	large	1	1	1
False	obj512	train	0	62	J. Martinez	Blue Static 2025	Universe Zero	10.07.2025	MV202500822	2380	19,9	11,868,274	144,498	27,478,987	4,139,903	128,392	1,917,184	2,617,334	5,585,103	13,144,501	182	170,978	18029	60	6,768,339	188	21,491,865	3,189	20,506,149	4,577,253	76	0	Europe	large	2	3	0
False	obj513	train	0	62	I. Hassan	Obsidian Heart 2025 4	Final Chapter	25.08.2025	MV202500824	1207	83	4,611,481	141,663	1,275,658	2,766,004	68,913	266,421	596,571	1,390,920	19,559,015	293	8,387	64190	20	7,183,290	140	34,582,771	360	5,414,419	3,521,858	49	0	Americas	large	2	2	3
False	obj514	train	0	69	C. Wright	Hyperion Rise 2025	Final Chapter	12.02.2025	MV202500826	2541	97,2	12,562,103	185,141	69,163,558	5,690,041	165,936	191,114	2,849,568	4,138,949	4,071,115	183	252,741	18789	42	5,141,167	39	45,035,099	97,049	23,173,380	2,672,558	7	1	Europe	small	2	3	3
False	obj515	train	0	53	M. Chen	Feral Harmony	Open Sky	17.06.2025	MV202500827	4730	82	8,771,068	104,550	56,473,486	2,699,694	100,149	1,946,934	1,671,407	6,295,666	19,422,512	277	187,554	36100	155	8,870,989	173	18,839,489	34,516	18,625,009	1,075,660	20	0	Asia-Pacific	large	1	3	3
False	obj516	train	0	73	T. Kim	Ember Valley 2025	Chronicles Saga	29.01.2025	MV202500828	3156	75,1	6,851,189	37,896	10,179,550	5,443,710	186,545	1,632,878	1,976,910	4,097,974	3,139,723	344	438,150	57423	223	2,421,627	152	2,601,106	58,762	27,712,228	866,944	51	1	Americas	small	3	2	2
False	obj517	train	0	84	P. Singh	Infinite Margin 2025	Standalone	17.06.2025	MV202500841	2008	56,9	11,383,964	117,195	71,400,773	2,799,442	32,574	1,781,072	1,489,937	3,809,405	5,346,469	373	495,281	63299	41	1,360,330	125	37,469,339	39,508	20,902,918	3,966,541	62	1	Latin America	small	4	3	1
False	obj518	train	0	52	R. Silva	Stone Butterfly 2025	Standalone	16.12.2025	MV202500842	701	118,1	6,724,573	175,907	75,940,633	1,110,717	54,196	1,445,337	1,044,866	3,740,010	12,980,159	328	278,541	86089	202	4,539,887	174	27,451,127	8,934	4,761,446	911,965	25	0	Latin America	large	1	2	4
False	obj519	train	0	51	Z. Ali	Quantum Rain	Chronicles Saga	12.01.2025	MV202500843	4609	45,3	3,379,147	139,423	75,053,291	2,275,491	78,017	129,441	847,285	2,163,261	7,406,505	76	338,793	27733	28	3,068,189	156	16,952,660	67,218	12,883,321	1,377,963	54	0	Latin America	small	1	1	1
False	obj520	train	0	75	M. Chen	Crystal Fault 2025	Open Sky	11.08.2025	MV202500844	3944	50,3	8,302,346	3,846	26,098,229	2,597,627	101,336	526,721	1,961,331	6,712,883	4,204,936	417	111,327	76583	161	6,572,427	20	42,991,170	80,070	5,241,640	704,320	0	0	Asia-Pacific	large	3	3	1
False	obj521	train	0	90	E. Brooks	Ocean of Stars 2025	Standalone	26.08.2025	MV202500845	1009	40,3	1,309,228	189,954	51,479,485	523,646	14,920	1,717,630	390,531	1,306,794	12,291,231	131	331,606	81864	197	6,942,343	96	8,647,439	94,258	14,048,952	2,502,407	40	1	Americas	small	4	0	1
False	obj522	train	0	70	L. Nakamura	Midnight Cartel 2025	Origin Arc	29.11.2025	MV202500846	1948	66,2	2,317,138	172,154	42,917,170	765,974	37,279	699,101	166,970	208,617	15,504,939	374	392,878	83667	145	5,978,046	166	18,106,268	50,158	19,608,633	2,012,259	15	0	Americas	small	3	1	2
False	obj523	train	0	40	J. Martinez	Thunder Archive 2025	Origin Arc	25.08.2025	MV202500856	549	72,2	6,094,881	119,712	51,012,928	1,572,198	40,749	277,180	269,278	982,585	19,052,011	200	1,723	17423	127	7,349,705	151	27,520,147	51,004	11,005,152	1,381,722	1	0	Europe	large	0	2	2
False	obj524	train	0	74	A. Volkov	Paper Kingdom 2025	Chronicles Saga	09.04.2025	MV202500857	3345	53,6	15,427,511	72,481	19,152,653	8,667,672	365,233	1,702,580	2,935,110	7,467,067	6,761,438	126	286,955	77148	211	1,221,177	175	36,720,231	30,425	27,220,385	3,825,786	15	0	Americas	large	3	4	1
False	obj525	train	0	38	D. Rossi	Thunder Archive 2025	Open Sky	07.01.2025	MV202500858	819	114,9	1,373,113	98,607	39,440,608	1,028,185	45,528	1,398,547	148,672	258,434	6,907,993	250	453,777	89325	91	1,295,694	182	34,932,352	481	2,796,680	1,960,802	54	1	Latin America	medium	0	0	4
False	obj526	train	0	33	Z. Ali	Arctic Pulse 2025 4	New Dawn	21.08.2025	MV202500859	3569	40,1	9,541,076	171,555	761,101	5,943,832	125,965	620,396	1,212,445	4,652,004	13,121,101	357	293,561	71597	202	6,682,964	46	4,001,444	76,255	22,809,127	223,036	22	0	Latin America	small	0	3	1
False	obj527	train	0	70	N. Fischer	Jade Frequency 2025	Standalone	16.05.2025	MV202500860	4447	62,4	47,897,694	56,253	42,671,009	38,122,188	447,080	607,010	5,205,660	18,975,091	8,775,782	400	421,848	54140	297	3,870,167	171	42,256,275	16,219	1,543,931	2,971,757	84	0	Europe	small	3	4	2
False	obj528	train	0	71	S. Patel	Digital Saints 2025	Final Chapter	02.11.2025	MV202500862	1790	16,2	1,093,870	103,928	74,519,725	204,003	8,419	952,768	285,495	842,046	17,246,042	441	445,185	43903	112	408,802	130	28,475,153	89,308	12,188,036	1,881,242	49	0	Europe	large	3	0	0
False	obj529	train	0	37	N. Fischer	Violet Engine 2025	Universe Zero	17.01.2025	MV202500863	1653	28,7	4,619,981	32,876	15,415,463	1,640,786	78,209	483,788	1,341,561	4,569,117	4,313,502	294	114,892	27992	6	4,011,355	141	1,376,497	84,816	28,429,530	2,829,993	97	0	Europe	small	0	2	0
False	obj530	train	0	56	F. Nguyen	Jade Frequency 2025	New Dawn	02.08.2025	MV202500874	676	81,9	10,632,103	196,589	19,943,213	5,988,998	202,458	1,579,308	2,917,047	4,857,640	15,382,960	81	150,597	72859	70	3,244,472	8	10,139,618	60,511	476,976	189,677	97	1	Asia-Pacific	large	1	3	3
False	obj531	train	0	69	J. Martinez	City of Glass	Universe Zero	15.06.2025	MV202500877	1082	63,2	6,657,741	65,398	65,510,097	4,906,028	144,722	179,639	838,414	3,229,728	6,485,323	429	27,069	58775	289	6,340,499	139	13,669,141	15,231	19,428,908	3,435,385	29	0	Europe	large	3	2	2
False	obj532	train	0	60	G. Murphy	Deep Current 2025 2	New Dawn	19.09.2025	MV202500878	618	54	3,619,007	117,317	67,559,995	2,354,483	100,988	1,465,546	73,545	270,689	18,068,373	174	371,461	72922	93	9,609,980	186	48,705,324	61,647	26,234,585	550,375	69	0	Europe	medium	2	1	1
False	obj533	train	0	37	A. Volkov	Violet Engine 2025	Final Chapter	06.06.2025	MV202500880	4139	83,5	9,852,835	8,502	61,239,295	1,895,543	21,832	88,358	715,058	2,692,972	15,305,809	208	48,023	5005	64	1,487,994	166	26,222,250	55,726	16,138,409	1,035,620	28	0	Americas	large	0	3	3
False	obj534	train	0	89	Z. Ali	Ocean of Stars 2025	Dark Matter	29.12.2025	MV202500881	2894	73,3	4,270,041	186,526	74,477,785	1,928,959	22,819	701,099	478,975	621,957	11,824,240	167	200,129	55680	227	3,801,935	35	1,713,741	47,916	4,682,472	2,441,375	82	0	Latin America	small	4	2	2
False	obj535	train	0	45	I. Hassan	Frozen Ledger	Standalone	10.01.2025	MV202500882	1819	81,4	56,831,195	10,038	32,033,379	22,708,751	629,890	1,768,627	4,248,136	14,140,592	11,679,765	494	185,614	64154	104	2,840,556	109	20,582,805	89,169	7,806,369	2,404,029	56	0	Americas	large	1	4	3
False	obj536	train	0	43	J. Martinez	Shadow Circuit 4	Final Chapter	12.10.2025	MV202500892	718	100	4,077,682	137,120	2,906,094	342,953	3,796	1,067,677	618,926	1,446,386	6,645,745	203	47,310	32211	118	3,884,974	57	3,071,642	44,081	28,517,496	2,000,028	59	0	Europe	large	0	1	4
False	obj537	train	0	57	E. Brooks	Blue Static 2025	Final Chapter	28.08.2025	MV202500893	208	69,5	2,873,975	197,646	73,709,040	169,816	4,795	937,123	570,176	1,887,158	8,890,315	474	382,609	22192	144	5,741,220	61	9,863,534	20,198	29,706,912	184,861	52	1	Americas	small	2	1	2
False	obj538	train	0	56	N. Fischer	City of Glass 2025	Prime Story	13.01.2025	MV202500894	706	94,7	19,830,334	188,968	64,814,195	3,523,174	82,327	1,183,876	732,124	1,796,389	4,548,992	116	330,989	30303	169	4,071,571	140	17,122,158	94,012	6,864,353	4,928,192	48	0	Europe	small	1	4	3
False	obj539	train	0	34	Q. Jensen	Binary Sunset	Prime Story	18.07.2025	MV202500896	641	84,4	15,339,529	198,207	76,717,121	7,133,741	149,374	401,596	3,106,202	4,809,116	15,302,122	458	195,258	93722	129	3,652,912	111	5,063,407	87,271	24,742,695	2,312,537	12	0	Americas	medium	0	4	3
False	obj540	train	0	80	E. Brooks	Golden Ratio	Chronicles Saga	19.07.2025	MV202500898	454	83,1	4,001,745	16,724	26,142,968	3,156,112	40,877	140,919	48,243	136,970	3,850,529	128	126,189	77131	187	5,142,700	27	4,386,001	23,098	1,406,363	3,699,334	51	0	Americas	small	3	1	3
False	obj541	train	0	56	L. Nakamura	Electric Mirage 2025	New Dawn	29.12.2025	MV202500899	1611	20,4	8,900,452	134,803	17,451,922	5,918,257	73,708	1,330,654	2,289,928	6,141,199	9,875,804	444	489,511	94868	73	9,918,559	171	46,934,450	96,942	21,739,180	351,036	13	0	Americas	small	1	3	0
False	obj542	train	0	37	R. Silva	Parallel Lines	Final Chapter	23.03.2025	MV202500910	3793	96	12,890,208	89,119	43,468,396	8,543,675	269,400	803,791	1,322,651	2,405,819	19,663,481	138	293,780	96936	5	9,084,759	71	45,120,477	89,089	15,224,964	3,533,493	59	1	Latin America	large	0	3	3
False	obj543	train	0	56	G. Murphy	Violet Engine 2025	New Dawn	08.08.2025	MV202500916	1827	20,7	12,312,342	184,394	39,755,371	3,975,725	106,015	1,972,445	3,176,225	8,722,101	7,568,333	263	497,998	21808	91	389,432	168	34,671,183	5,678	13,285,703	3,349,619	80	0	Europe	medium	1	3	0
False	obj544	train	0	84	V. Popov	Velvet Storm 2025 4	Final Chapter	02.01.2025	MV202500917	1284	87	4,848,712	29,807	15,797,726	2,031,354	78,133	643,161	800,204	990,837	18,083,799	204	293,934	34006	286	3,330,306	153	36,402,270	22,420	22,949,379	4,810,026	92	0	Latin America	large	4	2	3
False	obj545	train	0	46	Q. Jensen	Desert Oracle 2025	Open Sky	26.05.2025	MV202500918	440	47,9	4,189,228	37,756	77,486,626	2,167,094	42,966	964,194	231,261	325,972	8,477,618	306	443,114	58516	213	3,139,633	68	22,574,228	98,863	27,397,409	743,982	4	1	Americas	medium	1	2	1
False	obj546	train	0	78	V. Popov	Infinite Margin 2025	Prime Story	07.01.2025	MV202500928	3880	67,1	1,093,885	32,778	61,010,470	360,071	12,627	1,406,688	58,077	170,152	655,442	5	337,290	62010	265	3,644,743	124	30,152,304	26,903	13,821,371	3,464,093	66	0	Latin America	large	3	0	2
False	obj547	train	0	43	H. Andersson	Infinite Margin 2025	Universe Zero	11.05.2025	MV202500929	2113	77,5	39,979,285	133,822	13,269,422	26,928,543	572,264	808,986	2,335,969	3,542,301	15,571,206	105	145,860	94115	236	8,507,874	18	44,903,565	18,765	13,757,578	3,904,883	61	1	Asia-Pacific	large	0	4	2
False	obj548	train	0	65	P. Singh	Crimson Archive 2025	Prime Story	23.10.2025	MV202500931	1995	61,6	519,818	63,535	77,921,402	243,472	9,608	218,649	36,719	136,734	1,810,583	481	455,522	51807	240	8,616,022	192	12,514,265	67,742	26,912,030	3,048,440	66	0	Latin America	small	2	0	2
False	obj549	train	0	76	W. Stone	Glass Reactor 2025	Open Sky	25.05.2025	MV202500933	4423	105,8	21,997,293	56,080	24,410,717	8,861,835	90,362	349,092	4,577,544	8,670,502	9,113,344	51	360,529	91885	204	9,866,666	175	4,030,203	42,978	13,740,336	2,495,182	53	0	Americas	small	3	4	4
False	obj550	train	0	79	D. Rossi	Burning Atlas 2025	Open Sky	14.11.2025	MV202500934	4831	34	3,822,335	198,630	41,983,683	2,827,045	134,647	661,352	612,935	1,213,970	10,254,420	441	379,245	96647	70	42,713	183	46,310,218	13,619	28,068,602	4,955,623	98	0	Latin America	medium	3	1	0
False	obj551	train	0	92	V. Popov	Deep Current 2025	Dark Matter	20.07.2025	MV202500919	2043	42,9	3,010,836	185,441	47,769,264	401,548	19,379	295,035	169,913	525,983	15,116,495	7	209,237	2966	220	1,033,679	30	43,465,178	90,635	16,230,611	1,184,276	71	1	Latin America	large	4	1	1
False	obj552	train	0	55	O. Dubois	Desert Oracle	Open Sky	09.07.2025	MV202500920	419	52	3,994,299	25,301	32,637,115	1,169,856	44,720	857,464	1,128,299	2,932,700	9,745,771	269	401,005	31161	238	2,320,868	27	20,497,126	98,616	17,296,750	3,003,030	26	0	Latin America	large	1	1	1
False	obj553	train	0	67	A. Volkov	Quantum Rain 2025	Open Sky	14.03.2025	MV202500921	1506	101,6	868,953	189,394	14,709,087	661,299	8,254	888,300	115,558	445,697	13,530,691	200	228,955	60549	129	9,385,510	92	45,884,346	6,713	10,222,809	539,071	3	1	Americas	large	2	0	4
False	obj554	train	0	60	B. Carter	Violet Engine 2025	Dark Matter	28.02.2025	MV202500922	1587	63	12,991,610	137,204	60,395,186	4,375,501	186,903	1,176,373	2,873,141	8,557,767	16,781,591	370	78,775	91986	234	6,094,002	22	42,505,042	22,433	14,411,518	798,077	91	1	Asia-Pacific	large	2	3	2
False	obj555	train	0	68	C. Wright	Thunder Archive 2025	Open Sky	19.05.2025	MV202500924	160	53,4	14,978,820	129,381	70,890,460	6,265,673	300,954	879,977	206,870	650,682	5,141,392	408	171,320	36178	65	5,501,123	138	23,463,678	54,745	16,090,282	70,470	0	0	Europe	small	2	4	1
False	obj556	train	0	48	I. Hassan	City of Glass 2025 4	Universe Zero	21.09.2025	MV202500925	2510	63,1	7,593,791	31,097	41,800,989	3,228,062	135,006	272,748	1,075,208	3,688,626	2,932,552	200	359,776	70744	226	2,571,575	87	65,490	19,587	14,780,747	3,227,368	94	1	Americas	large	1	3	2
False	obj557	train	0	53	V. Popov	Velvet Storm	New Dawn	25.11.2025	MV202500926	3013	16,1	2,538,691	127,231	11,556,175	891,244	29,683	381,897	250,386	386,843	3,484,003	380	131,254	55664	108	9,829,816	134	13,502,847	83,845	23,754,097	423,704	60	0	Latin America	large	1	1	0
False	obj558	train	0	54	P. Singh	Lunar Cartography 2025	Prime Story	22.07.2025	MV202500937	4184	34,5	5,858,976	66,332	32,113,176	2,121,812	40,878	866,073	600,518	1,912,182	5,929,035	261	14,361	62847	165	5,222,534	67	3,801,324	17,135	19,883,170	3,524,464	38	0	Latin America	small	1	2	0
False	obj559	train	0	90	Q. Jensen	Thunder Archive 2025	Universe Zero	08.06.2025	MV202500938	4364	43,6	16,768,021	198,030	35,926,111	3,046,788	34,855	308,315	2,606,344	4,897,604	13,396,976	419	83,780	61689	166	9,046,416	18	36,679,330	86,487	6,288,245	796,710	1	0	Americas	medium	4	4	1
False	obj560	train	0	93	Q. Jensen	Burning Atlas 2025	Dark Matter	07.10.2025	MV202500939	2769	28,3	31,293,214	37,311	11,530,571	10,699,125	305,039	757,500	4,192,288	5,371,866	4,864,018	3	496,970	48311	168	8,311,618	87	3,999,678	74,337	12,200,996	3,329,190	22	1	Americas	medium	4	4	0
False	obj561	train	0	83	D. Rossi	Aurora Debt 2025	Universe Zero	25.06.2025	MV202500940	4094	94,5	8,024,310	128,898	61,370,604	5,761,700	70,508	661,250	483,949	1,040,993	7,129,057	292	109,162	94151	232	2,206,263	127	41,245,708	17,021	10,331,727	4,622,338	44	0	Latin America	medium	4	3	3
False	obj562	train	0	31	R. Silva	Obsidian Heart 2025	Legacy Cycle	10.12.2025	MV202500942	1461	116,4	2,530,963	124,757	5,653,543	945,126	35,528	566,918	572,939	1,653,734	7,044,985	232	344,735	2900	197	4,232,406	32	33,869,510	26,177	9,383,572	4,201,526	67	0	Latin America	large	0	1	4
False	obj563	train	0	30	S. Patel	White Noise 2025 4	New Dawn	02.12.2025	MV202500944	2612	99,9	11,500,549	185,207	29,271,487	4,455,184	121,447	1,242,027	667,643	1,666,105	18,330,375	333	147,907	96071	102	3,432,597	114	48,813,129	2,541	10,278,099	4,482,754	23	0	Europe	large	0	3	4
False	obj564	train	0	48	T. Kim	Crimson Archive 2025	Prime Story	20.09.2025	MV202500955	652	18,9	30,498,595	74,037	14,269,226	3,890,978	56,456	623,280	6,932,210	12,475,846	7,584,892	34	207,035	38120	30	3,867,104	6	9,912,162	37,505	2,679,778	3,037,859	39	0	Americas	small	1	4	0
False	obj565	train	0	68	T. Kim	Shadow Circuit 2025	Dark Matter	23.07.2025	MV202500956	1897	43,3	12,119,956	100,016	7,169,493	5,158,037	106,651	54,702	988,644	1,989,339	15,985,916	136	342,992	28080	101	5,666,024	134	39,396,463	2,866	6,926,020	34,726	8	0	Americas	small	2	3	1
False	obj566	train	0	82	D. Rossi	Silent Protocol	New Dawn	18.11.2025	MV202500958	278	94,1	83,214,061	3,217	33,603,594	19,880,520	843,308	1,855,912	7,396,311	15,724,666	13,215,328	167	354,912	30488	54	9,546,553	51	30,652,835	38,719	17,282,331	1,468,418	83	0	Latin America	medium	4	4	3
False	obj567	train	0	67	W. Stone	Digital Saints	Final Chapter	14.09.2025	MV202500959	548	116,8	13,335,681	129,707	35,751,855	744,321	15,508	921,968	179,690	548,834	5,691,323	375	292,537	23423	202	8,161,146	142	27,540,140	82,331	12,676,878	4,547,234	51	0	Americas	small	2	3	4
False	obj568	train	0	91	W. Stone	Electric Mirage 2025	Chronicles Saga	02.12.2025	MV202500960	1962	25,9	4,438,385	8,286	21,654,017	1,346,520	67,276	1,892,977	565,718	1,575,852	11,188,744	44	460,500	28841	187	8,910,269	169	40,020,773	31,337	10,518,137	748,758	99	0	Americas	small	4	2	0
False	obj569	train	0	88	T. Kim	Lunar Cartography 2025 3	Prime Story	03.03.2025	MV202500962	3128	113,3	11,508,295	142,541	6,547,253	1,231,962	17,398	1,165,088	3,228,964	8,439,040	1,207,012	288	181,620	30343	219	3,019,736	183	10,644,284	73,166	23,088,534	2,580,901	54	0	Americas	small	4	3	4
False	obj570	train	0	30	M. Chen	Kinetic Prayer 2025	Legacy Cycle	08.02.2025	MV202500973	439	53	1,392,492	30,008	68,175,273	560,405	5,955	293,028	221,307	765,426	9,354,856	102	335,740	22144	222	1,677,448	147	32,840,586	46,120	21,594,492	4,134,148	17	0	Asia-Pacific	large	0	0	1
False	obj571	train	0	43	B. Carter	Binary Sunset 2025	Origin Arc	11.09.2025	MV202500975	4582	21,1	2,404,069	21,577	22,852,274	294,608	11,798	1,629,237	313,254	1,003,716	8,369,337	480	417,695	25494	148	2,134,080	192	11,690,463	44,047	16,473,069	284,796	77	0	Asia-Pacific	large	1	1	0
False	obj572	train	0	89	W. Stone	Golden Ratio 2025	Prime Story	14.02.2025	MV202500976	3682	18,1	8,531,252	88,564	47,477,267	3,965,704	185,969	1,079,537	1,180,090	2,197,198	8,901,211	122	132,011	4339	245	5,081,112	123	25,168,195	39,507	22,407,193	288,789	23	0	Americas	small	4	3	0
False	obj573	train	0	65	T. Kim	Violet Engine 2025	Origin Arc	24.04.2025	MV202500977	4329	44,4	7,470,832	81,199	26,404,830	2,044,226	101,945	373,410	1,970,140	2,927,518	7,113,385	16	117,567	45187	1	5,459,016	41	43,389,070	41,960	8,722,121	2,135,832	90	0	Americas	small	2	3	1
False	obj574	train	0	77	M. Chen	Violet Engine 2025	Origin Arc	08.04.2025	MV202500980	2919	77,8	425,787	67,274	46,051,187	312,957	11,539	1,479,416	81,490	233,120	16,666,283	288	266,127	8148	129	6,602,642	15	389,341	1,146	9,335,665	4,739,602	59	1	Asia-Pacific	large	3	0	2
False	obj575	train	0	69	V. Popov	Deep Current	Universe Zero	26.12.2025	MV202500981	1803	97	38,213,064	41,586	11,248,369	4,817,134	195,075	558,969	5,064,900	11,084,231	19,234,409	21	435,766	85960	242	413,485	10	49,601,312	21,319	26,183,463	365,208	92	0	Latin America	large	3	4	3
False	obj576	train	0	47	G. Murphy	Kinetic Prayer 2025	Prime Story	07.03.2025	MV202500991	4282	117,1	9,156,452	190,075	11,505,049	3,321,581	132,728	1,984,281	2,128,883	7,466,209	2,981,875	155	373,926	12826	96	3,269,355	13	23,297,054	52,638	16,712,960	932,831	2	1	Europe	medium	1	3	4
False	obj577	train	0	74	T. Kim	Quantum Rain	Chronicles Saga	18.01.2025	MV202500993	2158	89,5	6,709,917	44,051	50,849,271	2,754,914	40,969	1,610,558	642,172	917,364	18,439,509	177	295,440	86726	114	3,058,911	141	15,594,425	93,157	6,406,006	2,975,795	61	0	Americas	small	3	2	3
False	obj578	train	0	94	C. Wright	Broken Compass	New Dawn	20.03.2025	MV202500995	1799	99,9	161,931	103,042	39,288,626	68,716	1,480	1,734,984	13,600	52,594	4,213,122	58	83,689	22911	180	2,640,386	8	43,991,478	1,378	13,514,068	3,428,811	98	0	Europe	small	4	0	4
False	obj579	train	0	55	C. Wright	Hyperion Rise 2025	Final Chapter	04.01.2025	MV202500996	2894	47,5	6,827,005	80,503	308,509	2,691,764	131,032	755,312	506,169	1,623,656	3,241,084	496	426,249	12014	290	7,874,436	129	6,352,954	58,102	27,837,938	4,293,586	50	0	Europe	small	1	2	1
False	obj580	train	0	51	W. Stone	Digital Saints 2025	Final Chapter	14.05.2025	MV202500998	1926	47,5	6,154,666	93,589	54,579,924	1,144,685	33,142	1,415,070	113,466	233,672	14,206,426	468	394,642	25242	284	948,474	137	36,330,570	57,938	27,771,489	3,690,565	82	0	Americas	small	1	2	1
False	obj581	train	0	80	P. Singh	Electric Mirage 2025	Open Sky	14.01.2025	MV202501013	1762	99,5	1,301,294	18,774	78,111,611	179,716	4,143	44,081	339,964	529,821	1,567,721	473	70,015	3898	299	8,543,234	186	6,315,758	90,856	9,028,693	4,372,431	78	1	Latin America	small	3	0	3
False	obj582	train	0	52	G. Murphy	Northern Code 2025	Open Sky	06.09.2025	MV202501014	1232	89,4	17,588,961	54,251	57,338,039	8,794,520	312,411	654,901	4,689,975	12,538,867	2,099,559	429	267,892	48601	257	1,877,939	103	6,904,160	93,179	25,558,554	2,934,407	86	1	Europe	medium	1	4	3
False	obj583	train	0	37	V. Popov	Stone Butterfly 2025	Origin Arc	05.12.2025	MV202501015	337	64	546,223	48,811	74,949,450	323,835	4,843	846,501	58,772	190,116	16,611,380	164	151,665	74174	136	1,033,140	159	744,648	70,860	8,825,135	2,772,032	58	1	Latin America	large	0	0	2
False	obj584	train	0	38	W. Stone	Deep Current	Prime Story	06.03.2025	MV202501017	4808	106,8	5,322,947	162,465	19,873,071	1,131,758	38,304	1,231,428	743,825	928,052	1,242,484	142	165,466	36418	294	5,474,191	62	34,399,448	41,605	26,891,645	4,610,114	84	1	Americas	small	0	2	4
False	obj585	train	0	38	K. Olsen	Paper Kingdom 2025	Prime Story	13.06.2025	MV202501027	1521	25,6	1,371,968	166,607	56,768,699	119,699	3,594	1,858,263	48,569	180,546	8,215,132	497	93,083	48996	177	7,166,644	155	6,442,835	20,445	2,873,656	2,011,058	92	0	Americas	large	0	0	0
False	obj586	train	0	71	V. Popov	Winter Echo 2025 2	Prime Story	28.09.2025	MV202501028	3330	66,6	7,620,610	72,433	47,891,851	1,908,608	44,566	265,497	1,090,868	1,366,909	3,603,806	308	214,607	95747	240	2,155,687	180	25,190,009	19,374	9,363,337	4,336,733	62	0	Latin America	large	3	3	2
False	obj587	train	0	52	O. Dubois	Electric Mirage 2025 2	Chronicles Saga	15.03.2025	MV202501032	2497	50,1	9,711,952	108,920	2,631,844	5,735,471	129,865	99,902	954,978	1,737,870	5,688,663	387	361,702	22427	124	7,639,529	1	24,099,696	77,224	20,997,079	967,538	70	1	Latin America	large	1	3	1
False	obj588	train	0	30	A. Volkov	Crimson Archive	New Dawn	17.01.2025	MV202501033	2209	57,6	7,412,523	88,223	8,914,417	3,927,455	68,170	1,407,556	389,524	1,420,479	3,392,339	449	417,337	22397	63	9,111,616	163	37,242,502	9,253	19,258,314	4,234,249	37	0	Americas	large	0	3	1
False	obj589	train	0	40	D. Rossi	Ghost Frequency	Chronicles Saga	26.05.2025	MV202501045	2017	89,5	3,617,541	133,314	18,333,619	191,637	4,866	1,826,147	913,771	3,446,117	16,028,764	462	416,600	25918	205	7,207,423	10	2,536,187	79,140	27,790,134	2,627,447	98	1	Latin America	medium	0	1	3
False	obj590	train	0	44	W. Stone	Desert Oracle 2025	Universe Zero	29.03.2025	MV202501047	2491	79,3	26,623,393	118,570	13,623,014	12,629,198	537,720	1,725,587	5,700,815	17,106,721	2,052,880	141	285,214	91048	81	1,129,030	22	341,992	8,409	24,467,022	4,807,387	69	0	Americas	small	1	4	3
False	obj591	train	0	59	K. Olsen	Stone Butterfly 2025	Origin Arc	24.11.2025	MV202501049	1225	25,7	15,947,636	143,892	44,784,118	7,695,301	84,782	190,296	4,766,457	8,264,686	10,347,647	441	108,864	35930	248	5,336,202	34	48,232,217	28,981	16,294,329	4,670,430	97	0	Americas	large	2	4	0
False	obj592	train	0	71	A. Volkov	Iron Garden 2025	Universe Zero	11.02.2025	MV202501050	1143	41,4	473,519	62,695	74,984,126	247,318	12,044	1,762,309	141,928	233,470	10,737,926	220	19,677	44818	115	3,109,367	26	45,935,756	19,790	29,785,659	4,668,276	66	0	Americas	large	3	0	1
False	obj593	train	0	85	L. Nakamura	Hyperion Rise 2025	New Dawn	25.12.2025	MV202501051	615	89,4	5,169,179	8,039	52,026,593	3,656,597	62,670	584,295	1,348,622	4,216,895	409,283	416	349,478	88246	111	730,425	137	40,718,775	75,432	21,440,541	2,465,232	91	0	Americas	small	4	2	3
False	obj594	train	0	33	T. Kim	Northern Code	Open Sky	11.03.2025	MV202500946	3795	21,3	5,096,706	40,575	41,036,140	2,065,125	84,637	283,078	621,074	2,399,208	3,771,056	364	341,600	24197	217	915,619	33	49,600,821	87,805	8,571,926	3,683,923	17	1	Americas	small	0	2	0
False	obj595	train	0	55	E. Brooks	Glass Reactor	Legacy Cycle	31.07.2025	MV202500949	4689	82,7	6,087,123	21,627	46,061,416	1,683,174	56,560	1,026,322	697,185	973,472	4,339,163	160	482,112	72706	208	941,001	191	11,675,228	43,103	25,877,328	1,993,461	5	0	Americas	small	1	2	3
False	obj596	train	0	55	J. Martinez	Obsidian Heart 2025	Chronicles Saga	19.01.2025	MV202500950	1688	79,9	1,658,788	156,366	1,843,871	482,366	21,944	498,105	433,564	1,676,817	5,269,932	183	13,907	49309	76	5,192,386	153	17,247,118	82,637	14,877,944	1,733,762	70	0	Europe	large	1	0	3
False	obj597	train	0	41	M. Chen	Quantum Rain 2025	New Dawn	12.03.2025	MV202500952	240	77,7	2,562,503	98,681	59,377,735	2,024,662	46,022	1,637,602	209,785	710,705	11,599,955	433	32,850	65596	167	1,979,007	36	14,912,224	84,438	23,972,443	2,031,104	88	0	Asia-Pacific	large	0	1	2
False	obj598	train	0	55	I. Hassan	Glass Reactor 2025	Legacy Cycle	16.10.2025	MV202500954	140	36,7	2,001,347	6,605	55,591,608	1,362,698	36,040	878,007	131,743	349,496	8,265,904	449	136,735	43072	143	7,117,112	19	11,544,414	76,672	3,908,082	2,001,623	10	0	Americas	large	1	0	0
False	obj599	train	0	70	V. Popov	Glass Reactor 2025	Standalone	24.10.2025	MV202500965	4218	111,5	5,999,913	46,992	40,373,517	1,311,564	44,271	1,344,805	123,655	387,829	9,834,157	152	220,129	40936	205	6,156,907	69	42,621,106	79,844	20,195,928	1,345,107	34	0	Latin America	large	3	2	4
False	obj600	train	0	37	F. Nguyen	Kinetic Prayer 2025	New Dawn	22.02.2025	MV202500966	4731	44	1,457,030	70,069	68,729,772	561,046	23,709	387,742	262,169	559,668	2,647,537	74	92,951	97496	119	9,916,954	45	10,835,332	84,515	11,668,200	4,760,176	25	1	Asia-Pacific	large	0	0	1
False	obj601	train	0	73	H. Andersson	Paper Kingdom 2025	New Dawn	25.06.2025	MV202500967	3921	91,9	10,853,580	73,682	10,020,298	1,736,338	66,542	400,291	575,899	1,916,682	11,495,117	491	30,924	79855	252	8,797,408	79	46,207,478	40,819	27,921,107	970,612	49	1	Asia-Pacific	large	3	3	3
False	obj602	train	0	41	V. Popov	Kinetic Prayer 2025	Origin Arc	23.04.2025	MV202500968	1704	96,2	5,932,329	20,491	18,653,878	2,509,193	48,119	943,123	363,337	1,216,126	13,979,219	442	3,452	69292	93	6,549,800	50	44,805,755	20,441	13,373,126	1,335,489	19	0	Latin America	large	0	2	3
False	obj603	train	0	61	P. Singh	Obsidian Heart	Universe Zero	24.07.2025	MV202500969	3989	108,2	2,804,360	178,181	50,078,690	1,474,989	15,495	929,533	815,500	1,983,040	11,848,836	400	320,858	37168	280	6,775,316	95	21,048,324	65,872	16,210,612	4,468,227	65	0	Latin America	small	2	1	4
False	obj604	train	0	32	Y. Tanaka	Feral Harmony	New Dawn	07.12.2025	MV202500970	1289	91,4	2,332,603	87,071	2,419,092	1,335,523	24,373	291,024	558,774	1,959,587	3,964,380	484	484,145	42867	158	6,167,403	52	48,077,673	52,617	16,682,780	3,178,296	57	1	Asia-Pacific	medium	0	1	3
False	obj605	train	0	47	R. Silva	Electric Mirage 2025	Legacy Cycle	19.04.2025	MV202500971	775	111,2	2,175,350	118,813	29,936,732	239,782	7,976	1,348,417	256,616	1,000,562	15,957,356	389	340,467	72748	38	116,833	87	43,847,547	73,644	15,720,243	3,189,482	76	0	Latin America	large	1	0	4
False	obj606	train	0	83	S. Patel	Crystal Fault 2025	Open Sky	14.03.2025	MV202500972	8	102	5,279,555	46,299	26,802,577	2,479,466	55,581	1,713,046	601,492	1,363,687	3,054,078	162	282,989	40044	272	4,417,662	41	33,833,218	41,463	17,897,124	1,285,855	33	0	Europe	large	4	2	4
False	obj607	train	0	92	H. Andersson	Shadow Circuit 2	Chronicles Saga	22.04.2025	MV202500984	2246	52,7	3,619,780	155,217	75,314,564	2,332,784	106,370	1,537,381	42,376	80,890	14,943,024	403	419,917	87644	210	6,917,919	99	5,110,342	3,814	23,232,613	4,203,901	27	0	Asia-Pacific	large	4	1	1
False	obj608	train	0	36	C. Wright	Neon Horizon 2025	Standalone	20.06.2025	MV202500985	1079	101,1	1,928,139	138,492	36,544,114	1,294,698	30,579	864,453	529,080	1,460,792	13,685,140	318	457,276	34838	196	4,871,115	28	49,140,100	7,817	4,292,255	3,093,313	1	0	Europe	small	0	0	4
False	obj609	train	0	63	Y. Tanaka	Iron Garden 2025	Final Chapter	18.11.2025	MV202500986	702	110,3	2,918,752	175,639	64,515,704	1,314,140	23,404	191,542	413,588	1,582,732	19,343,832	247	262,218	63001	37	9,892,284	134	18,766,242	51,875	17,473,509	71,620	96	0	Asia-Pacific	medium	2	1	4
False	obj610	train	0	45	N. Fischer	Ocean of Stars 2025	Legacy Cycle	04.10.2025	MV202500987	4889	55,7	3,131,445	104,466	21,612,764	1,093,698	52,113	1,752,270	38,468	110,195	12,626,531	393	206,532	65046	37	3,695,777	31	24,881,832	49,107	20,514,473	224,026	6	0	Europe	small	1	1	1
False	obj611	train	0	64	T. Kim	Broken Compass 2025	Open Sky	04.01.2025	MV202500989	2115	40,4	12,079,462	177,832	18,105,401	6,080,785	87,320	1,628,789	3,214,653	12,037,478	12,813,504	37	431,059	80744	161	7,900,180	102	13,261,959	90,693	25,743,574	3,404,569	63	0	Americas	small	2	3	1
False	obj612	train	0	63	Z. Ali	Iron Garden 2025	Standalone	08.03.2025	MV202501000	4015	98,9	73,231,916	169,920	9,207,369	14,206,366	634,107	66,412	13,640,442	19,232,865	4,478,876	53	153,974	96701	92	1,834,286	39	48,591,004	49,939	4,688,515	372,928	99	0	Latin America	small	2	4	3
False	obj613	train	0	77	V. Popov	Crimson Archive 2025	Open Sky	10.01.2025	MV202501001	734	55,4	5,818,173	68,591	72,459,838	1,651,777	31,329	1,322,994	1,119,205	1,426,909	9,083,787	469	190,445	66630	116	1,815,072	7	33,779,225	11,817	24,028,904	3,808,377	45	0	Latin America	large	3	2	1
False	obj614	train	0	37	E. Brooks	Crystal Fault 2025	New Dawn	17.05.2025	MV202501002	2983	98,8	2,868,305	72,446	54,565,108	2,103,553	73,040	313,995	544,778	1,990,641	9,338,102	59	340,645	30825	185	8,335,368	93	24,956,874	62,535	5,486,618	4,183,465	41	0	Americas	small	0	1	3
False	obj615	train	0	41	O. Dubois	Nova Protocol 2025	Dark Matter	04.08.2025	MV202501003	4956	72,9	7,502,559	94,909	75,341,696	4,619,652	138,765	1,972,621	151,031	383,736	16,599,066	460	295,580	82927	284	9,158,057	198	20,536,101	27,154	14,885,526	841,081	20	0	Latin America	large	0	3	2
False	obj616	train	0	84	H. Andersson	Shadow Circuit 2025	Final Chapter	16.05.2025	MV202501004	2125	95,3	35,087,214	163,871	50,644,729	21,105,447	1,032,011	1,489,188	5,624,141	12,242,840	16,839,185	404	119,306	85366	272	8,635,343	129	35,845,055	12,970	705,536	1,822,724	44	1	Asia-Pacific	large	4	4	3
False	obj617	train	0	55	R. Silva	Desert Oracle 2025 3	Standalone	06.07.2025	MV202501018	3690	97,7	4,532,876	86,242	21,087,956	2,219,262	87,371	41,741	496,879	1,015,199	15,644,769	455	492,865	49081	203	3,973,007	39	3,137,685	28,302	11,034,549	565,878	62	0	Latin America	large	1	2	3
False	obj618	train	0	73	S. Patel	Velvet Storm 3	Universe Zero	15.12.2025	MV202501020	4744	20,3	1,144,355	91,412	18,528,772	461,932	11,843	767,492	117,991	156,861	18,762,588	340	121,284	6856	203	360,468	115	48,175,885	51,765	15,185,441	1,751,303	67	0	Europe	large	3	0	0
False	obj619	train	0	73	M. Chen	Parallel Lines	Prime Story	15.04.2025	MV202501021	271	35,7	1,326,933	122,256	15,196,853	238,726	8,860	474,805	75,517	136,532	11,413,278	121	293,717	18494	0	6,691,112	47	28,025,813	44,754	5,086,791	3,274,416	95	0	Asia-Pacific	large	3	0	0
False	obj620	train	0	30	L. Nakamura	Silver Transit	Prime Story	20.08.2025	MV202501022	65	113,6	8,535,435	108,781	23,925,221	3,194,025	121,291	371,269	700,375	1,205,887	15,318,496	217	240,367	14889	244	3,069,540	169	12,882,859	64,824	5,823,731	3,421,120	16	0	Americas	small	0	3	4
False	obj621	train	0	73	S. Patel	Crystal Fault 2025	Dark Matter	29.10.2025	MV202501024	998	103,9	1,777,354	132,291	43,026,580	606,878	26,454	1,153,119	233,378	796,724	4,859,864	386	315,072	88102	40	3,837,086	98	9,286,940	5,245	14,031,311	1,152,018	70	0	Europe	large	3	0	4
False	obj622	train	0	69	M. Chen	Stone Butterfly 2025	Legacy Cycle	24.09.2025	MV202501025	2175	36,4	1,362,857	157,465	26,235,361	1,053,142	26,751	1,600,185	209,571	773,427	13,515,590	224	199,697	81944	274	9,808,978	165	23,018,738	38,537	20,310,041	270,558	35	1	Asia-Pacific	large	3	0	0
False	obj623	train	0	78	J. Martinez	Ember Valley 2025	Open Sky	11.01.2025	MV202501036	3572	21,8	21,875,329	167,703	47,014,926	13,226,433	168,241	556,748	386,164	1,081,629	16,291,634	33	233,676	4898	58	1,359,339	138	33,338,589	52,738	10,341,772	4,220,043	66	0	Europe	large	3	4	0
False	obj624	train	0	81	E. Brooks	Parallel Lines	Chronicles Saga	10.03.2025	MV202501037	4614	97,4	3,585,574	67,236	51,801,888	2,055,414	84,100	1,199,836	562,544	1,307,042	8,680,282	482	224,799	63573	288	3,620,169	139	28,146,537	11,206	17,785,267	836,193	3	0	Americas	small	3	1	3
False	obj625	train	0	81	R. Silva	Crystal Fault 2025	Open Sky	25.05.2025	MV202501038	2882	91,6	2,124,663	9,072	39,684,168	1,270,453	18,083	934,004	503,346	978,461	16,209,471	262	319,481	18913	162	5,509,967	146	24,503,219	49,663	15,287,760	4,719,361	28	0	Latin America	large	3	0	3
False	obj626	train	0	45	M. Chen	Northern Code 2025	New Dawn	21.11.2025	MV202501044	1546	115,1	7,416,715	59,983	29,560,808	802,287	9,730	185,107	265,920	1,047,060	8,240,724	420	439,394	16137	56	8,321,697	66	16,166,718	41,622	4,879,991	4,560,163	96	0	Asia-Pacific	large	1	3	4
False	obj627	train	0	55	P. Singh	Final Orbit 2025	Legacy Cycle	09.11.2025	MV202501054	3737	111,5	5,183,804	75,639	33,297,727	2,638,385	127,506	250,579	1,424,268	1,991,040	10,936,681	5	162,677	57880	21	7,811,423	51	13,973,681	35,899	22,447,576	814,416	37	0	Latin America	small	1	2	4
False	obj628	train	0	71	A. Volkov	Shadow Circuit	Chronicles Saga	17.04.2025	MV202501055	4888	79,3	43,871,598	82,203	24,696,709	23,891,830	341,418	460,861	4,947,501	17,858,373	18,633,878	114	378,154	73413	2	8,535,020	146	12,590,441	49,123	14,898,826	4,607,895	14	1	Americas	large	3	4	3
False	obj629	train	0	77	E. Brooks	Winter Echo 2025	Dark Matter	14.12.2025	MV202501056	1147	106,2	5,127,825	103,239	35,313,451	919,761	41,824	1,746,419	993,040	3,460,567	13,076,823	285	115,029	94453	92	4,431,202	136	37,456,366	87,732	28,626,532	600,026	90	0	Americas	small	3	2	4
False	obj630	train	0	32	C. Wright	Silent Protocol 2025	Chronicles Saga	10.03.2025	MV202501058	4507	89,2	1,325,767	94,169	35,654,751	581,145	24,234	383,200	387,162	1,287,920	5,630,977	303	239,123	91476	3	6,647,398	192	14,005,214	64,422	19,928,747	1,279,064	72	0	Europe	small	0	0	3
False	obj631	train	0	77	O. Dubois	Quantum Rain 3	Origin Arc	26.02.2025	MV202501059	3730	45,9	710,142	114,287	10,661,307	141,643	5,500	1,519,702	55,376	221,272	13,692,650	63	116,010	96009	126	8,606,251	138	6,523,843	8,508	11,333,185	3,905,518	71	0	Latin America	large	3	0	1
False	obj632	train	0	89	P. Singh	Glass Reactor 2025	New Dawn	21.08.2025	MV202501060	521	73,2	11,765,833	43,625	38,435,834	4,921,999	178,428	257,672	1,742,226	3,130,140	10,740,895	266	286,880	61472	192	7,998,813	8	25,333,943	22,482	8,247,322	584,545	25	0	Latin America	small	4	3	2
False	obj633	train	0	77	F. Nguyen	Infinite Margin 2025	Standalone	25.04.2025	MV202501061	4742	23,9	5,578,966	131,498	62,310,978	1,452,829	56,829	80,196	927,111	2,738,556	15,907,183	173	242,229	31899	99	1,927,057	113	38,361,569	53,933	9,758,680	3,308,374	72	1	Asia-Pacific	large	3	2	0
False	obj634	train	0	57	D. Rossi	Electric Mirage 2025	Final Chapter	30.07.2025	MV202501062	70	62	12,216,934	28,140	4,372,872	2,699,060	77,545	1,269,811	1,234,690	4,135,765	3,944,396	279	139,552	5516	268	3,590,413	129	35,949,423	75,576	20,213,090	1,334,900	93	0	Latin America	medium	2	3	2
False	obj635	train	0	49	Q. Jensen	Crystal Fault 2025	Origin Arc	06.06.2025	MV202501073	2901	110,6	2,837,832	168,560	58,646,347	1,428,487	64,330	346,684	644,336	2,081,451	14,512,956	246	437,040	68105	258	8,010,201	87	5,323,519	22,858	25,500,194	4,658,875	27	1	Americas	medium	1	1	4
False	obj636	train	0	88	K. Olsen	Broken Compass 2025	Universe Zero	04.08.2025	MV202501075	1722	117,6	1,455,669	63,737	21,206,931	608,143	28,233	458,550	349,987	1,045,937	17,604,905	96	393,768	71545	156	2,159,486	83	37,309,091	18,710	24,746,154	1,723,562	4	1	Americas	large	4	0	4
False	obj637	train	0	85	K. Olsen	Feral Harmony 2025	Origin Arc	19.10.2025	MV202501076	4070	80,8	2,301,281	13,749	72,209,287	1,265,387	36,767	222,886	278,387	354,600	3,630,303	280	279,716	6549	135	303,212	161	49,407,175	5,173	18,680,903	4,206,483	46	0	Americas	large	4	1	3
False	obj638	train	0	62	G. Murphy	Stone Butterfly 2025 2	Open Sky	08.02.2025	MV202501078	3806	49	1,207,969	189,220	9,207,874	796,830	19,467	1,579,140	296,073	379,789	3,346,998	6	467,973	52577	17	4,339,487	0	30,250,436	93,895	13,945,708	58,936	95	0	Europe	medium	2	0	1
False	obj639	train	0	92	L. Nakamura	Ember Valley	Final Chapter	24.01.2025	MV202501080	869	38,7	1,987,045	97,450	30,891,424	1,115,694	40,718	1,858,140	416,772	1,205,874	4,023,801	286	143,267	42574	263	9,475,228	150	18,882,965	25,640	1,005,368	2,779,563	67	0	Americas	small	4	0	1
False	obj640	train	0	51	R. Silva	Stone Butterfly 2025	Open Sky	15.09.2025	MV202501063	1110	77,3	1,152,001	194,993	63,926,578	813,192	32,927	62,664	191,270	250,249	15,592,520	339	4,574	27723	230	6,185,503	98	48,495,119	98,716	23,468,734	1,475,225	10	0	Latin America	large	1	0	2
False	obj641	train	0	30	V. Popov	Jade Frequency	Dark Matter	07.06.2025	MV202501065	3956	45,8	5,011,356	131,487	20,516,799	3,408,125	144,679	1,358,665	1,008,425	3,341,250	12,781,744	28	399,047	22757	294	8,027,990	88	29,740,057	74,068	28,004,959	2,867,078	26	0	Latin America	large	0	2	1
False	obj642	train	0	30	J. Martinez	Midnight Cartel 2025	Prime Story	31.01.2025	MV202501066	1114	70,4	1,621,658	49,567	65,127,584	194,490	9,120	1,378,710	216,558	754,413	1,937,947	393	83,025	36720	24	8,168,795	11	12,286,524	24,203	22,767,874	1,354,059	72	1	Europe	large	0	0	2
False	obj643	train	0	78	K. Olsen	Feral Harmony 2025	Universe Zero	11.06.2025	MV202501067	1012	116,6	5,074,746	14,700	26,931,204	601,647	8,644	133,016	1,006,459	2,875,698	18,403,142	13	68,754	37918	146	2,478,465	80	29,152,879	5,275	991,457	4,355,716	17	0	Americas	large	3	2	4
False	obj644	train	0	82	O. Dubois	Burning Atlas 2025	Universe Zero	07.07.2025	MV202501068	3477	97,3	3,504,454	24,071	66,603,217	2,320,742	33,295	1,370,870	604,714	1,856,841	12,423,476	357	155,541	73455	123	7,017,764	106	42,550,925	32,945	6,289,625	3,815,943	99	0	Latin America	large	4	1	3
False	obj645	train	0	84	Q. Jensen	Burning Atlas 2025	Prime Story	31.05.2025	MV202501070	3878	81,2	5,602,065	98,518	38,599,068	4,112,205	88,046	1,819,503	637,835	1,775,338	5,290,866	293	16,961	42713	242	488,088	1	28,415,002	87,378	27,717,853	1,950,873	54	1	Americas	medium	4	2	3
False	obj646	train	0	77	B. Carter	Lunar Cartography 2025	Prime Story	15.10.2025	MV202501071	3112	99,2	12,494,080	4,237	8,063,060	3,919,732	58,213	1,771,917	2,485,825	4,752,048	9,355,769	429	126,640	97776	219	6,030,522	8	37,783,304	6,044	25,015,848	3,072,481	98	1	Asia-Pacific	large	3	3	3
False	obj647	train	0	71	S. Patel	Feral Harmony 2025	Chronicles Saga	30.09.2025	MV202501081	448	105,8	12,524,427	79,118	64,885,596	3,581,974	98,397	1,282,248	1,108,569	4,367,034	5,793,938	45	223,799	23615	173	5,379,750	178	10,831,316	47,270	2,174,378	800,538	57	0	Europe	large	3	3	4
False	obj648	train	0	85	V. Popov	Last Signal	Dark Matter	14.01.2025	MV202501083	2859	119	1,733,465	157,555	9,219,961	805,064	15,590	1,411,308	188,964	322,856	15,511,862	190	3,453	53965	217	8,401	174	45,843,668	81,119	6,385,721	3,266,817	4	0	Latin America	large	4	0	4
False	obj649	train	0	90	G. Murphy	Ember Valley 2025	Legacy Cycle	23.11.2025	MV202501085	3756	35,7	5,218,826	87,388	70,000,156	3,493,712	161,625	1,784,081	1,419,181	4,515,896	15,999,814	416	369,526	25496	112	5,015,931	85	26,176,150	29,046	16,176,416	2,497,361	6	1	Europe	medium	4	2	0
False	obj650	train	0	51	E. Brooks	Shadow Circuit 2025	Prime Story	05.09.2025	MV202501087	3807	111,9	3,120,308	130,015	30,395,842	322,338	3,314	631,369	782,304	2,139,255	16,756,499	288	445,971	40186	245	3,101,166	88	20,033,580	92,062	24,577,131	4,730,551	75	0	Americas	small	1	1	4
False	obj651	train	0	43	B. Carter	Crimson Archive 2025	Origin Arc	15.10.2025	MV202501088	1145	57,1	3,411,010	117,264	24,874,980	1,073,074	48,522	1,853,154	42,439	59,317	7,275,135	143	311,602	51940	158	5,932,846	100	49,803,406	46,801	8,972,587	1,379,369	16	0	Asia-Pacific	large	1	1	1
False	obj652	train	0	69	S. Patel	Shadow Circuit 2025	Prime Story	10.12.2025	MV202501100	2738	101,1	7,521,605	59,407	32,871,376	2,706,513	48,792	242,262	1,959,531	4,066,622	4,080,259	486	378,148	81762	154	1,082,252	145	49,619,699	39,588	20,238,577	1,794,877	81	0	Europe	large	3	3	4
False	obj653	train	0	42	L. Nakamura	Aurora Debt 2025	Origin Arc	28.04.2025	MV202501101	1494	19,4	6,743,921	113,916	31,618,971	3,904,759	81,538	512,648	943,029	1,500,435	174,094	79	485,380	12788	27	2,655,652	70	45,890,453	63,389	25,175,371	989,800	64	1	Americas	small	0	2	0
False	obj654	train	0	77	K. Olsen	Desert Oracle 2025	Dark Matter	05.11.2025	MV202501103	2409	86,1	6,018,636	150,329	32,235,926	546,651	20,489	48,192	1,012,775	3,911,818	8,766,033	77	151,724	43094	117	6,075,662	137	11,099,051	92,928	24,587,429	3,400,036	56	0	Americas	large	3	2	3
False	obj655	train	0	84	R. Silva	Hollow Crown	Final Chapter	24.10.2025	MV202501104	4677	93,1	5,773,870	95,397	14,757,125	1,071,489	27,015	1,501,587	1,375,726	2,214,588	16,143,880	389	163,697	73440	47	2,450,476	189	35,892,003	88,196	27,654,357	4,100,188	60	1	Latin America	large	4	2	3
False	obj656	train	0	75	E. Brooks	Crimson Archive 2025	Origin Arc	09.08.2025	MV202501105	2444	86,4	3,184,597	119,939	59,494,260	1,153,272	15,543	96,489	129,144	291,813	10,264,038	84	406,877	38611	221	5,199,534	104	23,543,765	97,984	29,009,072	1,359,195	25	0	Americas	small	3	1	3
False	obj657	train	0	61	I. Hassan	Digital Saints 2025	Standalone	14.02.2025	MV202501106	4426	23,8	24,376,036	45,648	52,465,358	5,415,403	242,355	1,088,972	2,362,324	6,436,093	2,426,102	289	95,306	46891	175	8,045,009	129	39,499,283	20,349	28,966,684	3,012,339	78	0	Americas	large	2	4	0
False	obj658	train	0	30	S. Patel	Deep Current 2025 4	Universe Zero	06.06.2025	MV202501119	635	43	1,858,434	21,140	27,169,321	376,405	17,155	530,026	488,147	1,941,143	6,648,996	320	83,350	81295	189	5,314,786	59	42,814,672	76,827	11,356,962	2,528,335	89	1	Europe	large	0	0	1
False	obj659	train	0	86	Y. Tanaka	Lunar Cartography 2025	Open Sky	09.05.2025	MV202501120	4106	43,7	7,038,519	198,140	13,890,619	3,839,305	106,107	408,674	658,800	1,186,064	18,148,299	309	441,076	37465	193	8,119,821	72	42,703,356	6,115	9,482,531	596,146	36	0	Asia-Pacific	medium	4	2	1
False	obj660	train	0	82	R. Silva	Crystal Fault	Dark Matter	01.05.2025	MV202501121	2131	65,4	982,920	64,923	15,733,623	85,059	1,109	1,448,463	282,864	412,136	5,019,881	489	452,044	23861	143	6,399,523	165	19,196,385	16,799	6,167,643	237,229	81	1	Latin America	large	4	0	2
False	obj661	train	0	94	I. Hassan	Winter Echo	Universe Zero	27.01.2025	MV202501123	4433	23,5	3,620,502	83,183	79,602,477	689,469	30,613	1,923,851	1,068,138	3,192,494	2,256,401	86	277,092	88856	79	7,020,162	109	7,050,496	3,668	13,862,800	1,975,147	38	0	Americas	large	4	1	0
False	obj662	train	0	50	K. Olsen	Silent Protocol 2025	Dark Matter	22.10.2025	MV202501125	3195	77,3	4,965,143	88,771	1,279,367	1,995,598	44,851	1,251,506	1,231,506	1,616,981	11,732,601	302	364,881	53548	94	7,718,807	163	11,494,272	5,567	7,091,457	4,865,422	43	1	Americas	large	1	2	2
False	obj663	train	0	68	J. Martinez	Quantum Rain 2025	Universe Zero	02.06.2025	MV202501135	4786	44	10,015,851	1,280	20,633,624	3,750,127	182,786	339,833	2,329,306	8,489,068	19,565,864	439	368,706	37568	161	3,302,337	98	466,773	6,912	17,637,673	3,810,462	59	0	Europe	large	2	3	1
False	obj664	train	0	72	Q. Jensen	Blue Static 2025	Universe Zero	01.04.2025	MV202501137	4120	55,5	16,598,075	142,354	53,334,516	6,902,256	124,577	251,091	1,555,049	4,311,117	7,992,251	343	251,061	92042	287	6,800,551	84	44,225,599	52,106	15,242,709	1,737,630	74	1	Americas	medium	3	4	1
False	obj665	train	0	71	A. Volkov	Deep Current 2025	Chronicles Saga	27.03.2025	MV202501141	2441	66,5	4,426,587	175,986	67,049,293	2,765,569	106,190	434,254	712,870	2,341,477	9,375,473	9	376,198	30853	157	7,094,483	60	34,738,206	38,093	22,444,489	1,624,385	68	1	Americas	large	3	2	2
False	obj666	train	0	63	V. Popov	Final Orbit 2025	Origin Arc	29.11.2025	MV202501143	4223	113,5	4,067,528	56,048	823,572	954,638	17,223	1,367,768	529,194	1,540,541	14,342,508	333	300,608	98788	9	2,249,148	72	17,251,807	68,849	19,988,840	538,279	20	0	Latin America	large	2	1	4
False	obj667	train	0	31	Z. Ali	Velvet Storm 2	Open Sky	28.07.2025	MV202501153	1676	88,5	2,006,663	126,764	69,809,085	459,753	19,658	1,411,317	421,938	719,408	15,042,211	121	83,422	441	36	9,334,048	111	27,546,570	11,721	6,697,888	4,335,609	7	0	Latin America	small	0	0	3
False	obj668	train	0	47	V. Popov	Arctic Pulse 2025	Prime Story	27.08.2025	MV202501155	3394	112,5	403,267	95,377	20,708,502	39,563	970	1,388,798	112,025	231,408	4,577,589	178	88,849	44340	90	8,067,620	135	47,456,730	51,820	4,386,497	4,280,345	13	0	Latin America	large	1	0	4
False	obj669	train	0	92	J. Martinez	Silver Transit 2025 2	Legacy Cycle	27.02.2025	MV202501156	4452	89,3	27,664,263	172,933	5,974,669	7,912,138	224,687	573,769	3,748,684	8,911,699	19,863,737	324	30,142	41370	259	9,899,047	1	30,425,996	20,227	22,056,980	4,962,447	85	1	Europe	large	4	4	3
False	obj670	train	0	67	T. Kim	Midnight Cartel 2025	Open Sky	04.03.2025	MV202501159	740	58,4	38,247,060	154,401	57,020,850	24,760,921	421,629	1,925,056	2,101,864	3,834,171	10,208,574	348	433,520	76429	256	1,854,297	48	28,988,275	86,754	2,843,794	2,509,000	27	0	Americas	small	2	4	1
False	obj671	train	0	90	L. Nakamura	Northern Code 2025 2	Origin Arc	24.07.2025	MV202501171	2144	113,2	3,999,765	166,862	44,282,507	1,609,546	32,093	488,284	120,610	274,909	5,352,638	304	439,593	51514	226	2,202,135	41	31,205,923	97,807	7,209,881	1,833,474	74	0	Americas	small	4	1	4
False	obj672	train	0	53	S. Patel	Iron Garden 2025	Standalone	28.08.2025	MV202501172	689	51,3	3,591,060	50,866	64,776,304	2,548,747	75,324	1,439,643	338,210	837,012	6,580,862	363	100,852	86942	134	4,632,126	55	29,423,183	61,595	17,277,706	2,085,055	53	0	Europe	large	1	1	1
False	obj673	train	0	92	Z. Ali	Hyperion Rise 2025	Legacy Cycle	17.07.2025	MV202501173	2055	50,3	1,579,114	4,345	37,616,656	190,392	8,822	802,991	441,432	1,646,994	14,586,022	48	25,589	86523	6	8,103,579	141	24,845,641	88,365	12,879,438	3,195,636	89	1	Latin America	small	4	0	1
False	obj674	train	0	46	D. Rossi	Last Signal 2025	Dark Matter	23.10.2025	MV202501174	1484	62,7	5,532,058	46,396	19,787,290	2,717,043	110,116	237,517	676,513	1,311,307	17,180,230	219	277,965	71387	134	9,129,100	188	19,251,756	80,921	20,827,168	2,746,083	6	0	Latin America	medium	1	2	2
False	obj675	train	0	41	T. Kim	Lunar Cartography 2025	Chronicles Saga	15.11.2025	MV202501176	2503	66,9	5,888,291	553	4,738,195	3,980,230	156,699	72,514	494,781	1,209,628	8,205,949	74	387,112	99485	15	4,228,087	193	2,017,511	76,873	18,218,014	794,534	41	0	Americas	small	0	2	2
False	obj676	train	0	63	A. Volkov	Digital Saints 2025	Final Chapter	03.03.2025	MV202501178	876	77	9,240,300	95,145	74,271,645	4,330,780	164,680	514,444	615,047	2,396,491	3,156,107	188	396,633	4674	36	9,003,798	81	19,842,289	49,420	10,563,678	2,401,484	99	0	Americas	large	2	3	2
False	obj677	train	0	35	B. Carter	Ocean of Stars 2025	Origin Arc	07.11.2025	MV202501191	3853	110,1	2,078,361	167,022	65,697,066	1,200,852	49,430	65,528	623,179	2,327,098	15,668,493	410	422,201	89401	5	8,608,936	99	33,897,195	2,673	3,898,324	1,481,002	86	1	Asia-Pacific	large	0	0	4
False	obj678	train	0	56	Q. Jensen	Paper Kingdom 2025	Prime Story	23.05.2025	MV202501192	2022	43,1	21,501,949	124,294	2,461,754	2,614,890	48,842	1,899,566	5,703,662	18,597,798	2,473,925	264	418,989	74841	289	8,567,450	127	44,421,780	42,202	14,590,571	3,723,448	47	0	Americas	medium	2	4	1
False	obj679	train	0	54	D. Rossi	Solar Drift 2025	Dark Matter	30.03.2025	MV202501193	3841	68,5	14,612,938	142,342	62,869,988	5,051,845	202,666	1,288,735	3,503,934	6,053,011	18,663,898	466	71,233	32450	177	9,411,757	25	13,183,884	36,008	22,925,285	2,384,465	76	0	Latin America	medium	1	4	2
False	obj680	train	0	51	B. Carter	Glass Reactor 2025	Prime Story	26.04.2025	MV202501196	2688	60,6	6,305,561	195,630	46,866,165	4,428,371	169,033	129,379	658,393	2,103,274	6,706,319	219	114,828	63255	288	516,590	123	23,031,314	49,432	17,128,419	688,196	67	0	Asia-Pacific	large	1	2	2
False	obj681	train	0	79	I. Hassan	Crystal Fault 2025	New Dawn	14.12.2025	MV202501197	1260	45,7	12,696,621	162,037	63,545,876	5,060,553	54,719	1,100,326	443,231	1,332,109	464,826	15	371,177	17790	245	6,678,048	119	19,755,620	31,973	9,654,345	1,616,815	34	0	Americas	large	3	3	1
False	obj682	train	0	65	P. Singh	Crimson Archive 2025	Prime Story	25.09.2025	MV202501090	1258	57,1	17,108,961	113,945	8,356,314	7,247,603	94,166	385,795	2,014,475	5,850,268	18,728,052	173	353,755	52328	95	9,374,593	191	43,984,744	19,971	15,050,132	3,563,095	8	1	Latin America	small	2	4	1
False	obj683	train	0	43	C. Wright	Solar Drift 2025	Dark Matter	05.10.2025	MV202501091	2051	79,9	3,359,914	13,751	52,269,573	1,962,311	92,104	654,108	594,028	1,848,048	18,079,157	346	300,002	74997	297	7,749,134	183	21,608,249	26,373	12,737,046	3,013,786	63	0	Europe	small	1	1	3
False	obj684	train	0	40	D. Rossi	Nova Protocol	Open Sky	05.07.2025	MV202501092	1567	108	42,976,300	86,878	45,171,506	29,111,391	1,267,460	1,772,902	6,477,450	8,654,602	16,253,058	1	327,489	93054	254	8,131,902	121	2,906,411	78,662	18,604,522	4,280,308	74	0	Latin America	medium	0	4	4
False	obj685	train	0	90	P. Singh	Midnight Cartel 2025 3	Prime Story	23.11.2025	MV202501093	3136	62,7	11,784,890	34,387	24,386,631	1,254,190	62,018	541,396	259,562	811,951	3,010,087	46	168,290	40803	189	2,358,217	42	33,905,668	3,646	4,669,766	943,052	13	1	Latin America	small	4	3	2
False	obj686	train	0	90	Z. Ali	City of Glass 2025	Chronicles Saga	01.11.2025	MV202501094	2242	16,5	1,866,040	178,804	4,912,450	1,152,350	52,277	1,058,486	472,245	817,434	18,961,322	24	140,009	1448	286	6,002,489	147	12,337,594	18,409	1,623,240	2,921,287	94	0	Latin America	small	4	0	0
False	obj687	train	0	79	P. Singh	Violet Engine 2025	New Dawn	27.02.2025	MV202501097	4911	78,3	28,578,969	48,559	55,748,434	16,189,755	396,734	923,972	1,194,493	4,510,692	18,978,699	401	42,137	73939	126	6,733,404	196	1,679,821	92,613	11,747,888	3,267,223	67	0	Latin America	small	3	4	2
False	obj688	train	0	56	Q. Jensen	Northern Code	Open Sky	15.12.2025	MV202501110	1759	27	1,193,607	35,671	55,834,541	70,976	2,260	277,750	141,622	461,811	7,006,064	355	192,190	36094	196	429,310	32	11,012,128	9,872	14,019,673	1,731,612	29	0	Americas	medium	2	0	0
False	obj689	train	0	89	D. Rossi	White Noise 2025 3	Open Sky	25.03.2025	MV202501113	1986	39,4	3,595,337	185,976	11,012,253	1,371,259	23,991	51,694	509,901	1,820,806	10,942,869	118	5,441	10794	225	632,109	38	1,384,419	89,539	25,494,956	2,670,817	7	0	Latin America	medium	4	1	1
False	obj690	train	0	93	D. Rossi	Crystal Fault 3	Final Chapter	21.06.2025	MV202501115	3597	69,7	1,883,864	83,276	5,707,421	1,081,386	48,035	258,579	291,915	811,694	14,755,869	48	19,505	15327	28	4,221,655	66	46,599,303	48,317	28,428,895	3,791,911	4	0	Latin America	medium	4	0	2
False	obj691	train	0	36	F. Nguyen	Aurora Debt	Legacy Cycle	04.05.2025	MV202501127	3713	97,5	6,360,595	152,780	75,617,637	1,922,646	44,670	1,645,931	1,541,298	4,968,621	8,347,126	340	181,260	77406	137	2,235,090	175	12,600,362	81,241	23,967,082	1,763,098	92	1	Asia-Pacific	large	0	2	3
False	obj692	train	0	54	R. Silva	Frozen Ledger 2025	Origin Arc	27.01.2025	MV202501128	1293	45,5	936,119	170,398	47,123,189	104,581	3,700	350,394	142,865	280,944	13,713,049	423	214,052	87737	62	6,241,730	99	33,932,179	58,480	28,067,105	3,082,802	14	0	Latin America	large	1	0	1
False	obj693	train	0	76	G. Murphy	Stone Butterfly	Universe Zero	13.09.2025	MV202501130	1471	36,5	4,067,298	130,176	72,155,706	1,806,623	90,085	1,786,213	263,431	455,225	4,370,241	253	143,427	71189	183	4,809,631	160	40,269,993	4,826	7,356,265	4,927,078	73	0	Europe	medium	3	1	0
False	obj694	train	0	63	K. Olsen	Carbon Dreams 2025	Open Sky	07.12.2025	MV202501131	715	41,2	3,505,710	44,581	72,848,421	650,487	20,562	1,462,349	51,214	159,563	1,336,281	290	464,899	48552	292	9,318,017	99	22,884,261	46,377	7,205,043	2,080,188	76	0	Americas	large	2	1	1
False	obj695	train	0	34	K. Olsen	Northern Code	Prime Story	26.02.2025	MV202501132	2935	108	3,118,677	154,326	57,756,125	1,590,635	22,770	101,138	760,076	1,724,682	4,086,375	157	102,711	82258	161	7,315,834	27	34,557,374	18,859	28,385,899	411,224	36	0	Americas	large	0	1	4
False	obj696	train	0	34	G. Murphy	Ghost Frequency 2025	Origin Arc	22.03.2025	MV202501134	1690	65,2	2,595,163	90,844	61,475,147	575,262	9,452	1,092,441	626,228	1,693,092	10,614,435	383	301,292	8463	200	8,272,491	117	48,043,114	83,015	10,747,094	412,750	67	0	Europe	medium	0	1	2
False	obj697	train	0	67	M. Chen	Golden Ratio 2025	Legacy Cycle	26.10.2025	MV202501144	3025	115	9,042,971	80,621	36,387,436	4,734,172	59,004	1,579,393	214,829	333,467	17,162,470	199	75,881	84921	186	7,954,831	120	25,024,867	15,997	21,696,836	4,781,001	23	0	Asia-Pacific	large	2	3	4
False	obj698	train	0	93	P. Singh	Silent Protocol	Final Chapter	01.06.2025	MV202501148	3445	61,5	3,704,294	96,654	36,805,450	2,336,515	32,771	1,257,890	577,696	697,295	8,112,637	428	245,191	28700	258	1,937,867	81	23,915,810	31,764	11,732,804	2,252,956	60	1	Latin America	small	4	1	2
False	obj699	train	0	56	N. Fischer	Crystal Fault 2025 2	Origin Arc	15.03.2025	MV202501151	1031	48,4	3,157,149	186,509	43,329,710	416,452	8,380	1,585,921	909,658	1,537,687	12,605,174	51	483,237	58292	12	7,556,961	120	42,990,944	1,440	8,814,205	3,309,157	28	0	Europe	small	2	1	1
False	obj700	train	0	61	Z. Ali	Winter Echo 2025	New Dawn	13.03.2025	MV202501152	3431	101,1	2,847,401	197,452	31,141,219	669,642	18,219	1,987,489	476,227	1,087,835	3,306,373	363	288,619	32018	298	710,336	40	47,449,361	30,974	19,429,970	2,820,875	81	0	Latin America	small	2	1	4
False	obj701	train	0	81	J. Martinez	Winter Echo	Standalone	21.07.2025	MV202501162	1700	45,8	4,163,779	140,229	32,423,998	3,229,366	110,917	1,031,181	225,477	781,917	15,657,789	333	140,643	8073	27	8,070,144	47	42,661,674	70,736	25,753,428	3,399,060	22	1	Europe	large	3	2	1
False	obj702	train	0	39	N. Fischer	Arctic Pulse 2025	Origin Arc	15.03.2025	MV202501163	593	39,7	19,722,045	58,091	222,817	8,739,254	309,600	907,484	2,272,405	8,541,076	17,070,731	189	81,420	57493	22	8,375,347	126	25,572,505	52,704	2,393,964	1,913,248	98	0	Europe	small	0	4	1
False	obj703	train	0	58	W. Stone	Burning Atlas	Chronicles Saga	13.04.2025	MV202501164	3111	81,9	15,377,205	178,252	10,736,467	6,663,469	149,865	145,275	2,981,928	3,777,910	7,777,230	245	272,173	31944	141	9,299,034	169	7,375,066	7,615	10,474,375	4,374,259	91	0	Americas	small	2	4	3
False	obj704	train	0	71	Y. Tanaka	Neon Horizon 2025	Universe Zero	25.11.2025	MV202501165	4226	103,9	6,639,885	75,035	13,522,767	4,938,437	180,000	51,166	1,389,295	3,013,324	18,602,630	15	212,823	44450	75	3,398,181	186	32,852,907	77,620	14,988,479	402,894	45	0	Asia-Pacific	medium	3	2	4
False	obj705	train	0	59	F. Nguyen	Solar Drift 2025	Universe Zero	28.03.2025	MV202501167	2053	40,1	6,892,632	120,110	65,128,564	2,233,426	92,761	479,493	1,551,821	2,863,095	19,205,656	147	379,341	93161	291	6,791,703	46	32,117,925	35,478	6,314,601	2,920,159	26	0	Asia-Pacific	large	2	2	1
False	obj706	train	0	84	K. Olsen	Midnight Cartel	Open Sky	06.10.2025	MV202501170	4105	64,3	1,659,017	127,917	28,453,658	84,906	3,761	1,581,055	226,527	702,112	11,712,605	141	153,068	58086	232	1,169,667	3	19,796,187	77,415	9,858,275	4,871,367	37	0	Americas	large	4	0	2
False	obj707	train	0	69	T. Kim	Digital Saints 2025	Universe Zero	02.12.2025	MV202501181	1285	55,3	31,319,087	125,479	52,157,817	1,665,892	62,744	823,806	2,441,335	6,793,138	4,425,092	111	83,332	96631	223	9,134,876	93	33,276,472	36,569	26,684,016	1,198,802	96	1	Americas	small	3	4	1
False	obj708	train	0	80	J. Martinez	Nova Protocol 2025	Final Chapter	12.06.2025	MV202501183	2570	116,6	38,105,284	86,234	2,808,996	17,947,104	644,772	669,518	6,974,924	15,124,060	7,324,089	241	380,682	58737	226	6,947,871	72	43,299,956	20,075	26,324,839	1,252,320	33	1	Europe	large	3	4	4
False	obj709	train	0	94	M. Chen	Silver Transit 2025	Prime Story	15.08.2025	MV202501185	4552	26,3	7,786,952	120,258	77,395,330	811,605	16,266	894,929	1,338,789	4,571,423	6,040,815	333	458,657	64788	245	8,817,053	161	44,712,078	51,532	14,626,005	4,629,763	24	0	Asia-Pacific	large	4	3	0
False	obj710	train	0	51	E. Brooks	Violet Engine 2025	Dark Matter	02.12.2025	MV202501186	2194	99,7	5,613,785	3,314	17,338,264	4,108,217	158,149	50,421	882,945	3,516,870	11,057,323	370	347,439	89318	101	9,809,283	142	17,063,714	64,157	21,619,745	3,286,456	81	0	Americas	small	1	2	4
False	obj711	train	0	71	C. Wright	Carbon Dreams	Legacy Cycle	16.04.2025	MV202501199	3796	21,7	1,433,206	74,690	35,805,170	887,371	26,055	888,610	112,011	213,037	14,443,694	410	194,001	83297	100	8,542,071	64	10,340,851	6,959	8,986,694	3,235,279	43	1	Europe	small	3	0	0
False	obj712	train	0	94	F. Nguyen	Deep Current 2025	Final Chapter	16.06.2025	MV202501201	1695	111,3	11,893,374	64,103	851,495	5,340,293	260,517	1,518,564	2,628,644	8,645,950	13,223,726	87	344,286	65245	89	4,612,516	77	47,364,365	41,519	20,352,868	4,698,076	18	0	Asia-Pacific	large	4	3	4
False	obj713	train	0	75	O. Dubois	Quantum Rain 2025	New Dawn	21.10.2025	MV202501202	3232	36,5	1,207,299	139,637	20,460,767	417,900	13,875	1,524,130	313,395	887,720	1,272,660	302	168,447	88867	120	9,988,371	12	19,693,279	39,006	21,330,193	590,601	99	0	Latin America	large	3	0	0
False	obj714	train	0	77	A. Volkov	Infinite Margin 2025	Origin Arc	15.08.2025	MV202501218	2406	48,4	11,680,686	7,915	26,263,479	4,801,265	206,469	1,497,546	2,348,898	7,100,159	14,747,768	274	12,895	54057	96	3,253,334	89	10,561,511	48,443	8,758,832	1,798,944	47	1	Americas	large	3	3	1
False	obj715	train	0	66	A. Volkov	Infinite Margin 2025	New Dawn	15.09.2025	MV202501222	4834	54,5	3,279,879	100,266	9,265,342	2,489,151	64,518	812,630	233,263	628,235	11,219,010	111	8,909	85793	163	3,797,278	21	9,031,655	9,593	1,639,473	1,905,110	32	0	Americas	large	2	1	1
False	obj716	train	0	44	R. Silva	Shadow Circuit 3	Universe Zero	26.07.2025	MV202501223	4785	26,7	4,171,421	70,995	39,858,742	2,065,387	82,252	1,168,763	589,022	1,216,578	5,601,958	18	29,963	56406	151	7,836,442	23	45,187,155	65,202	2,686,544	1,684,257	49	0	Latin America	large	1	2	0
False	obj717	train	0	39	M. Chen	Parallel Lines	Origin Arc	10.05.2025	MV202501224	2171	114,1	1,606,917	52,572	8,392,056	620,025	10,797	522,545	433,915	1,697,444	13,643,742	250	316,436	59959	237	7,385,404	57	49,301,203	25,695	19,795,790	4,196,398	79	1	Asia-Pacific	large	0	0	4
False	obj718	train	0	62	T. Kim	White Noise	Standalone	01.03.2025	MV202501209	3877	40,7	2,238,277	26,199	33,342,533	1,119,619	39,155	1,728,609	28,012	83,937	8,541,348	297	134,840	94947	146	2,362,428	194	18,882,459	57,214	22,532,240	4,679,018	58	0	Americas	small	2	1	1
False	obj719	train	0	54	L. Nakamura	White Noise 2025 2	Final Chapter	22.05.2025	MV202501212	3845	44,9	4,465,155	20,719	10,787,139	1,237,685	42,579	494,001	284,083	1,043,541	1,106,492	489	203,209	23674	111	7,914,341	175	18,421,371	94,488	9,413,054	4,534,230	58	0	Americas	small	1	2	1
False	obj720	train	0	68	L. Nakamura	Neon Horizon 2025	Dark Matter	19.11.2025	MV202501213	3901	77,4	2,430,488	196,847	37,210,908	714,350	33,987	495,177	356,066	1,013,495	9,377,256	109	320,613	51547	74	4,373,447	76	1,361,264	49,951	17,081,483	2,492,951	81	0	Americas	small	2	1	2
False	obj721	train	0	31	Z. Ali	Desert Oracle	Standalone	04.11.2025	MV202501214	670	119,6	24,829,636	3,541	35,321,044	8,685,341	167,218	364,014	7,053,970	27,219,876	8,095,229	73	258,396	34563	115	156,996	124	33,535,558	73,783	12,760,651	605,334	45	0	Latin America	small	0	4	4
False	obj722	train	0	91	I. Hassan	Burning Atlas	Open Sky	11.06.2025	MV202501215	3772	114,3	14,539,528	134,152	78,577,707	6,763,960	249,253	608,386	3,167,240	8,189,100	14,236,800	382	345,341	80641	109	7,416,542	67	31,332,795	14,193	15,647,211	4,352,138	94	1	Americas	large	4	4	4
False	obj723	train	0	46	K. Olsen	Violet Engine 2025	Dark Matter	11.03.2025	MV202501225	3640	19,7	755,595	49,381	31,380,234	49,633	1,142	329,645	49,046	182,307	16,335,043	335	1,215	80164	84	6,758,735	62	13,076,477	76,289	8,107,820	3,983,787	43	1	Americas	large	1	0	0
False	obj724	train	0	34	E. Brooks	Parallel Lines 2025 3	Prime Story	20.03.2025	MV202501226	2950	50,9	3,654,952	69,001	67,398,843	2,461,030	81,276	703,209	256,827	976,778	17,414,660	314	386,365	86627	101	3,677,910	180	25,165,893	6,175	27,142,131	3,236,154	52	1	Americas	small	0	1	1
False	obj725	train	0	57	P. Singh	Crystal Fault	New Dawn	10.04.2025	MV202501228	4055	30,9	26,009,679	31,480	69,307,958	16,659,822	651,521	1,768,969	1,778,116	4,169,387	5,212,686	407	481,968	457	206	2,299,097	129	44,878,222	64,616	6,277,120	933,627	19	0	Latin America	small	2	4	0
False	obj726	train	0	45	E. Brooks	Solar Drift 2025	Legacy Cycle	11.10.2025	MV202501229	2613	16,6	2,897,450	159,118	53,183,102	1,623,850	73,855	191,762	215,183	267,693	7,960,262	139	408,902	15751	127	5,377,455	173	43,565,203	22,208	15,855,176	3,465,616	91	0	Americas	small	1	1	0
False	obj727	train	0	40	B. Carter	Neon Horizon 2025	Origin Arc	26.05.2025	MV202501233	3678	19,2	11,302,687	124,777	57,304,220	4,739,536	207,234	1,232,128	1,796,710	2,473,549	3,364,764	114	58,602	33017	52	5,960,541	165	8,646,036	57,489	20,118,630	873,269	77	0	Asia-Pacific	large	0	3	0
False	obj728	train	0	84	I. Hassan	Midnight Cartel 2025 3	New Dawn	06.10.2025	MV202501244	3509	40,4	2,709,915	115,362	54,763,200	1,352,155	30,895	1,495,409	564,591	762,105	11,148,562	382	113,710	1369	31	6,736,798	126	48,345,473	63,872	14,653,611	4,189,068	24	0	Americas	large	4	1	1
False	obj729	train	0	59	S. Patel	Desert Oracle 2025	Legacy Cycle	21.03.2025	MV202501245	3963	18,6	4,858,944	159,424	25,588,395	3,289,874	66,338	8,293	559,825	1,555,095	9,475,365	41	373,816	51833	186	5,570,088	139	13,433,281	1,784	18,604,604	845,759	2	0	Europe	large	2	2	0
False	obj730	train	0	58	M. Chen	Crystal Fault 3	Dark Matter	17.08.2025	MV202501246	3250	65,7	8,532,854	189,270	59,283,425	5,097,877	174,621	1,270,248	1,051,807	1,768,457	1,539,295	469	47,424	59682	258	352,337	137	36,183,743	89,864	24,876,151	3,946,207	17	0	Asia-Pacific	large	2	3	2
False	obj731	train	0	92	V. Popov	Crystal Fault	Standalone	18.06.2025	MV202501249	2984	84,6	2,929,040	71,842	67,872,410	643,418	24,034	983,443	768,204	2,229,194	19,355,199	303	197,690	67140	54	2,108,555	116	22,691,576	22,252	21,649,806	497,724	96	0	Latin America	large	4	1	3
False	obj732	train	0	72	J. Martinez	Hyperion Rise	Chronicles Saga	22.10.2025	MV202501251	3933	108,1	5,178,480	2,486	42,148,062	1,441,196	34,776	1,755,964	929,963	3,612,544	4,102,037	308	61,946	94986	33	8,157,577	148	9,290,186	37,578	1,622,543	32,618	99	0	Europe	large	3	2	4
False	obj733	train	0	37	P. Singh	Midnight Cartel 2025	Prime Story	30.05.2025	MV202501261	4138	116,2	4,429,065	121,427	60,730,917	1,145,124	22,961	616,690	806,874	3,095,271	10,844,847	92	447,365	6731	26	7,990,308	48	22,196,634	12,699	28,251,785	3,414,244	27	0	Latin America	small	0	2	4
False	obj734	train	0	79	W. Stone	Winter Echo 2025	Origin Arc	28.08.2025	MV202501265	150	26,7	4,965,500	139,472	28,804,420	3,766,232	182,694	512,169	129,438	257,593	12,797,990	392	345,985	87805	96	8,122,424	26	19,472,134	62,993	14,718,344	4,748,888	26	0	Americas	small	3	2	0
False	obj735	train	0	35	Q. Jensen	Hyperion Rise 2025	Origin Arc	11.12.2025	MV202501266	2225	85,3	2,794,382	194,314	267,894	998,992	46,140	667,995	224,074	896,099	17,969,941	476	390,173	68582	48	9,285,359	94	26,398,611	70,677	23,239,228	2,374,013	57	0	Americas	medium	0	1	3
False	obj736	train	0	90	J. Martinez	Blue Static 2025	Standalone	27.11.2025	MV202501267	3357	73,3	22,548,171	185,032	64,878,407	17,742,829	560,890	1,575,939	5,567,208	9,601,882	9,293,677	340	153,116	54095	192	7,702,740	192	40,198,804	28,547	20,758,915	230,916	96	0	Europe	large	4	4	2
False	obj737	train	0	36	V. Popov	Kinetic Prayer 2025	Prime Story	13.03.2025	MV202501268	530	65,2	4,350,171	117,325	31,173,398	1,125,150	53,775	856,711	177,441	378,709	17,090,597	343	401,408	34310	52	360,750	77	3,697,888	42,709	14,292,958	309,892	62	1	Latin America	large	0	2	2
False	obj738	train	0	81	C. Wright	Ocean of Stars	Universe Zero	03.12.2025	MV202501279	4177	21,8	6,880,208	50,488	49,397,733	2,485,738	123,685	86,096	1,606,964	2,571,693	1,255,368	362	332,641	11639	44	9,065,043	1	48,792,533	65,946	2,357,884	3,266,906	4	0	Europe	small	3	2	0
False	obj739	train	0	37	Z. Ali	Desert Oracle 2025	Chronicles Saga	30.11.2025	MV202501280	389	64,6	14,242,446	62,646	9,728,698	9,116,700	258,545	167,172	1,759,167	2,296,987	15,930,675	216	40,163	83171	137	7,577,728	22	37,129,419	88,057	163,329	2,243,888	47	0	Latin America	small	0	4	2
False	obj740	train	0	37	L. Nakamura	Silver Transit 2025	New Dawn	04.09.2025	MV202501281	757	60,9	8,881,776	120,862	12,754,164	5,767,471	248,597	1,106,512	1,205,309	2,231,217	11,723,893	58	102,650	95068	177	1,510,449	72	22,623,753	17,670	10,906,311	2,426,383	22	0	Americas	small	0	3	2
False	obj741	train	0	63	Y. Tanaka	Infinite Margin 2025	Origin Arc	23.08.2025	MV202501283	2882	90,4	1,382,467	177,011	49,823,621	133,686	3,037	782,910	375,261	1,394,931	15,065,540	217	206,675	98256	121	8,051,980	69	42,982,592	92,369	22,386,307	1,928,801	98	1	Asia-Pacific	medium	2	0	3
False	obj742	train	0	79	A. Volkov	Ember Valley 2025 3	Open Sky	08.01.2025	MV202501286	1310	48,1	6,715,410	169,767	34,041,972	972,835	24,061	1,995,575	1,342,461	1,627,428	18,880,999	23	460,566	79507	269	1,182,684	124	46,380,507	32,777	14,728,265	1,493,911	20	0	Americas	large	3	2	1
False	obj743	train	0	42	I. Hassan	Parallel Lines	Standalone	10.07.2025	MV202501299	2558	60,2	9,398,338	40,234	52,149,338	3,974,822	52,340	610,882	1,842,198	6,192,856	3,218,631	72	115,907	36563	194	314,546	145	7,432,298	42,795	25,853,236	4,276,761	63	1	Americas	large	0	3	2
False	obj744	train	0	59	O. Dubois	Parallel Lines	Open Sky	09.08.2025	MV202501300	2531	18,8	9,929,934	68,029	24,885,438	3,417,594	132,638	77,583	2,502,482	3,676,248	17,701,709	434	427,105	13029	220	4,909,151	59	37,975,852	69,088	24,131,834	21,241	64	1	Latin America	large	2	3	0
False	obj745	train	0	65	E. Brooks	Frozen Ledger 2025	Universe Zero	29.01.2025	MV202501301	3373	74,9	9,939,167	198,371	29,887,574	4,217,249	172,760	799,787	2,861,516	10,537,711	916,980	223	313,599	67875	121	9,076,765	172	40,688,225	9,320	20,068,368	1,264,137	63	0	Americas	small	2	3	2
False	obj746	train	0	35	O. Dubois	Ember Valley 2025	Origin Arc	06.04.2025	MV202501303	1341	77,9	7,531,263	192,455	77,154,616	711,710	28,119	1,681,066	1,655,785	2,750,473	4,568,277	402	49,484	92363	82	2,309,919	182	12,304,884	96,619	4,016,968	4,797,753	45	0	Latin America	large	0	3	2
False	obj747	train	0	76	G. Murphy	Silent Protocol	Open Sky	14.10.2025	MV202501305	1353	106,4	3,416,185	115,830	19,817,961	917,865	23,103	519,420	1,009,293	1,553,387	10,055,259	211	252,960	96040	140	7,748,168	193	43,331,571	17,993	15,471,542	357,194	34	0	Europe	medium	3	1	4
False	obj748	train	0	80	Q. Jensen	White Noise	New Dawn	01.06.2025	MV202501316	4327	98	17,637,353	14,153	71,278,171	3,063,371	81,836	1,157,604	3,226,915	4,436,198	11,510,018	324	55,716	86765	143	8,586,168	10	19,903,959	39,730	1,637,461	2,167,325	87	1	Americas	medium	3	4	3
False	obj749	train	0	50	I. Hassan	Crimson Archive 2025	Final Chapter	15.11.2025	MV202501318	3530	68	4,386,366	199,246	35,764,855	1,545,978	31,144	1,004,492	719,357	2,754,184	4,686,642	436	472,518	56988	132	8,993,817	51	40,718,674	59,040	10,647,983	578,303	99	0	Americas	large	1	2	2
False	obj750	train	0	45	T. Kim	Desert Oracle	Chronicles Saga	15.07.2025	MV202501319	146	30,9	11,146,696	107,186	72,504,458	4,286,554	74,159	587,623	2,477,280	8,745,642	6,171,708	304	414,928	79581	243	6,407,125	89	21,007,019	32,605	17,036,963	3,350,539	16	0	Americas	small	1	3	0
False	obj751	train	0	86	S. Patel	Solar Drift 2025	Open Sky	25.04.2025	MV202501320	2987	57,9	2,963,662	21,330	58,172,785	410,827	15,761	762,476	591,433	1,670,562	468,662	137	220,048	4815	129	3,052,758	119	2,999,161	34,711	24,162,300	324,550	9	0	Europe	large	4	1	1
False	obj752	train	0	49	I. Hassan	Parallel Lines 2025	Final Chapter	07.02.2025	MV202501321	4887	74,3	58,146,007	10,964	49,894,235	30,043,312	1,314,563	851,961	12,143,692	37,631,332	12,809,841	413	261,318	89253	249	3,083,007	16	44,823,993	42,664	21,675,441	480,085	47	0	Americas	large	1	4	2
False	obj753	train	0	39	F. Nguyen	Burning Atlas 2025 2	Chronicles Saga	09.03.2025	MV202501333	4324	80	2,219,308	22,754	62,926,230	1,252,863	13,378	355,549	90,986	171,471	2,811,124	428	262,941	55140	261	5,330,623	122	8,337,865	41,450	729,181	1,308,562	38	1	Asia-Pacific	large	0	1	3
False	obj754	train	0	30	N. Fischer	Midnight Cartel 2025	Dark Matter	10.01.2025	MV202501337	836	38,2	20,756,551	78,430	54,536,354	11,975,037	353,571	87,694	374,089	1,196,123	8,610,492	120	60,638	39132	1	8,303,663	3	28,877,267	76,853	27,120,663	1,850,841	84	0	Europe	small	0	4	1
False	obj755	train	0	31	L. Nakamura	Echo Chamber 2025 4	Standalone	24.02.2025	MV202501338	1750	105,3	17,485,313	33,919	7,602,835	10,877,312	534,092	210,410	4,813,857	12,816,629	18,626,362	3	372,064	84307	33	4,866,039	69	22,821,873	34,354	27,574,210	3,714,887	92	0	Americas	small	0	4	4
False	obj756	train	0	81	B. Carter	Electric Mirage 2025	Legacy Cycle	08.09.2025	MV202501234	699	41,1	893,712	101,221	32,151,453	561,377	12,603	1,200,347	104,269	257,821	1,042,241	237	314,587	83016	52	9,823,337	150	10,834,256	41,109	17,959,593	2,616,204	47	0	Asia-Pacific	large	3	0	1
False	obj757	train	0	87	V. Popov	Nova Protocol 2025 4	Open Sky	13.09.2025	MV202501235	445	72,1	7,951,141	146,375	9,254,408	4,856,221	201,930	190,070	2,314,567	8,472,885	15,871,999	382	495,688	70661	0	1,929,459	47	40,309,244	37,475	12,618,474	2,102,621	1	1	Latin America	large	4	3	2
False	obj758	train	0	84	M. Chen	Northern Code 2025 3	Final Chapter	27.03.2025	MV202501236	4646	86,1	3,740,111	41,492	79,175,490	2,953,427	117,338	260,992	915,359	2,088,594	16,757,586	113	58,485	9449	15	5,497,345	31	5,270,189	6,380	2,571,453	2,244,390	60	0	Asia-Pacific	large	4	1	3
False	obj759	train	0	40	D. Rossi	Digital Saints	New Dawn	27.03.2025	MV202501238	3636	49,3	5,157,400	57,580	53,146,766	3,997,739	132,721	734,480	599,477	862,803	6,742,620	75	356,677	86374	187	6,181,371	167	34,704,910	67,768	10,436,273	1,968,825	12	0	Latin America	medium	0	2	1
False	obj760	train	0	68	E. Brooks	Silver Transit 2025	Legacy Cycle	25.07.2025	MV202501239	3911	103,6	31,162,248	194,163	25,386,703	20,621,737	995,700	187,323	5,316,686	10,221,664	14,466,376	58	146,381	80596	93	3,642,609	61	20,823,438	21,683	27,459,205	4,676,164	44	0	Americas	small	2	4	4
False	obj761	train	0	69	I. Hassan	Neon Horizon 2025	Standalone	14.06.2025	MV202501240	2883	24,7	3,768,764	95,169	65,153,095	1,065,425	18,839	14,978	1,069,349	1,649,245	19,609,493	45	246,460	88293	26	289,271	20	32,512,563	3,677	3,105,861	628,612	21	1	Americas	large	3	1	0
False	obj762	train	0	45	A. Volkov	Solar Drift 2025	Prime Story	14.07.2025	MV202501241	252	18,1	10,949,130	12,823	5,115,363	3,484,473	142,806	1,299,954	2,772,196	9,038,279	6,343,847	427	390,573	72279	212	8,731,486	110	47,963,368	85,180	2,253,620	2,105,728	28	0	Americas	large	1	3	0
False	obj763	train	0	64	C. Wright	Last Signal 2025	Final Chapter	31.08.2025	MV202501242	1184	118,6	8,978,283	55,022	60,234,005	2,584,198	40,918	457,726	849,130	3,023,144	12,884,415	447	441,153	12629	21	792,341	184	13,085,575	5,481	15,555,582	4,746,372	59	0	Europe	small	2	3	4
False	obj764	train	0	61	I. Hassan	Burning Atlas 2025	Legacy Cycle	03.11.2025	MV202501252	26	22,8	4,587,106	39,548	51,039,572	2,102,492	103,830	875,398	1,092,438	3,575,770	4,626,197	61	111,666	20886	18	2,502,073	53	8,452,519	84,231	9,394,790	155,867	85	0	Americas	large	2	2	0
False	obj765	train	0	33	M. Chen	Solar Drift 2	New Dawn	15.07.2025	MV202501254	3290	104,2	4,423,467	42,711	72,434,660	1,584,592	21,589	1,146,184	917,906	3,637,997	14,372,672	348	499,449	98920	177	3,369,593	44	29,748,504	49,007	21,791,918	4,205,117	25	1	Asia-Pacific	large	0	2	4
False	obj766	train	0	92	V. Popov	Northern Code 2025	Dark Matter	19.04.2025	MV202501255	1124	15,9	5,067,205	175,835	71,693,530	357,801	7,682	1,839,091	193,980	513,776	901,675	71	48,250	18251	81	9,737,742	59	14,927,710	55,888	27,950,329	1,219,172	36	0	Latin America	large	4	2	0
False	obj767	train	0	90	Y. Tanaka	Crystal Fault 2025 4	New Dawn	23.04.2025	MV202501256	981	102,6	1,261,275	25,964	65,157,450	426,869	21,114	1,813,059	347,362	1,144,386	684,120	172	274,366	66143	181	8,471,060	62	48,765,182	32,082	27,611,794	2,685,547	56	0	Asia-Pacific	medium	4	0	4
False	obj768	train	0	89	S. Patel	White Noise 2025	Dark Matter	17.08.2025	MV202501257	3664	42,6	7,842,602	52,781	79,684,300	6,267,598	71,103	629,257	1,770,812	2,400,316	19,154,967	180	42,460	89354	110	6,905,077	65	24,217,270	98,693	288,592	3,935,319	4	0	Europe	large	4	3	1
False	obj769	train	0	59	N. Fischer	Solar Drift	Chronicles Saga	06.02.2025	MV202501258	273	77,7	21,207,699	69,888	50,335,432	4,624,499	55,894	1,260,193	1,795,730	2,250,936	1,443,218	127	392,598	95343	107	5,191,472	1	2,451,191	4,020	8,813,944	112,492	71	0	Europe	small	2	4	2
False	obj770	train	0	39	N. Fischer	Echo Chamber 2025	Standalone	14.08.2025	MV202501259	4519	98,2	2,656,817	116,234	11,366,109	832,261	17,711	850,055	304,927	635,930	8,441,036	41	96,208	3952	141	3,314,016	15	49,387,020	11,210	20,027,626	533,836	81	0	Europe	small	0	1	3
False	obj771	train	0	55	F. Nguyen	Crystal Fault 2025 2	Chronicles Saga	25.02.2025	MV202501260	2104	27,3	9,299,143	14,324	34,632,682	2,823,673	59,243	1,898,816	151,064	386,080	15,324,814	360	193,639	18869	231	8,147,047	125	34,539,061	89,271	23,306,803	781,548	24	0	Asia-Pacific	large	1	3	0
False	obj772	train	0	37	P. Singh	Parallel Lines 2025 2	Standalone	29.04.2025	MV202501270	4938	51,6	1,392,018	190,414	78,709,259	657,257	24,449	1,292,642	379,631	725,346	4,336,855	473	145,040	18888	202	7,210,107	71	43,088,910	74,585	29,923,975	4,433,074	52	0	Latin America	small	0	0	1
False	obj773	train	0	30	S. Patel	Lunar Cartography	Prime Story	26.01.2025	MV202501273	66	93,1	639,800	92,092	8,191,740	99,517	1,270	1,190,324	59,400	205,080	4,987,043	344	228,195	98837	54	3,644,129	105	4,984,524	62,032	6,660,525	1,788,022	2	0	Europe	large	0	0	3
False	obj774	train	0	52	F. Nguyen	Obsidian Heart	Standalone	29.05.2025	MV202501288	2116	43,1	9,139,499	126,426	3,346,754	1,154,971	24,247	1,954,833	149,879	208,284	8,556,412	301	418,929	21626	231	4,728,219	140	7,269,962	77,430	16,852,662	4,466,447	58	0	Asia-Pacific	large	1	3	1
False	obj775	train	0	43	P. Singh	Velvet Storm	Prime Story	11.06.2025	MV202501290	3447	86,2	4,569,536	110,429	9,396,086	2,603,437	29,338	1,086,144	835,733	1,750,794	2,177,258	146	350,620	78977	278	1,077,890	89	27,529,570	47,892	12,325,542	1,141,325	97	0	Latin America	small	1	2	3
False	obj776	train	0	51	W. Stone	Solar Drift	Open Sky	03.01.2025	MV202501291	1258	81,3	2,873,326	99,182	20,687,867	1,799,814	19,744	620,738	299,040	1,007,582	10,925,389	217	189,767	51509	140	8,117,805	130	19,434,916	73,822	13,923,264	2,383,159	50	0	Americas	small	1	1	3
False	obj777	train	0	89	H. Andersson	Obsidian Heart 2025 3	Standalone	06.10.2025	MV202501293	3269	87	1,810,867	170,718	40,340,849	1,377,300	63,800	126,684	221,451	828,062	9,726,872	23	363,456	16343	51	6,719,846	75	25,179,023	2,323	16,377,946	375,392	44	1	Asia-Pacific	large	4	0	3
False	obj778	train	0	37	E. Brooks	Silver Transit 2025	Origin Arc	14.12.2025	MV202501306	1208	104,1	7,119,951	198,780	17,844,117	5,631,709	102,401	530,550	1,913,479	2,595,532	17,383,332	345	257,056	2010	255	2,164,553	187	11,967,015	32,877	19,454,033	1,193,249	93	0	Americas	small	0	3	4
False	obj779	train	0	71	R. Silva	Feral Harmony 2025 4	Chronicles Saga	25.03.2025	MV202501307	3224	37	31,622,570	61,782	12,183,567	3,320,154	162,305	1,021,780	1,240,197	2,597,147	5,251,516	247	276,812	58362	230	6,356,470	91	24,379,651	36,992	847,778	125,691	37	0	Latin America	large	3	4	0
False	obj780	train	0	80	I. Hassan	Crystal Fault 2025	Open Sky	03.06.2025	MV202501309	1840	35,5	9,822,655	196,361	73,159,292	3,157,605	88,712	1,436,459	860,805	2,403,677	10,546,157	199	73,403	60469	30	8,032,721	70	15,783,974	72,349	9,409,720	2,408,366	28	0	Americas	large	3	3	0
False	obj781	train	0	37	B. Carter	Silver Transit 2025	Chronicles Saga	26.08.2025	MV202501311	1026	100,7	20,648,105	188,465	18,192,111	1,905,837	87,476	106,908	236,412	713,742	8,436,043	47	350,088	33090	64	4,959,416	179	49,313,857	20,819	21,905,536	2,338,320	57	0	Asia-Pacific	large	0	4	4
False	obj782	train	0	80	S. Patel	Iron Garden	Chronicles Saga	13.12.2025	MV202501312	2851	55,4	17,983,705	32,787	20,819,192	9,140,510	381,418	1,078,164	1,834,431	2,889,584	13,126,594	222	223,033	19281	29	8,611,153	59	32,706,975	26,765	23,489,958	575,209	70	0	Europe	large	3	4	1
False	obj783	train	0	61	P. Singh	Ember Valley	Chronicles Saga	14.03.2025	MV202501313	3691	85,3	12,064,218	170,759	18,289,186	7,542,391	267,352	1,055,932	1,683,671	2,046,518	8,893,970	160	54,904	54163	104	6,463,133	23	1,525,894	19,149	19,590,909	2,172,812	13	1	Latin America	small	2	3	3
False	obj784	train	0	30	Z. Ali	Stone Butterfly 2025	New Dawn	14.11.2025	MV202501314	3084	92,9	3,970,493	159,260	77,490,689	1,414,037	54,860	109,278	503,072	984,455	5,442,215	0	40,588	98724	117	3,720,393	90	34,719,278	46,143	12,577,596	3,211,990	76	0	Latin America	small	0	1	3
False	obj785	train	0	34	T. Kim	Electric Mirage	Origin Arc	01.05.2025	MV202501324	1627	47,1	9,053,895	138,855	20,492,877	4,642,393	192,722	182,897	2,042,791	5,440,453	83,672	60	323,976	33887	121	2,764,641	19	48,281,003	87,009	3,079,754	3,112,821	76	0	Americas	small	0	3	1
False	obj786	train	0	73	L. Nakamura	Solar Drift	Legacy Cycle	27.03.2025	MV202501325	2284	79	5,094,362	47,022	55,896,543	3,371,745	46,665	409,112	272,036	592,608	14,843,288	395	442,924	32589	131	5,517,078	98	44,323,988	37,378	369,472	3,547,288	85	0	Americas	small	3	2	3
False	obj787	train	0	94	G. Murphy	Silver Transit	Universe Zero	22.01.2025	MV202501326	3106	47	2,707,722	37,517	58,776,342	1,101,750	34,002	1,497,020	560,050	1,576,155	17,345,816	374	11,649	42777	225	6,300,365	72	25,331,992	46,303	6,527,572	97,347	6	0	Europe	medium	4	1	1
False	obj788	train	0	42	P. Singh	Glass Reactor 2025	Chronicles Saga	24.08.2025	MV202501327	1622	94,4	633,778	170,037	50,876,489	209,119	5,848	49,008	10,029	33,810	16,710,895	383	414,715	87441	281	4,438,283	184	37,855,985	85,118	16,344,602	3,482,972	42	0	Latin America	small	0	0	3
False	obj789	train	0	50	Y. Tanaka	Midnight Cartel 2025	Final Chapter	30.11.2025	MV202501330	2729	88,6	3,439,393	130,303	52,044,211	663,762	17,660	352,496	46,828	138,345	13,731,611	191	150,041	14017	95	5,471,163	109	29,121,709	79,359	50,137	4,831,046	54	0	Asia-Pacific	medium	1	1	3
False	obj790	train	0	42	Z. Ali	Nova Protocol	Prime Story	03.06.2025	MV202501342	259	119,4	3,234,117	19,333	19,793,459	2,408,055	118,265	1,228,157	493,584	1,077,388	10,987,295	277	276,854	44561	184	2,112,867	169	37,144,745	61,843	27,114,157	131,501	91	0	Latin America	small	0	1	4
False	obj791	train	0	92	H. Andersson	Midnight Cartel 3	New Dawn	26.05.2025	MV202501343	2128	60,6	8,544,432	92,760	65,329,483	2,903,805	73,456	661,854	1,871,634	2,496,133	5,229,668	176	372,339	7775	260	8,856,990	61	39,714,719	82,817	17,207,776	2,823,926	35	0	Asia-Pacific	large	4	3	2
False	obj792	train	0	84	J. Martinez	Golden Ratio	Dark Matter	08.09.2025	MV202501345	435	104,3	69,240,958	45,476	72,101,559	14,851,170	320,493	209,296	993,002	2,389,306	9,495,126	395	296,235	69605	261	5,816,754	129	36,722,731	32,838	25,337,953	4,405,753	57	1	Europe	large	4	4	4
False	obj793	train	0	92	N. Fischer	Shadow Circuit 2025	Chronicles Saga	12.08.2025	MV202501346	2026	94,7	3,156,479	102,015	63,880,529	1,557,164	44,897	1,104,653	936,265	1,923,582	2,328,925	345	316,867	74511	111	4,953,390	121	29,973,187	46,184	4,904,970	1,885,666	73	1	Europe	small	4	1	3
False	obj794	train	0	48	C. Wright	Paper Kingdom 2025	Origin Arc	24.05.2025	MV202501349	2502	98,1	1,917,594	90,467	74,980,137	1,282,127	22,770	1,303,849	199,143	673,029	10,237,115	163	88,061	40242	142	7,261,527	2	43,408,851	52,268	18,132,552	1,117,965	19	1	Europe	small	1	0	3
False	obj795	train	0	61	E. Brooks	Echo Chamber	Final Chapter	04.01.2025	MV202501360	3343	115,4	4,956,659	175,732	64,328,692	3,143,059	139,739	1,320,016	1,122,419	1,955,590	1,585,728	189	10,423	69291	87	6,936,191	75	23,151,129	58,987	15,307,960	1,466,758	23	0	Americas	small	2	2	4
False	obj796	train	0	60	K. Olsen	Frozen Ledger 2025	Dark Matter	15.05.2025	MV202501361	2199	62,4	17,301,696	154,986	14,460,861	5,967,339	64,780	388,792	256,822	934,576	10,931,008	406	155,147	70442	285	5,883,855	75	2,508,950	70,420	25,648,301	3,629,451	68	0	Americas	large	2	4	2
False	obj797	train	0	91	V. Popov	Arctic Pulse 2025	Open Sky	07.10.2025	MV202501365	3202	39,7	4,265,497	120,544	662,392	1,879,718	76,392	1,036,482	1,083,188	2,003,298	18,258,237	493	148,509	53923	71	5,840,855	149	44,957,978	28,530	1,588,163	1,407,258	29	0	Latin America	large	4	2	1
False	obj798	train	0	46	B. Carter	Hyperion Rise 2025 4	Open Sky	01.12.2025	MV202501367	1421	108,5	3,342,285	197,027	31,501,240	1,852,495	88,814	1,675,063	242,291	921,898	19,996,340	239	385,783	77319	242	8,144,724	18	49,121,177	77,770	2,011,459	2,016,276	40	0	Asia-Pacific	large	1	1	4
False	obj799	train	1	42	A. Volkov	Paper Kingdom 2025	Legacy Cycle	20.07.2025	MV202501368	1622	57,4	105,155,792	28,568	63,951,801	21,632,892	328,669	1,369,710	17,340,262	50,666,894	8,427,581	13	126,432	39650	242	2,768,052	97	1,515,756	31,280	11,824,420	1,345,121	95	1	Americas	large	0	4	1
False	obj800	train	0	35	D. Rossi	Thunder Archive	Legacy Cycle	08.02.2025	MV202501353	4994	18,2	5,737,118	126,777	48,142,968	1,033,975	32,675	1,811,424	907,103	2,529,464	18,835,354	497	388,547	89276	289	7,927,849	157	32,312,399	51,689	8,216,847	2,860,864	24	0	Latin America	medium	0	2	0
False	obj801	train	0	51	Z. Ali	Kinetic Prayer	Chronicles Saga	20.11.2025	MV202501354	701	30,6	15,695,398	68,198	63,983,627	4,322,262	159,409	1,576,200	2,485,947	8,220,657	4,623,978	25	347,509	49829	8	6,791,724	55	24,560,654	99,497	8,308,515	4,918,123	84	0	Latin America	small	1	4	0
False	obj802	train	0	93	D. Rossi	Stone Butterfly	Legacy Cycle	07.06.2025	MV202501355	4461	36,2	12,835,839	129,343	44,497,158	5,491,726	209,264	959,346	1,627,345	2,961,479	16,022,686	398	229,595	40722	211	9,742,280	37	43,800,251	68,658	19,218,661	3,529,488	40	0	Latin America	medium	4	3	0
False	obj803	train	0	74	Q. Jensen	Feral Harmony 2025	Final Chapter	26.11.2025	MV202501356	1997	45,6	7,062,515	135,123	38,055,431	1,514,755	65,698	743,122	1,888,773	6,397,193	18,123,867	253	176,772	34265	135	7,144,755	177	18,109,579	13,809	18,281,527	4,822,693	50	0	Americas	medium	3	2	1
False	obj804	train	0	77	H. Andersson	Velvet Storm 2025	Open Sky	17.10.2025	MV202501357	308	110,8	6,658,582	56,481	21,501,170	4,847,308	111,370	364,912	433,684	1,531,464	7,798,757	320	77,702	98609	243	1,730,582	66	47,980,219	55,539	27,389,570	4,565,693	75	0	Asia-Pacific	large	3	2	4
False	obj805	train	0	76	N. Fischer	Solar Drift	Open Sky	27.03.2025	MV202501359	1488	86,2	9,684,896	71,857	3,434,075	5,396,283	245,498	807,127	2,327,851	5,715,494	7,297,755	237	260,713	21218	44	712,418	2	45,329,373	49,540	22,446,454	15,920	34	1	Europe	small	3	3	3
False	obj806	train	0	35	Q. Jensen	Midnight Cartel 2025	Chronicles Saga	25.01.2025	MV202501369	1447	25,8	1,884,264	172,820	49,263,276	1,373,234	62,989	1,835,784	375,200	622,027	183,035	11	337,055	16289	5	2,460,952	77	1,294,163	63,298	11,981,605	2,131,581	41	1	Americas	medium	0	0	0
False	obj807	train	0	79	G. Murphy	Digital Saints 2025	Legacy Cycle	12.09.2025	MV202501373	2325	71	25,029,106	193,769	36,375,070	14,270,916	332,850	146,060	3,960,683	12,947,956	5,146,302	21	336,330	61843	150	7,352,363	3	34,940,136	53,567	29,062,080	3,349,382	5	0	Europe	medium	3	4	2
False	obj808	train	0	36	J. Martinez	Hyperion Rise 2025	Standalone	25.06.2025	MV202501375	2225	112,1	9,225,037	126,840	61,087,988	5,197,434	95,459	372,453	1,648,794	4,853,579	17,598,632	71	446,803	68135	230	3,676,907	69	46,423,147	99,269	24,568,704	4,440,564	30	0	Europe	large	0	3	4
False	obj809	train	0	88	K. Olsen	Paper Kingdom 2025	Prime Story	01.11.2025	MV202501376	587	72,4	3,864,591	5,993	54,566,275	897,400	11,825	1,079,038	689,175	1,808,186	15,237,185	273	265,377	18680	264	9,402,399	3	42,324,091	34,010	5,403,300	4,345,323	50	0	Americas	large	4	1	2
False	obj810	train	0	81	N. Fischer	Ember Valley 2025	Dark Matter	26.11.2025	MV202501377	3312	73,9	5,582,848	151,198	50,806,665	2,743,327	107,674	1,665,172	1,297,419	4,294,868	6,829,450	209	334,657	67891	113	4,677,580	179	45,610,030	44,750	28,178,812	4,036,166	50	0	Europe	small	3	2	2
False	obj811	train	0	44	L. Nakamura	Last Signal 2025	Legacy Cycle	19.02.2025	MV202501387	1832	82,8	7,236,316	11,685	24,563,469	3,732,048	173,299	301,979	2,057,534	6,603,963	8,371,277	351	180,699	96450	182	7,051,469	137	31,447,141	22,993	24,130,548	2,525,623	29	0	Americas	small	1	3	3
False	obj812	train	0	86	H. Andersson	Digital Saints	Final Chapter	18.09.2025	MV202501388	439	96,3	35,531,020	132,361	63,327,731	4,097,332	72,606	1,940,763	7,770,472	21,849,992	1,159,701	470	319,452	21546	279	2,741,115	113	20,370,613	32,173	15,823,461	3,461,917	93	0	Asia-Pacific	large	4	4	3
False	obj813	train	0	91	L. Nakamura	Lunar Cartography	Final Chapter	14.05.2025	MV202501389	773	41,1	79,909,918	160,167	39,266,922	9,634,895	208,202	41,279	10,634,193	24,882,022	9,995,523	65	320,140	14005	158	7,293,678	104	1,209,048	71,923	19,151,779	2,918,505	33	0	Americas	small	4	4	1
False	obj814	train	0	59	E. Brooks	Golden Ratio 2025 4	New Dawn	02.04.2025	MV202501391	2028	69,2	1,675,318	74,376	52,567,459	167,361	5,884	594,214	196,858	379,845	9,085,560	355	417,005	710	6	8,055,766	87	34,147,513	70,922	28,649,918	2,423,480	41	0	Americas	small	2	0	2
False	obj815	train	0	54	R. Silva	Iron Garden 2025 4	Dark Matter	01.05.2025	MV202501392	1045	41,2	5,596,496	184,041	28,991,006	1,104,640	23,724	1,906,950	1,040,544	3,454,055	10,735,020	193	7,732	18899	109	2,483,184	21	21,195,881	82,972	9,342,096	533,161	26	1	Latin America	large	1	2	1
False	obj816	train	0	59	G. Murphy	Midnight Cartel 2025	Standalone	07.09.2025	MV202501394	17	102,5	916,223	131,437	2,313,377	437,442	18,409	1,755,913	259,941	703,402	14,672,490	83	317,606	86221	78	968,927	123	19,453,067	55,584	8,862,476	772,765	56	0	Europe	medium	2	0	4
False	obj817	train	0	42	C. Wright	Burning Atlas 2025	Origin Arc	28.03.2025	MV202501395	1462	48,5	3,152,510	198,139	3,509,408	720,355	7,589	16,398	834,738	2,356,398	514,491	434	431,503	76840	153	69,268	49	23,106	92,774	13,681,938	768,881	97	0	Europe	small	0	1	1
False	obj818	train	0	79	J. Martinez	Neon Horizon 2025	Prime Story	06.11.2025	MV202501406	3405	72,3	14,162,775	114,731	21,711,614	2,357,221	47,417	1,208,953	549,726	2,151,629	6,115,330	239	348,621	51677	174	7,153,292	83	19,548,116	73,730	21,018,330	2,632,221	48	0	Europe	large	3	4	2
False	obj819	train	0	52	Q. Jensen	Echo Chamber	Chronicles Saga	01.08.2025	MV202501407	3663	20,9	1,419,675	167,461	58,887,063	746,549	26,582	55,493	81,125	170,330	13,265,033	67	209,960	37050	209	4,900,920	12	45,334,075	99,498	15,945,734	4,647,522	92	0	Americas	medium	1	0	0
False	obj820	train	0	44	M. Chen	Deep Current 2025	Legacy Cycle	24.11.2025	MV202501408	4064	75,2	51,832,413	103,733	36,087,231	9,222,411	169,583	1,562,605	8,272,276	26,022,814	4,835,387	290	153,524	17104	70	7,435,692	52	29,150,051	17,242	5,293,231	1,848,902	51	0	Asia-Pacific	large	1	4	2
False	obj821	train	0	80	E. Brooks	Midnight Cartel 2025	Origin Arc	25.12.2025	MV202501409	2319	23,1	2,143,064	119,426	41,150,787	854,915	22,626	267,681	500,886	1,583,969	3,077,171	49	128,217	90277	9	5,246,634	14	48,114,551	287	18,939,660	2,422,977	23	0	Americas	small	3	0	0
False	obj822	train	0	42	Q. Jensen	Infinite Margin 2025	Chronicles Saga	06.05.2025	MV202501410	3306	34,1	2,506,598	127,699	47,397,543	1,487,467	47,437	1,885,218	314,435	410,539	3,421,104	75	179,993	72205	26	6,780,095	191	11,388,153	35,100	26,174,656	2,374,238	64	0	Americas	medium	0	1	0
False	obj823	train	0	81	J. Martinez	Blue Static	Legacy Cycle	11.07.2025	MV202501412	2740	32,3	7,831,971	73,260	28,623,222	2,851,796	55,879	741,332	1,883,318	5,185,680	10,516,317	76	130,317	20989	169	4,387,599	105	19,477,426	56,054	1,313,865	1,726,180	35	0	Europe	large	3	3	0
False	obj824	train	0	46	D. Rossi	Broken Compass 2025	Prime Story	23.10.2025	MV202501413	3034	117,2	1,654,120	5,342	36,403,912	918,610	20,747	666,361	21,357	66,256	7,833,567	390	257,911	76532	190	7,476,011	129	16,153,735	93,331	26,025,500	2,484,185	78	0	Latin America	medium	1	0	4
False	obj825	train	0	57	R. Silva	Ember Valley 2025	Prime Story	30.11.2025	MV202501424	4148	44,6	16,776,145	82,774	74,918,092	8,716,073	168,309	933,413	2,022,991	6,160,669	598,225	262	367,270	73173	219	1,091,365	58	41,965,483	28,999	23,141,160	1,859,597	60	0	Latin America	large	2	4	1
False	obj826	train	0	57	R. Silva	Blue Static 2	New Dawn	03.12.2025	MV202501425	1576	17,1	5,527,517	137,573	58,559,910	4,293,270	181,279	1,835,039	1,214,385	2,045,470	615,339	284	104,000	71294	124	565,984	52	6,504,588	5,899	1,203,026	4,237,042	68	1	Latin America	large	2	2	0
False	obj827	train	0	81	O. Dubois	Jade Frequency 2025	Final Chapter	27.02.2025	MV202501427	86	41,9	576,562	126,397	76,302,642	44,292	1,990	373,631	23,328	48,738	4,309,018	424	18,016	20006	269	1,868,926	1	7,251,577	73,366	16,372,208	4,942,266	32	0	Latin America	large	3	0	1
False	obj828	train	0	76	V. Popov	Glass Reactor 2025	Universe Zero	12.02.2025	MV202501431	2666	55,5	7,695,166	146,726	54,339,930	2,960,041	74,753	1,685,326	2,251,856	5,231,691	17,632,277	281	431,733	95110	126	1,103,548	17	48,213,337	55,467	49,366	1,196,842	2	0	Latin America	large	3	3	1
False	obj829	train	0	40	S. Patel	Violet Engine 2025	Legacy Cycle	26.04.2025	MV202501441	2823	19,6	1,681,267	132,593	16,120,245	315,205	9,196	932,644	287,847	829,743	19,810,561	308	397,964	70546	208	5,163,858	188	3,785,136	6,211	21,323,606	3,186,379	22	0	Europe	large	0	0	0
False	obj830	train	0	33	K. Olsen	Silver Transit	Dark Matter	09.05.2025	MV202501442	1633	33,8	16,556,910	155,770	44,809,830	5,137,556	73,580	1,301,243	3,783,849	12,515,975	14,169,638	72	175,029	45785	274	2,223,735	168	2,291,187	19,999	10,666,381	3,366,586	65	0	Americas	large	0	4	0
False	obj831	train	0	45	Q. Jensen	Neon Horizon	Final Chapter	13.06.2025	MV202501443	489	50	4,470,234	130,496	31,402,935	1,846,749	51,881	434,632	1,221,539	2,796,521	5,382,469	486	235,881	8453	106	8,282,290	166	36,729,212	14,983	9,479,654	2,078,716	6	0	Americas	medium	1	2	1
False	obj832	train	0	32	M. Chen	Burning Atlas 2025	Legacy Cycle	15.12.2025	MV202501444	3169	50,9	2,998,038	13,756	69,633,707	963,161	24,696	160,143	460,744	1,416,860	15,317,792	297	153,286	89815	18	8,252,069	117	16,370,190	67,660	23,702,132	4,524,625	67	0	Asia-Pacific	large	0	1	1
False	obj833	train	0	39	B. Carter	Jade Frequency	Open Sky	13.05.2025	MV202501446	4180	62,7	9,887,462	151,221	77,630,579	597,271	11,869	897,937	2,332,784	6,850,195	6,584,702	199	149,199	93910	54	490,946	115	21,901,710	33,169	26,563,194	2,474,378	39	0	Asia-Pacific	large	0	3	2
False	obj834	train	0	54	N. Fischer	Iron Garden 2025 4	Standalone	13.05.2025	MV202501448	3476	47,6	4,301,298	103,160	30,825,000	2,860,783	111,457	1,255,711	711,129	2,269,559	11,159,391	310	269,631	45137	59	8,971,527	50	32,858,495	48,763	9,220,265	4,026,079	10	0	Europe	small	1	2	1
False	obj835	train	0	75	F. Nguyen	Golden Ratio 2025 3	Final Chapter	22.03.2025	MV202501449	703	71,4	6,056,808	46,985	42,207,976	598,008	17,826	126,206	919,112	1,154,539	12,796,158	107	37,684	69083	35	4,251,619	173	35,916,298	42,419	9,321,443	3,371,649	39	0	Asia-Pacific	large	3	2	2
False	obj836	train	1	78	O. Dubois	Final Orbit 2025	Origin Arc	16.05.2025	MV202501459	2919	71,6	168,725,514	196,317	7,790,482	60,547,301	1,585,181	1,464,465	28,665,902	47,480,869	5,656,292	421	446,130	63862	135	7,928,303	190	14,460,312	8,055	19,205,862	1,024,258	19	1	Latin America	large	3	4	2
False	obj837	train	0	40	Z. Ali	Lunar Cartography 2025 4	Origin Arc	04.07.2025	MV202501460	4132	95,8	9,458,473	170,113	30,304,745	1,573,702	70,836	85,780	2,788,957	8,774,368	3,782,706	130	294,957	3270	237	6,768,970	106	49,354,521	32,656	27,349,310	2,699,148	63	0	Latin America	small	0	3	3
False	obj838	train	0	78	P. Singh	Velvet Storm 2025	Standalone	30.08.2025	MV202501461	4521	72,2	21,908,656	158,043	32,767,025	4,482,788	160,028	611,801	743,556	1,630,893	13,838,099	228	260,250	94735	23	1,888,667	195	36,140,306	34,907	19,614,912	4,621,001	1	1	Latin America	small	3	4	2
False	obj839	train	0	87	E. Brooks	Velvet Storm 2025 2	Final Chapter	29.10.2025	MV202501463	907	21,1	5,865,354	19,337	68,081,867	1,418,309	43,406	468,439	902,755	1,716,486	14,068,207	299	374,728	92807	40	6,767,653	162	6,585,735	38,800	23,636,601	4,981,176	56	0	Americas	small	4	2	0
False	obj840	train	0	92	B. Carter	Stone Butterfly 2025	Final Chapter	22.06.2025	MV202501464	3807	17,4	2,426,733	181,146	14,948,919	1,908,153	60,935	1,294,305	464,566	1,837,896	3,843,181	252	49,720	24084	84	8,909,286	35	25,265,340	74,996	7,915,171	3,013,752	5	0	Asia-Pacific	large	4	1	0
False	obj841	train	0	54	L. Nakamura	Glass Reactor 2025	Origin Arc	15.11.2025	MV202501466	1129	77,3	3,757,796	19,296	15,867,908	1,383,364	44,361	283,187	306,550	1,034,691	9,590,907	321	85,785	53474	198	224,947	30	3,803,516	92,917	29,669,546	1,919,792	77	0	Americas	small	1	1	2
False	obj842	train	0	90	E. Brooks	Solar Drift 2025 3	Origin Arc	03.03.2025	MV202501477	4935	58,3	10,456,923	75,323	47,223,351	5,985,489	102,670	1,153,201	2,622,449	3,348,593	10,460,215	176	40,307	27061	238	2,704,829	35	1,640,309	82,680	27,062,484	1,084,941	79	1	Americas	small	4	3	1
False	obj843	train	0	88	H. Andersson	Northern Code 2025	Standalone	19.05.2025	MV202501479	1984	32,3	2,652,378	125,873	21,123,055	702,595	22,490	1,218,958	429,793	1,176,295	8,195,235	139	54,822	93497	50	1,048,301	144	18,321,496	63,100	3,893,906	2,927,712	19	0	Asia-Pacific	large	4	1	0
False	obj844	train	0	84	M. Chen	Arctic Pulse	Chronicles Saga	18.01.2025	MV202501480	1220	46,3	5,036,440	193,034	68,585,532	1,429,857	52,160	1,297,017	1,028,057	4,076,731	5,270,753	41	374,115	75758	79	4,892,816	173	8,347,850	66,023	13,752,061	4,393,587	33	1	Asia-Pacific	large	4	2	1
False	obj845	train	0	57	P. Singh	Desert Oracle	Chronicles Saga	10.04.2025	MV202501483	4722	37,7	4,768,296	36,583	31,131,019	1,926,049	59,510	765,148	349,329	925,535	10,841,886	11	294,420	41707	71	252,441	37	7,156,017	99,876	405,615	1,008,566	40	0	Latin America	small	2	2	1
False	obj846	train	0	76	V. Popov	Winter Echo 2025 3	Final Chapter	06.12.2025	MV202501378	385	73	4,709,833	177,345	78,469,972	3,436,740	62,982	41,837	109,443	253,570	5,194,036	266	240,005	49493	184	414,332	59	39,721,315	82,469	23,371,087	65,153	47	0	Latin America	large	3	2	2
False	obj847	train	0	34	H. Andersson	Frozen Ledger 2025	Legacy Cycle	11.01.2025	MV202501382	3778	81,1	18,283,663	174,149	25,622,799	13,069,159	438,637	1,455,856	4,454,106	8,830,775	9,784,078	301	41,558	97281	245	7,609,513	143	29,198,774	62,581	22,268,535	4,707,859	52	0	Asia-Pacific	large	0	4	3
False	obj848	train	0	77	I. Hassan	Parallel Lines 2025	Standalone	18.07.2025	MV202501384	434	68,2	2,688,192	156,575	59,897,064	2,063,167	41,942	1,866,470	561,013	1,997,291	12,745,314	318	267,633	69137	214	8,805,428	15	8,313,307	36,733	620,939	1,522,740	87	1	Americas	large	3	1	2
False	obj849	train	0	75	S. Patel	Aurora Debt	Dark Matter	08.04.2025	MV202501396	3475	83,8	17,953,183	114,263	13,612,724	1,033,397	17,208	1,746,210	546,692	1,559,651	7,569,234	323	83,667	36627	20	8,512,204	139	48,776,952	99,213	1,785,273	13,042	77	0	Europe	large	3	4	3
False	obj850	train	0	64	I. Hassan	Feral Harmony 2025	Origin Arc	21.03.2025	MV202501397	1948	102,3	4,879,236	61,339	13,407,836	2,667,249	120,775	400,546	627,376	1,776,322	17,913,064	410	243,663	65500	184	3,511,474	17	30,468,755	77,124	22,394,226	4,700,729	35	0	Americas	large	2	2	4
False	obj851	train	0	64	T. Kim	Iron Garden 2025	Chronicles Saga	18.09.2025	MV202501399	2690	83,5	4,926,889	170,176	73,771,797	2,519,384	33,344	142,158	1,093,142	4,226,814	19,168,006	236	80,868	27956	234	3,008,515	147	13,522,484	25,746	25,250,021	2,881,585	17	1	Americas	small	2	2	3
False	obj852	train	0	54	H. Andersson	Violet Engine 2025 3	Legacy Cycle	22.12.2025	MV202501401	1249	59,6	5,397,155	54,712	14,986,747	2,914,376	101,499	1,962,451	228,049	455,924	9,669,927	18	67,709	91120	34	6,926,191	78	32,543,827	90,414	9,247,956	1,346,575	42	0	Asia-Pacific	large	1	2	2
False	obj853	train	0	48	Z. Ali	Solar Drift 2025	Universe Zero	18.12.2025	MV202501402	4396	63,1	21,069,717	120,683	75,578,330	9,451,228	130,234	1,568,827	2,247,236	3,053,998	14,322,335	414	124,922	64094	92	7,703,214	16	717,949	26,415	23,246,642	227,800	15	1	Latin America	small	1	4	2
False	obj854	train	0	47	G. Murphy	Solar Drift	Universe Zero	10.08.2025	MV202501403	3934	51,1	388,904	75,691	76,604,407	308,981	7,538	714,524	91,253	144,963	10,178,462	278	470,364	87680	108	7,247,178	85	19,225,760	98,576	15,028,918	2,625,716	65	0	Europe	medium	1	0	1
False	obj855	train	0	31	C. Wright	Solar Drift	Standalone	20.12.2025	MV202501414	4618	19,4	2,263,323	93,919	67,665,817	221,931	8,779	492,573	91,576	304,457	6,797,624	39	335,827	80291	253	9,820,447	29	2,470,594	83,633	16,427,611	544,053	81	1	Europe	small	0	1	0
False	obj856	train	0	87	L. Nakamura	Blue Static	Universe Zero	22.11.2025	MV202501415	2141	94,8	7,395,911	147,674	12,504,396	1,964,898	42,225	44,816	781,501	1,444,240	2,630,019	351	7,537	9650	38	5,264,264	120	27,228,660	67,207	7,942,716	1,178,975	6	0	Americas	small	4	3	3
False	obj857	train	0	88	R. Silva	Jade Frequency	Final Chapter	14.07.2025	MV202501416	4821	50,2	5,259,756	56,207	58,923,794	722,851	22,247	815,856	1,487,903	3,819,355	7,517,014	28	383,811	75361	269	5,960,811	90	29,001,078	36,290	11,278,918	4,525,525	0	1	Latin America	large	4	2	1
False	obj858	train	0	44	M. Chen	Desert Oracle 2025	Origin Arc	22.10.2025	MV202501419	2291	17,8	2,562,381	83,055	12,509,887	1,485,346	72,212	1,383,165	698,161	1,222,147	19,089,107	139	176,207	19675	102	8,189,992	145	46,459,083	23,428	21,470,389	2,233,898	64	0	Asia-Pacific	large	1	1	0
False	obj859	train	0	86	F. Nguyen	Silent Protocol 2025	Dark Matter	24.10.2025	MV202501420	2961	112,3	9,723,465	114,119	4,745,080	5,146,200	195,414	370,412	852,849	2,954,388	9,539,996	112	370,528	68090	4	4,820,538	111	43,698,825	7,003	13,071,949	4,066,937	50	0	Asia-Pacific	large	4	3	4
False	obj860	train	0	69	P. Singh	Ghost Frequency 2025 4	Final Chapter	08.05.2025	MV202501421	339	94,1	8,697,191	111,244	61,690,888	5,261,451	172,865	1,329,177	2,493,488	3,965,439	16,888,847	432	330,294	74627	99	1,301,875	136	40,142,439	63,514	21,203,711	4,461,552	10	1	Latin America	small	3	3	3
False	obj861	train	1	83	C. Wright	Stone Butterfly	New Dawn	06.02.2025	MV202501422	4157	52,3	101,829,819	5,331	51,792,569	16,000,114	524,550	530,689	20,500,071	27,433,032	6,261,512	201	241,936	24835	127	2,666,364	168	42,119,485	32,490	5,958,147	3,575,741	2	0	Europe	small	4	4	1
False	obj862	train	0	94	K. Olsen	Hyperion Rise	Legacy Cycle	28.09.2025	MV202501432	4778	56,1	13,384,395	119,145	77,614,250	4,859,406	57,155	782,147	3,580,539	8,350,989	19,947,454	214	396,022	34036	5	6,455,915	129	16,987,949	92,145	20,363,301	266,695	21	0	Americas	large	4	3	1
False	obj863	train	0	67	S. Patel	Obsidian Heart 2025	Prime Story	09.07.2025	MV202501433	4793	77	7,723,837	114,825	23,040,920	5,548,455	70,471	253,695	2,156,161	3,862,355	1,316,647	24	6,425	18005	190	9,525,279	122	2,115,441	39,892	17,437,830	3,811,610	50	0	Europe	large	2	3	2
False	obj864	train	0	53	E. Brooks	Silver Transit 2	Chronicles Saga	17.02.2025	MV202501434	3918	58,4	37,599,292	87,147	26,633,904	14,567,432	159,245	1,386,230	3,419,059	10,496,746	812,891	94	246,853	64168	59	8,744,911	66	22,288,761	64,462	19,944,620	661,362	17	0	Americas	small	1	4	1
False	obj865	train	0	55	H. Andersson	Velvet Storm 2025 3	Origin Arc	11.09.2025	MV202501435	3867	18,8	9,270,559	190,308	68,275,484	2,487,783	101,702	650,049	1,246,989	1,758,292	6,309,562	129	349,360	97865	85	5,984,567	27	51,954	10,465	1,701,633	2,728,452	76	0	Asia-Pacific	large	1	3	0
False	obj866	train	0	84	L. Nakamura	Digital Saints 2025 4	New Dawn	28.03.2025	MV202501437	3536	90,3	25,961,764	21,020	27,244,775	20,481,055	844,247	1,583,238	5,453,195	20,995,967	3,387,464	190	372,833	18008	194	8,514,256	82	36,051,538	58,472	27,085,130	3,536,453	58	0	Americas	small	4	4	3
False	obj867	train	0	35	R. Silva	Frozen Ledger 2025	Prime Story	21.04.2025	MV202501439	4690	96,7	1,571,417	3,305	12,684,246	201,951	9,552	331,963	341,696	876,165	18,736,672	170	423,474	29540	217	6,584,826	63	39,474,640	89,749	4,789,472	3,777,470	42	0	Latin America	large	0	0	3
False	obj868	train	0	94	F. Nguyen	Velvet Storm 3	Prime Story	03.05.2025	MV202501451	786	97,4	6,550,437	192,817	27,675,475	1,561,302	35,265	1,983,745	577,237	2,078,621	18,972,633	278	413,326	33324	133	7,821,877	193	22,547,342	2,600	13,686,316	3,265,795	97	0	Asia-Pacific	large	4	2	3
False	obj869	train	0	85	K. Olsen	Ocean of Stars	New Dawn	10.04.2025	MV202501454	4625	68,3	16,797,843	28,009	2,179,379	10,308,724	441,496	1,568,636	3,987,062	7,851,764	17,350,968	290	73,410	60982	42	763,690	122	8,745,991	44,689	28,710,250	3,211,481	79	0	Americas	large	4	4	2
False	obj870	train	0	53	A. Volkov	Crystal Fault 2025	Universe Zero	03.09.2025	MV202501455	1766	32,8	3,656,693	102,369	57,866,409	551,402	19,082	384,020	162,406	538,988	19,438,749	440	458,381	10485	266	7,810,057	190	33,878,315	36,755	10,481,296	1,490,333	98	1	Americas	large	1	1	0
False	obj871	train	0	70	O. Dubois	Obsidian Heart	Standalone	08.06.2025	MV202501456	2213	117,6	8,431,378	174,047	41,669,621	5,021,266	66,128	1,401,505	2,174,691	3,830,909	16,402,157	451	105,611	24024	0	3,577,263	52	9,288,250	73,536	3,231,696	4,550,102	34	0	Latin America	large	3	3	4
False	obj872	train	0	63	Z. Ali	Parallel Lines 2025	Open Sky	25.02.2025	MV202501457	387	28,7	12,789,243	120,493	5,326,150	6,359,274	160,069	131,620	3,252,441	9,762,651	6,339,886	349	64,416	90876	248	9,782,701	60	31,723,944	78,617	751,761	2,850,106	2	0	Latin America	small	2	3	0
False	obj873	train	0	31	L. Nakamura	Deep Current 2025	Legacy Cycle	02.12.2025	MV202501458	482	78,9	3,541,691	696	46,675,422	885,650	10,038	233,165	659,641	1,154,406	4,029,222	315	487,285	2897	66	7,943,871	68	21,602,396	17,278	9,247,930	4,943,267	56	0	Americas	small	0	1	3
False	obj874	train	0	85	E. Brooks	Solar Drift 2025	Dark Matter	24.11.2025	MV202501473	2603	87,6	4,114,651	83,137	26,174,093	1,799,601	38,504	1,638,953	999,548	3,413,648	5,545,713	383	316,466	34352	131	4,567,721	161	36,194,026	60,112	21,575,498	2,380,930	44	1	Americas	small	4	2	3
False	obj875	train	0	35	V. Popov	Silent Protocol	Origin Arc	15.05.2025	MV202501474	1437	37,1	1,978,284	21,777	14,683,221	253,709	8,893	714,819	289,856	711,258	2,543,561	26	183,013	78811	274	1,625,829	170	5,230,277	46,914	19,039,633	1,776,088	32	0	Latin America	large	0	0	0
False	obj876	train	0	58	D. Rossi	Midnight Cartel	Origin Arc	07.08.2025	MV202501487	2652	49,1	11,263,661	168,782	51,316,243	7,434,128	195,102	1,487,767	127,835	477,966	9,578,050	488	46,750	8571	273	1,346,077	0	7,752,170	73,681	3,560,404	3,549,112	53	0	Latin America	medium	2	3	1
False	obj877	train	0	87	I. Hassan	Northern Code	Origin Arc	17.01.2025	MV202501490	1937	42	20,710,638	145,775	26,160,966	11,312,702	342,148	411,658	3,756,230	6,277,473	2,022,431	149	103,635	95597	26	2,175,876	130	36,593,240	98,470	21,268,996	4,981,132	6	0	Americas	large	4	4	1
False	obj878	train	0	94	K. Olsen	Velvet Storm 2025	Prime Story	18.11.2025	MV202501491	1992	39,2	7,045,195	187,363	50,704,396	801,994	38,335	332,832	802,947	1,644,067	9,695,292	205	285,721	14074	202	326,057	184	6,647,571	94,659	17,756,027	3,629,161	34	0	Americas	large	4	2	1
False	obj879	train	0	45	Q. Jensen	Jade Frequency 2025	New Dawn	02.05.2025	MV202501493	2128	17,1	3,434,141	96,828	33,414,166	1,157,013	46,414	1,708,865	112,248	437,444	16,091,756	87	226,714	52864	229	3,025,770	0	34,373,414	62,179	13,531,538	4,936,381	42	0	Americas	medium	1	1	0
False	obj880	train	0	54	B. Carter	Velvet Storm	Dark Matter	24.02.2025	MV202501494	3705	32,8	13,508,344	62,772	55,164,725	7,208,683	233,042	1,380,528	3,617,156	9,317,497	5,169,743	444	441,755	60753	43	3,636,221	49	6,034,122	97,449	9,786,118	6,053	39	1	Asia-Pacific	large	1	4	0
False	obj881	train	0	92	V. Popov	Northern Code 2025	Prime Story	09.12.2025	MV202501505	3189	48,6	5,762,820	78,302	49,262,610	514,908	19,655	471,016	355,113	980,307	10,956,838	362	369,539	2721	0	9,228,295	196	34,968,551	90,346	27,740,781	3,398,980	67	0	Latin America	large	4	2	1
False	obj882	train	0	49	K. Olsen	Burning Atlas	Standalone	20.12.2025	MV202501506	1104	29,8	488,572	34,095	57,808,737	225,732	6,339	656,477	142,403	415,023	2,678,956	388	374,106	62711	281	5,296,173	114	1,302,690	98,491	5,278,390	3,455,683	10	1	Americas	large	1	0	0
False	obj883	train	0	39	C. Wright	Binary Sunset 2025	Final Chapter	07.10.2025	MV202501510	56	79,1	18,296,876	138,555	50,249,435	1,561,313	29,375	1,408,274	4,303,970	15,033,469	3,670,802	185	358,012	10221	42	4,646,859	0	39,931,294	63,921	828,084	3,072,720	18	1	Europe	small	0	4	3
False	obj884	train	0	64	B. Carter	Aurora Debt 2025	Origin Arc	04.02.2025	MV202501512	4916	74,9	1,922,978	142,490	11,460,790	721,006	23,075	947,014	212,988	660,846	1,583,355	495	285,670	4416	164	4,965,395	60	28,758,281	24,942	1,898,109	397,800	89	0	Asia-Pacific	large	2	0	2
False	obj885	train	0	88	V. Popov	Violet Engine 2025 3	Final Chapter	02.09.2025	MV202501495	471	20,1	7,228,367	116,416	7,130,109	2,184,592	33,164	1,867,505	796,937	2,635,268	12,330,246	196	204,342	73124	65	3,300,891	64	25,354,571	52,285	5,694,876	4,702,749	14	0	Latin America	large	4	3	0
False	obj886	train	0	85	Y. Tanaka	Velvet Storm 2025	Chronicles Saga	16.12.2025	MV202501496	3795	105,3	4,072,605	176,420	37,296,323	2,253,608	44,822	724,008	770,137	2,932,129	14,072,262	328	74,014	33410	194	9,882,506	45	34,615,751	19,614	12,157,381	2,512,949	9	0	Asia-Pacific	medium	4	1	4
False	obj887	train	0	62	Z. Ali	Golden Ratio 2025	Final Chapter	18.05.2025	MV202501497	4655	77,7	3,956,214	104,322	26,957,471	2,943,163	121,074	257,020	965,192	1,870,806	8,260,112	390	30,569	57373	138	1,504,690	66	34,724,028	27,671	13,400,218	1,021,877	83	0	Latin America	small	2	1	2
False	obj888	train	0	83	F. Nguyen	Thunder Archive 2025	Origin Arc	17.03.2025	MV202501498	2144	106,8	3,637,372	6,695	1,816,984	1,031,054	42,397	317,852	186,799	574,454	9,697,714	345	495,907	79027	60	2,514,875	92	19,017,983	81,350	24,431,129	249,960	45	0	Asia-Pacific	large	4	1	4
False	obj889	train	0	59	Y. Tanaka	Desert Oracle 2025	Chronicles Saga	22.07.2025	MV202501499	2318	48,6	28,793,641	4,720	13,574,835	16,642,574	698,987	457,006	3,240,851	12,515,232	8,162,782	181	20,877	11834	222	4,990,245	102	28,179,479	13,915	17,626,082	4,114,627	8	0	Asia-Pacific	medium	2	4	1
False	obj890	train	0	93	E. Brooks	Glass Reactor 2025	New Dawn	29.12.2025	MV202501502	4482	36,4	4,155,656	143,970	12,157,261	2,172,833	106,560	1,251,144	1,195,017	3,211,834	1,840,443	191	8,436	43383	56	1,649,621	43	26,404,221	37,620	29,742,052	3,329,021	11	1	Americas	small	4	2	0
False	obj891	train	0	84	D. Rossi	Electric Mirage 2025 4	Origin Arc	13.03.2025	MV202501503	4982	119,7	32,048,101	176,562	19,189,282	20,777,140	505,057	619,286	6,548,616	19,948,373	18,070,353	302	340,800	34867	272	4,513,572	36	19,534,605	59,183	16,966,924	1,960,738	30	1	Latin America	medium	4	4	4
False	obj892	train	0	43	T. Kim	Ghost Frequency 2025	Open Sky	09.02.2025	MV202501516	2994	17	5,691,343	198,539	56,680,549	3,093,337	78,414	219,445	101,683	392,918	9,386,736	351	300,450	88081	168	9,272,916	132	10,021,906	47,665	17,012,659	2,559,576	72	0	Americas	small	1	2	0
False	obj893	train	0	67	H. Andersson	Golden Ratio	Open Sky	23.02.2025	MV202501521	4439	108,3	6,326,366	183,821	78,305,639	1,454,217	65,841	1,159,976	533,459	680,567	2,651,692	281	420,925	52664	152	5,854,554	118	17,798,579	66,860	21,644,231	1,390,028	59	1	Asia-Pacific	large	2	2	4
False	obj894	train	0	88	O. Dubois	Ghost Frequency 2025	Final Chapter	23.03.2025	MV202501531	2283	86	11,280,899	98,912	17,810,919	3,322,295	43,438	1,203,860	2,889,820	5,870,106	7,078,010	297	421,187	20630	101	3,549,995	149	42,660,858	28,213	24,990,313	1,020,118	15	0	Latin America	large	4	3	3
False	obj895	train	0	39	V. Popov	Ghost Frequency 2025	New Dawn	19.07.2025	MV202501532	98	103,7	4,338,576	55,571	28,459,371	457,314	18,321	1,879,385	426,040	1,413,242	5,884,907	378	346,042	36002	234	2,607,244	197	18,311,044	60,428	15,972,032	1,877,206	22	1	Latin America	large	0	2	4
False	obj896	train	0	72	O. Dubois	Lunar Cartography 2025	Final Chapter	25.02.2025	MV202501533	1922	68,7	7,962,281	177,608	45,296,557	2,955,192	73,350	1,853,970	363,317	533,505	14,843,121	365	340,925	27995	55	48,308	69	33,829,593	26,111	25,218,551	2,326,553	97	1	Latin America	large	3	3	2
False	obj897	train	0	65	J. Martinez	Arctic Pulse 2025 2	Origin Arc	13.07.2025	MV202501539	3718	97,2	2,296,790	8,298	39,975,184	276,334	11,930	200,561	373,751	1,410,464	15,005,898	66	58,359	70223	167	2,181,774	195	30,702,380	31,863	25,346,051	178,793	92	0	Europe	large	2	1	3
False	obj898	train	0	82	W. Stone	Hyperion Rise 2025	Final Chapter	17.05.2025	MV202501549	2391	67,8	1,538,815	26,892	17,667,084	1,058,547	44,209	1,340,558	445,929	1,534,995	14,610,729	444	140,643	19875	220	8,337,288	145	43,604,026	6,324	14,916,662	3,543,388	13	0	Americas	small	4	0	2
False	obj899	train	0	32	O. Dubois	Nova Protocol	New Dawn	07.05.2025	MV202501550	1095	20,4	6,997,937	159,312	75,892,067	3,276,676	96,245	1,647,209	1,255,063	3,796,231	6,674,599	303	456,246	55585	176	1,785,078	185	14,386,773	34,482	8,852,921	3,640,421	93	1	Latin America	large	0	2	0
False	obj900	train	0	82	E. Brooks	Aurora Debt 2025	Legacy Cycle	21.08.2025	MV202501552	1440	34,2	42,296,910	163,446	12,657,869	28,846,607	706,338	1,438,813	6,402,558	16,458,353	638,989	110	47,485	81413	18	3,510,555	98	33,351,766	36,483	5,883,444	710,346	29	0	Americas	small	4	4	0
False	obj901	train	0	35	J. Martinez	Final Orbit	Chronicles Saga	08.10.2025	MV202501553	2652	75,8	2,145,669	190,189	70,722,131	872,638	16,257	1,792,103	306,201	941,057	13,617,122	41	28,202	34981	246	5,385,169	154	49,712,902	33,079	4,771,477	4,543,070	21	0	Europe	large	0	0	2
False	obj902	train	0	36	S. Patel	Feral Harmony 2025	New Dawn	04.05.2025	MV202501556	2384	24,8	9,108,435	102,282	54,532,393	5,917,099	284,785	615,910	1,452,909	5,281,773	593,100	232	146,125	33692	202	8,974,249	90	24,432,585	92,028	3,633,178	4,443,207	89	0	Europe	large	0	3	0
False	obj903	train	0	83	Q. Jensen	Midnight Cartel 2025	Legacy Cycle	31.03.2025	MV202501557	3552	67,6	50,952,051	39,450	26,608,133	36,391,905	1,433,253	926,719	3,785,248	9,901,493	7,594,908	437	226,607	5835	248	8,663,643	4	35,953,442	38,179	12,802,706	4,681,716	57	0	Americas	medium	4	4	2
False	obj904	train	0	63	H. Andersson	Kinetic Prayer 2025	Final Chapter	10.03.2025	MV202501567	4262	104,9	1,033,382	171,342	43,364,463	642,188	23,382	1,212,923	211,302	564,267	2,922,010	10	93,642	38526	243	604,705	45	2,484,942	31,685	4,194,310	468,912	27	1	Asia-Pacific	large	2	0	4
False	obj905	train	0	92	S. Patel	Northern Code 2025	Legacy Cycle	05.05.2025	MV202501570	1676	62,4	14,120,597	59,858	50,683,569	9,159,530	205,657	584,781	3,101,196	9,159,621	2,478,321	256	449,302	87112	118	8,450,408	151	39,183,211	46,905	25,606,736	3,296,598	73	0	Europe	large	4	4	2
False	obj906	train	0	36	K. Olsen	Digital Saints 2025	Universe Zero	19.12.2025	MV202501572	3619	20,4	2,724,431	102,352	55,706,803	1,021,982	28,556	193,149	428,166	1,573,905	9,262,153	88	287,611	57073	58	6,941,095	174	39,386,570	49,265	21,639,383	2,391,377	66	0	Americas	large	0	1	0
False	obj907	train	0	51	H. Andersson	Violet Engine 2025	Universe Zero	04.01.2025	MV202501574	4530	88,2	25,932,167	171,809	32,218,752	5,371,594	154,875	1,296,379	4,630,945	8,241,442	7,340,982	485	368,944	49111	110	8,586,125	65	35,258,674	89,701	26,604,745	1,071,818	57	0	Asia-Pacific	large	1	4	3
False	obj908	train	0	86	B. Carter	Last Signal 2025	Dark Matter	06.09.2025	MV202501585	927	83,3	11,621,879	12,862	66,197,117	3,119,915	153,687	1,373,703	2,492,083	7,023,034	12,022,577	416	72,632	27539	39	4,408,053	199	25,972,176	60,249	17,411,665	2,825,488	13	0	Asia-Pacific	large	4	3	3
False	obj909	train	0	74	M. Chen	Carbon Dreams 2025 3	New Dawn	10.05.2025	MV202501587	2755	110	3,650,470	79,882	12,262,505	1,579,781	17,532	1,571,759	360,503	1,166,200	16,673,677	196	3,389	64872	92	6,261,465	174	18,035,569	85,906	4,155,851	4,447,821	78	0	Asia-Pacific	large	3	1	4
False	obj910	train	0	42	P. Singh	Arctic Pulse 2025 3	Dark Matter	15.01.2025	MV202501588	3053	81	2,444,414	139,277	34,261,637	1,927,135	56,634	1,782,633	462,230	830,039	16,088,526	286	483,683	58363	278	3,083,827	53	23,083,457	87,634	25,299,956	208,335	19	0	Latin America	small	0	1	3
False	obj911	train	0	88	N. Fischer	Silent Protocol 2025 3	Chronicles Saga	05.08.2025	MV202501589	1535	99,8	37,625,276	50,307	52,188,698	27,462,273	459,539	201,511	3,344,024	11,628,978	11,617,744	65	324,017	76191	40	4,849,614	38	31,620,104	55,221	23,483,650	4,741,884	78	1	Europe	small	4	4	4
False	obj912	train	0	79	D. Rossi	City of Glass 2025	Origin Arc	19.05.2025	MV202501591	4428	105,8	6,106,261	21,396	50,860,081	1,316,837	63,807	908,243	1,023,498	3,998,361	14,248,478	136	463,199	91974	239	8,799,131	195	43,566,216	11,445	20,091,176	4,214,580	98	0	Latin America	medium	3	2	4
False	obj913	train	0	41	P. Singh	Desert Oracle 2025	Final Chapter	21.08.2025	MV202501592	3400	108,3	17,512,145	168,698	72,856,846	2,099,748	53,828	1,072,704	194,058	429,586	17,133,444	156	166,265	77727	190	3,990,448	99	40,133,625	42,555	10,817,316	3,103,598	35	0	Latin America	small	0	4	4
False	obj914	train	0	30	C. Wright	Broken Compass	Final Chapter	22.02.2025	MV202501593	2207	96,3	2,396,367	102,123	24,784,908	1,620,088	58,078	1,053,032	149,752	344,103	6,241,066	443	274,333	23369	65	3,351,516	188	32,960,339	75,186	6,022,917	3,291,303	8	1	Europe	small	0	1	3
False	obj915	train	0	82	K. Olsen	Feral Harmony	New Dawn	30.03.2025	MV202501604	2348	113,5	3,547,694	157,971	33,603,944	2,743,624	120,701	1,880,658	397,596	958,663	10,651,442	287	282,537	71288	294	9,721,236	51	5,100,323	35,793	23,385,515	2,076,092	10	0	Americas	large	4	1	4
False	obj916	train	0	77	R. Silva	Ghost Frequency 2	Chronicles Saga	18.04.2025	MV202501605	791	101	7,543,414	172,047	33,407,520	3,670,595	111,883	272,882	2,178,094	3,548,587	7,101,791	129	130,878	12656	49	8,188,389	125	20,623,010	99,913	3,828,426	1,474,861	31	0	Latin America	large	3	3	4
False	obj917	train	0	45	W. Stone	Glass Reactor 2025	Dark Matter	24.06.2025	MV202501607	3845	33,5	3,887,623	87,464	62,257,795	1,181,486	41,588	13,293	550,800	941,880	4,305,359	214	10,950	67590	69	6,225,339	151	26,703,713	50,882	29,346,546	2,998,536	37	0	Americas	small	1	1	0
False	obj918	train	0	56	B. Carter	Crystal Fault 2025	Chronicles Saga	26.09.2025	MV202501608	4655	56,2	6,762,871	58,149	77,602,893	5,160,239	239,681	920,300	2,026,075	4,636,822	3,466,508	481	41,735	69593	2	1,420,199	18	16,842,560	49,443	27,384,290	2,598,561	39	1	Asia-Pacific	large	2	2	1
False	obj919	train	0	34	G. Murphy	Hyperion Rise	Final Chapter	31.10.2025	MV202501609	3546	36,3	23,118,011	161,876	74,818,163	11,637,652	288,137	1,078,720	2,969,190	9,765,602	4,250,608	44	80,782	6702	213	6,940,522	70	42,415,408	8,422	21,023,204	1,265,292	46	0	Europe	medium	0	4	0
False	obj920	train	0	91	I. Hassan	Winter Echo 2025	Chronicles Saga	03.01.2025	MV202501611	365	72,6	637,667	136,457	3,829,616	393,724	12,981	1,737,548	171,953	557,266	16,565,976	292	158,482	79817	90	1,038,282	0	39,377,898	55,835	427,891	395,966	24	0	Americas	large	4	0	2
False	obj921	train	1	83	V. Popov	Deep Current 2025	Universe Zero	26.12.2025	MV202501622	1263	80,7	102,631,877	196,312	2,825,069	72,265,281	1,163,326	394,083	3,924,230	13,382,859	4,850,461	367	75,048	22430	162	6,757,460	13	34,936,996	95,730	18,794,252	4,959,404	58	0	Latin America	large	4	4	3
False	obj922	train	0	53	R. Silva	Violet Engine	Dark Matter	28.08.2025	MV202501623	2015	84,4	4,072,068	78,361	50,788,942	1,394,749	53,796	364,768	557,495	1,594,903	7,663,821	436	423,922	40810	31	2,557,321	52	25,448,703	33,880	8,122,589	118,191	40	0	Latin America	large	1	1	3
False	obj923	train	0	65	L. Nakamura	Ember Valley 2025	New Dawn	11.11.2025	MV202501624	413	117,2	4,249,024	34,717	47,217,548	2,208,135	29,071	417,051	766,549	2,549,361	10,354,395	118	323,439	58501	299	8,984,285	115	27,485,597	75,479	2,263,869	4,800,490	43	0	Americas	small	2	2	4
False	obj924	train	0	56	R. Silva	Echo Chamber	Open Sky	29.03.2025	MV202501625	4673	50,7	906,834	111,734	52,010,755	345,289	3,535	1,412,349	226,233	449,460	19,031,778	131	463,005	79618	122	6,741,730	118	48,947,540	96,156	24,267,314	1,365,038	5	0	Latin America	large	2	0	1
False	obj925	train	0	44	M. Chen	Blue Static 2025 2	Chronicles Saga	29.03.2025	MV202501627	1457	101,4	11,423,034	166,426	51,914,161	6,436,547	306,354	1,042,878	2,167,333	7,814,310	17,140,906	431	342,571	83905	165	5,256,515	183	41,332,036	5,317	8,557,104	228,209	19	0	Asia-Pacific	large	1	3	4
False	obj926	train	0	75	E. Brooks	Obsidian Heart	Dark Matter	19.02.2025	MV202501628	1152	117	2,643,120	138,680	26,934,367	1,687,482	32,251	163,252	763,689	1,975,281	7,650,935	24	226,494	39704	174	4,631,636	179	27,737,534	27,465	14,056,019	3,857,362	79	0	Americas	small	3	1	4
False	obj927	train	0	64	P. Singh	Echo Chamber 2025	New Dawn	06.06.2025	MV202501522	3375	95,2	459,780	46,263	20,577,890	364,937	3,677	525,833	95,118	216,485	2,017,824	141	129,297	42064	240	4,849,906	103	39,910,645	73,924	4,801,531	673,152	88	0	Latin America	small	2	0	3
False	obj928	train	0	31	I. Hassan	Silent Protocol 2025	New Dawn	13.01.2025	MV202501523	2407	48,4	7,405,345	31,135	19,015,265	1,758,781	59,513	447,697	2,181,232	5,285,616	12,187,283	474	170,116	52693	184	4,876,761	96	49,970,430	74,840	29,894,633	3,689,062	99	0	Americas	large	0	3	1
False	obj929	train	0	89	P. Singh	Deep Current	New Dawn	29.09.2025	MV202501525	2920	37	63,236,161	136,508	43,690,356	19,356,801	801,640	358,532	10,341,552	24,428,421	4,527,320	473	263,723	28114	296	7,658,733	175	36,363,033	55,677	10,399,962	2,537,000	70	0	Latin America	small	4	4	0
False	obj930	train	0	76	C. Wright	Blue Static 4	Standalone	14.10.2025	MV202501526	2091	78,2	9,771,541	38,020	52,645,262	2,211,897	74,163	1,311,848	479,996	1,895,806	6,788,040	405	97,733	28379	203	7,122,869	153	22,240,580	62,544	8,111,659	4,143,250	87	0	Europe	small	3	3	2
False	obj931	train	0	78	G. Murphy	Digital Saints 2025	Open Sky	26.01.2025	MV202501528	1468	114	1,550,109	94,204	13,035,123	247,810	5,263	1,302,937	398,240	879,261	19,991,500	220	285,270	62850	23	1,433,454	181	10,525,185	9,002	23,226,700	2,317,560	50	0	Europe	medium	3	0	4
False	obj932	train	0	87	D. Rossi	Nova Protocol	New Dawn	01.06.2025	MV202501529	3194	112,8	4,338,605	11,913	53,232,972	3,384,595	50,966	194,698	988,829	1,567,614	16,872,206	183	12,251	3363	64	8,602,712	150	17,440,651	86,094	7,174,653	3,893,638	98	0	Latin America	medium	4	2	4
False	obj933	train	0	78	G. Murphy	White Noise	Chronicles Saga	22.05.2025	MV202501541	1163	56	2,767,003	183,195	66,708,124	2,054,950	42,198	1,049,796	153,396	326,386	9,332,103	172	418,562	32868	294	1,706,293	28	12,591,581	76,735	12,567,907	1,225,539	37	1	Europe	medium	3	1	1
False	obj934	train	0	47	R. Silva	Ocean of Stars	Prime Story	21.11.2025	MV202501544	3815	90,3	2,894,771	100,446	46,565,244	1,122,165	39,752	349,108	318,210	1,191,689	9,285,228	107	468,641	77685	241	7,675,104	85	16,020,658	75,618	16,028,845	1,447,656	49	0	Latin America	large	1	1	3
False	obj935	train	0	93	L. Nakamura	Golden Ratio 2025	Standalone	07.04.2025	MV202501545	821	87,3	13,031,727	169,972	18,702,120	9,372,078	249,565	1,513,636	243,951	902,364	11,269,133	179	457,703	55412	165	9,832,408	43	49,011,002	30,565	28,692,550	3,616,220	21	0	Americas	small	4	3	3
False	obj936	train	0	90	F. Nguyen	Binary Sunset 2025	Prime Story	18.04.2025	MV202501558	2222	59,2	10,821,930	173,142	51,884,263	1,644,487	33,526	361,353	2,503,553	4,911,124	13,487,427	418	97,747	43595	85	8,437,876	63	39,378,730	38,777	213,701	4,409,330	55	0	Asia-Pacific	large	4	3	2
False	obj937	train	0	52	E. Brooks	Thunder Archive	Open Sky	20.11.2025	MV202501559	4145	72,9	712,789	118,523	64,544,816	378,277	12,241	1,712,016	105,677	408,975	10,685,716	437	64,287	41331	0	8,476,626	191	23,267,826	36,203	12,629,492	39,821	51	0	Americas	small	1	0	2
False	obj938	train	0	80	J. Martinez	Broken Compass 2025	Open Sky	14.02.2025	MV202501560	1377	93,7	4,272,948	102,122	72,559,243	1,283,352	63,501	807,466	892,943	2,162,847	15,872,577	40	474,060	20091	61	8,457,498	153	23,044,514	28,964	7,379,312	1,196,447	13	0	Europe	large	3	2	3
False	obj939	train	0	43	G. Murphy	Shadow Circuit 2025	Chronicles Saga	09.09.2025	MV202501561	1045	34,1	22,337,318	64,165	60,278,853	8,204,608	221,149	1,547,983	2,619,482	3,952,016	4,289,960	54	84,753	9563	98	5,348,017	38	8,607,755	9,300	22,141,941	4,725,294	28	1	Europe	medium	1	4	0
False	obj940	train	0	30	N. Fischer	Hyperion Rise 2025	New Dawn	21.11.2025	MV202501562	2423	16,3	3,662,704	85,636	25,231,120	2,823,589	108,297	1,077,737	505,027	768,510	16,946,895	427	244,213	61479	167	1,768,933	151	44,714,380	90,549	15,303,106	4,697,160	95	0	Europe	small	0	1	0
False	obj941	train	0	73	Q. Jensen	City of Glass 2025	Final Chapter	15.06.2025	MV202501563	1796	54,8	3,685,161	109,148	63,138,340	2,100,475	45,635	1,769,182	699,079	991,989	6,158,465	82	372,132	64120	155	6,960,860	180	32,006,139	26,362	24,936,847	127,556	36	0	Americas	medium	3	1	1
False	obj942	train	0	70	C. Wright	Burning Atlas 2025	Standalone	04.08.2025	MV202501564	4087	117,3	37,006,677	126,391	69,362,125	23,067,192	1,053,678	466,269	10,557,301	41,607,263	8,812,001	340	227,073	31139	28	8,623,353	179	34,185,000	25,192	17,562,290	4,510,053	74	0	Europe	small	3	4	4
False	obj943	train	0	51	K. Olsen	Quantum Rain 2025	New Dawn	18.03.2025	MV202501577	4566	72,9	4,509,580	174,123	34,700,319	1,394,016	43,968	1,822,110	205,639	464,929	3,610,754	71	166,310	49115	248	6,032,100	142	30,784,760	47,992	29,247,549	1,164,221	63	1	Americas	large	1	2	2
False	obj944	train	0	38	W. Stone	Violet Engine 2025	Open Sky	17.04.2025	MV202501578	2875	69,2	7,388,286	11,596	31,574,913	5,518,115	89,165	1,439,251	452,072	1,059,345	12,623,555	92	44,088	5657	121	4,569,079	196	40,326,878	53,829	12,399,319	2,215,712	71	0	Americas	small	0	3	2
False	obj945	train	0	72	H. Andersson	Red Meridian 2025 2	New Dawn	06.07.2025	MV202501580	1671	23,5	18,297,965	119,923	27,865,725	14,250,602	578,847	1,616,020	1,151,332	3,510,937	10,467,936	17	232,537	55275	203	2,990,617	45	32,416,802	69,456	15,740,121	4,365,383	0	0	Asia-Pacific	large	3	4	0
False	obj946	train	0	38	F. Nguyen	Neon Horizon	Standalone	06.02.2025	MV202501583	2802	77,4	680,357	174,483	4,382,534	113,080	2,951	1,717,357	195,539	730,065	13,681,585	475	182,974	88462	103	5,683,795	173	44,684,977	15,677	4,309,527	1,291,811	31	0	Asia-Pacific	large	0	0	2
False	obj947	train	0	35	T. Kim	Desert Oracle 2	Dark Matter	21.09.2025	MV202501596	50	23,2	1,504,176	13,427	34,079,629	1,156,173	47,324	1,341,716	118,377	157,947	16,639,909	333	125,959	91012	91	3,254,251	199	24,612,712	96,036	25,294,453	100,352	81	0	Americas	small	0	0	0
False	obj948	train	0	65	T. Kim	Final Orbit 2025	Dark Matter	31.08.2025	MV202501597	60	54,9	1,395,133	144,794	7,099,527	308,220	6,375	1,258,617	206,199	540,059	312,026	2	55,637	37433	192	6,569,872	59	17,240,868	31,162	10,752,992	1,398,869	85	0	Americas	small	2	0	1
False	obj949	train	0	53	G. Murphy	Arctic Pulse 2025	Chronicles Saga	28.08.2025	MV202501598	407	105	1,263,517	107,066	19,307,088	228,860	7,053	1,769,824	157,020	356,644	10,817,582	264	428,797	71351	293	6,521,398	4	29,725,700	3,145	27,841,552	3,938,212	72	0	Europe	medium	1	0	4
False	obj950	train	0	69	R. Silva	Binary Sunset 2025	Standalone	20.09.2025	MV202501599	4039	28,1	8,356,339	127,666	30,215,436	3,422,390	132,035	277,504	594,894	2,377,591	3,666,875	103	248,122	83272	183	3,239,764	52	10,377,048	91,679	11,575,165	224,223	58	0	Latin America	large	3	3	0
False	obj951	train	0	80	K. Olsen	Jade Frequency 2025	Origin Arc	14.05.2025	MV202501600	4615	32,3	2,851,918	93,700	15,194,816	1,403,939	31,180	738,368	71,874	125,439	13,171,814	404	293,702	29597	126	6,334,556	164	35,750,733	61,006	18,664,581	2,291,958	46	0	Americas	large	3	1	0
False	obj952	train	0	63	C. Wright	Arctic Pulse	Legacy Cycle	08.11.2025	MV202501601	3008	40,4	8,169,961	84,035	57,377,658	4,176,457	204,389	1,956,075	292,609	479,262	7,214,118	144	413,210	42801	12	1,271,658	150	28,758,759	18,315	5,680,178	1,298,756	36	0	Europe	small	2	3	1
False	obj953	train	0	63	B. Carter	Crystal Fault 2025	Chronicles Saga	15.10.2025	MV202501602	3954	48,5	14,074,170	55,818	38,896,304	6,670,089	113,642	541,638	775,863	1,898,195	7,107,359	183	51,067	51491	233	5,130,876	177	33,563,845	99,524	6,055,437	940,686	49	0	Asia-Pacific	large	2	4	1
False	obj954	train	0	77	G. Murphy	Carbon Dreams 2025	Final Chapter	20.08.2025	MV202501613	1450	57	44,861,811	3,930	7,840,787	28,941,124	1,039,005	204,302	12,769,966	20,773,625	15,666,889	384	194,901	93574	265	7,793,437	107	30,272,160	48,821	4,841,915	3,039,902	84	0	Europe	medium	3	4	1
False	obj955	train	0	46	A. Volkov	Echo Chamber	Standalone	31.07.2025	MV202501630	750	80,8	2,887,670	118,189	33,589,308	623,155	24,180	1,218,163	514,282	972,446	7,194,037	30	51,996	36403	199	1,981,079	8	1,316,420	77,605	25,767,714	352,675	0	0	Americas	large	1	1	3
False	obj956	train	0	41	Y. Tanaka	Stone Butterfly 2025	Standalone	12.12.2025	MV202501631	4278	92	508,478	97,800	42,479,162	373,097	15,198	1,837,265	122,449	450,490	10,237,773	267	287,046	60436	67	2,807,853	179	2,787,627	36,988	4,265,533	4,619,536	49	0	Asia-Pacific	medium	0	0	3
False	obj957	train	0	56	Z. Ali	Carbon Dreams 2025	Standalone	29.12.2025	MV202501632	2233	104,6	1,958,779	116,884	73,714,042	1,525,866	73,371	954,188	61,839	195,555	17,284,987	34	312,036	6253	16	8,018,652	84	41,191,446	92,167	7,283,509	2,189,373	9	0	Latin America	small	2	0	4
False	obj958	train	0	66	B. Carter	Golden Ratio 2025	New Dawn	09.04.2025	MV202501634	4831	16,9	5,323,647	161,682	64,322,217	3,321,436	150,685	364,923	932,738	3,003,440	6,781,456	172	210,514	34943	213	9,156,623	197	11,882,268	34,721	24,745,224	3,990,488	51	0	Asia-Pacific	large	2	2	0
False	obj959	train	0	54	C. Wright	Desert Oracle 2025	Origin Arc	24.02.2025	MV202501636	2727	102,5	14,943,626	147,182	11,852,986	10,741,199	258,624	1,096,580	333,100	434,486	14,786,680	400	23,221	32490	16	6,821,960	92	30,093,167	693	11,727,313	1,974,653	85	0	Europe	small	1	4	4
False	obj960	train	0	88	D. Rossi	Parallel Lines 2025	Universe Zero	20.12.2025	MV202501638	3870	72,1	6,562,337	7,185	3,063,413	1,008,591	31,598	1,948,998	689,618	1,479,896	6,759,356	161	81,518	29529	246	803,472	148	39,927,259	74,586	21,637,843	2,683,289	65	0	Latin America	medium	4	2	2
False	obj961	train	0	94	T. Kim	Golden Ratio 2025	Universe Zero	05.04.2025	MV202501648	3161	100,6	4,560,808	191,365	29,930,828	1,554,065	25,124	1,316,223	148,570	484,275	7,225,893	243	226,168	79391	279	9,195,848	22	27,149,878	13,957	28,220,620	899,518	79	0	Americas	small	4	2	4
False	obj962	train	0	88	N. Fischer	Final Orbit 2025	Final Chapter	28.01.2025	MV202501651	3322	18	7,348,043	144,127	26,534,558	4,866,481	223,022	1,844,009	386,822	1,103,491	9,993,996	492	133,956	30052	272	9,698,664	16	36,393,589	68,431	23,900,730	3,436,659	4	0	Europe	small	4	3	0
False	obj963	train	0	66	O. Dubois	Thunder Archive 2025	Chronicles Saga	15.03.2025	MV202501652	790	101,9	4,461,621	197,545	51,637,878	686,157	20,799	156,624	279,672	635,747	5,577,761	162	420,108	71508	200	1,651,700	45	392,537	76,639	25,788,361	2,260,113	47	1	Latin America	large	2	2	4
False	obj964	train	0	30	N. Fischer	Obsidian Heart 2025	Dark Matter	07.08.2025	MV202501653	3459	106,6	4,202,886	54,505	50,869,476	1,684,420	22,074	123,823	354,765	1,225,849	4,177,232	109	115,975	93169	242	8,110,016	48	35,762,525	95,855	14,433,135	275,625	35	0	Europe	small	0	2	4
False	obj965	train	0	84	L. Nakamura	Golden Ratio 2025	Chronicles Saga	07.10.2025	MV202501654	655	44,2	1,063,469	29,936	76,212,299	171,632	4,226	1,002,867	94,346	275,268	3,908,981	308	344,660	2096	163	2,672,348	25	38,777,676	32,984	622,122	2,062,814	90	0	Americas	small	4	0	1
False	obj966	train	0	70	W. Stone	Carbon Dreams	Prime Story	10.05.2025	MV202501655	3842	90,6	44,468,997	65,243	48,203,126	32,161,462	885,224	206,296	10,995,140	39,043,929	7,477,273	377	497,487	80041	250	2,108,902	134	6,525,872	15,731	24,129,800	1,586,465	72	0	Americas	small	3	4	3
False	obj967	train	0	69	T. Kim	Midnight Cartel	New Dawn	23.10.2025	MV202501639	662	105,7	325,696	59,831	13,467,494	65,359	918	553,038	46,827	137,932	13,125,993	268	154,828	55210	266	1,744,416	132	46,440,691	93,560	9,319,855	1,464,794	17	0	Americas	small	3	0	4
False	obj968	train	0	76	G. Murphy	Jade Frequency	Standalone	25.03.2025	MV202501640	4674	103,3	3,494,457	2,400	24,471,650	1,436,715	58,995	619,841	265,222	804,908	5,666,242	451	482,098	17863	18	7,473,584	197	43,263,878	59,386	8,877,461	3,006,550	56	1	Europe	medium	3	1	4
False	obj969	train	0	55	Z. Ali	Velvet Storm 2025 2	Standalone	25.11.2025	MV202501643	3739	17,3	21,572,138	37,028	53,745,086	8,813,977	164,483	1,782,090	2,670,659	5,292,865	19,607,540	96	388,038	22742	139	9,234,658	183	21,022,192	47,585	27,720,236	4,677,598	38	0	Latin America	small	1	4	0
False	obj970	train	0	90	S. Patel	Shadow Circuit	Chronicles Saga	09.09.2025	MV202501645	4512	24,6	12,839,042	93,437	42,428,293	10,033,967	196,878	1,987,734	902,096	1,254,172	5,692,970	451	332,569	44131	133	4,075,882	39	22,288,641	72,106	28,620,577	4,988,300	19	0	Europe	large	4	3	0
False	obj971	train	0	94	G. Murphy	Lunar Cartography 2025	Dark Matter	03.08.2025	MV202501646	4276	101,1	3,219,229	134,008	35,053,174	2,499,649	96,442	565,522	848,964	3,204,131	19,032,737	165	351,452	66467	252	4,706,653	193	20,171,993	14,424	2,090,185	1,046,210	77	0	Europe	medium	4	1	4
False	obj972	train	0	33	B. Carter	Paper Kingdom 2	Universe Zero	13.12.2025	MV202501647	4111	26,9	5,951,342	128,363	38,747,838	4,130,169	49,049	1,497,491	1,288,851	4,187,831	13,218,627	213	393,919	92072	76	8,381,187	161	39,166,718	10,248	422,295	3,831,265	34	1	Asia-Pacific	large	0	2	0
False	obj973	train	0	60	W. Stone	Electric Mirage 2025	Legacy Cycle	27.07.2025	MV202501657	1964	91,5	23,048,325	69,163	11,492,248	12,613,703	419,355	1,576,436	5,693,659	9,577,044	17,794,129	431	441,335	98782	141	6,864,722	192	2,004,424	87,201	5,363,440	4,940,717	35	1	Americas	small	2	4	3
False	obj974	train	0	46	M. Chen	Winter Echo	Origin Arc	11.04.2025	MV202501659	1260	60,1	8,812,626	137,775	71,977,800	1,241,165	29,304	787,901	138,976	543,164	3,984,869	370	392,297	95121	279	6,949,964	69	42,215,667	27,538	2,640,462	4,852,776	42	0	Asia-Pacific	large	1	3	2
False	obj975	train	0	33	C. Wright	Arctic Pulse 2025	Prime Story	23.07.2025	MV202501660	984	109,2	22,741,483	55,682	57,145,585	14,325,705	318,038	34,791	6,376,422	24,337,122	16,708,003	418	54,870	76004	288	2,630,923	89	13,561,045	73,166	517,253	2,373,512	50	1	Europe	small	0	4	4
False	obj976	train	0	49	Z. Ali	Nova Protocol	Chronicles Saga	02.10.2025	MV202501663	1623	84,9	25,709,649	126,239	7,020,292	19,272,427	583,224	1,429,848	2,640,593	9,866,133	5,966,714	54	470,496	17696	67	9,510,989	147	49,540,327	45,357	1,971,768	4,309,000	95	0	Latin America	small	1	4	3
False	obj977	train	0	82	F. Nguyen	Infinite Margin 2025	Standalone	23.10.2025	MV202501665	2566	25,5	22,730,765	100,582	24,344,646	3,347,042	81,807	1,617,800	800,498	1,010,717	9,860,985	111	99,099	37742	33	2,618,517	172	47,217,948	50,159	17,752,252	4,942,459	9	0	Asia-Pacific	large	4	4	0
False	obj978	train	0	79	D. Rossi	City of Glass 2025	Final Chapter	02.08.2025	MV202501675	1463	117,3	2,429,075	53,272	40,440,750	1,822,079	45,875	1,119,330	468,885	1,209,231	1,667,406	356	71,338	10104	262	3,981,340	89	3,151,200	86,577	2,298,695	2,325,461	46	1	Latin America	medium	3	1	4
False	obj979	train	0	56	Z. Ali	Glass Reactor 2025	Dark Matter	10.02.2025	MV202501676	184	77,9	36,011,489	30,054	6,310,799	26,379,917	374,209	1,110,553	9,408,330	28,356,453	647,110	17	459,420	38478	260	6,339,916	94	14,768,198	93,827	14,474,249	3,533,698	91	0	Latin America	small	2	4	2
False	obj980	train	0	40	B. Carter	Quantum Rain 2025	Dark Matter	17.11.2025	MV202501678	812	63,4	1,579,798	164,469	16,645,077	1,002,858	12,616	1,593,531	235,652	381,560	18,964,454	137	468,251	27470	175	6,850,769	63	17,304,998	2,450	519,313	1,327,435	96	0	Asia-Pacific	large	0	0	2
False	obj981	train	0	88	H. Andersson	Arctic Pulse 2025	Legacy Cycle	13.12.2025	MV202501680	1042	25	8,330,063	63,634	79,739,427	5,005,495	76,903	1,104,864	449,039	993,121	14,935,760	59	491,177	86281	182	7,082,851	195	37,163,138	13,999	23,079,025	4,550,569	21	0	Asia-Pacific	large	4	3	0
False	obj982	train	0	73	F. Nguyen	Northern Code 2025	Final Chapter	15.11.2025	MV202501681	4674	26,8	1,869,717	17,947	36,017,101	331,821	4,942	1,430,627	216,093	523,549	9,829,076	404	47,443	14064	284	8,671,417	47	47,296,567	70,315	16,950,014	1,244,526	20	1	Asia-Pacific	large	3	0	0
False	obj983	train	0	43	T. Kim	Nova Protocol 2025	Standalone	09.06.2025	MV202501682	230	89,7	14,904,448	114,944	8,291,379	11,717,994	489,049	1,330,288	3,166,246	4,597,899	16,652,305	275	265,929	60989	51	5,361,629	25	14,271,688	54,740	24,382,890	483,781	19	1	Americas	small	1	4	3
False	obj984	train	0	52	I. Hassan	Last Signal 4	Open Sky	16.06.2025	MV202501694	1770	78,9	3,074,103	37,722	77,718,528	1,077,613	49,361	171,610	512,978	1,291,569	19,189,099	84	399,616	28806	228	8,359,736	47	2,409,226	34,698	10,103,164	4,093,361	56	0	Americas	large	1	1	3
False	obj985	train	0	50	H. Andersson	Kinetic Prayer 2025	Dark Matter	21.09.2025	MV202501696	1953	98,3	2,287,482	35,249	6,483,172	1,370,339	39,156	1,256,394	27,667	50,083	9,810,585	388	60,334	73858	38	9,648,189	34	16,770,835	53,108	3,419,180	3,234,116	71	0	Asia-Pacific	large	1	1	3
False	obj986	train	0	37	C. Wright	Silent Protocol 2025	New Dawn	17.05.2025	MV202501697	160	25	4,991,818	12,313	69,586,804	1,414,150	67,470	1,608,971	431,018	933,840	8,875,274	205	248,477	18362	76	8,745,125	109	39,871,279	44,044	19,937,441	3,993,993	8	0	Europe	small	0	2	0
False	obj987	train	0	46	G. Murphy	Aurora Debt 2025	Prime Story	29.05.2025	MV202501714	1438	59,8	3,265,016	36,777	5,932,577	219,255	8,569	1,819,473	629,012	1,336,870	19,107,097	348	90,271	88973	104	3,202,672	45	5,041,264	81,046	28,111,652	3,686,221	90	0	Europe	medium	1	1	2
False	obj988	train	0	79	K. Olsen	Red Meridian 2025	Dark Matter	26.05.2025	MV202501715	3210	48,3	6,225,095	10,851	12,726,706	4,039,113	199,580	1,005,836	87,062	295,034	11,532,090	480	289,984	79331	247	6,342,671	111	35,553,481	40,631	11,644,221	2,892,482	1	1	Americas	large	3	2	1
False	obj989	train	0	75	G. Murphy	Burning Atlas 2025	Dark Matter	05.11.2025	MV202501717	683	108,1	8,043,523	9,525	21,014,242	5,890,162	145,945	200,687	1,185,365	2,577,697	11,951,409	370	432,140	17065	247	5,561,295	89	14,129,147	4,404	3,142,488	1,536,492	96	0	Europe	medium	3	3	4
False	obj990	train	0	86	V. Popov	Lunar Cartography 2025	Open Sky	09.02.2025	MV202501718	1316	69,4	60,411,606	26,846	9,179,770	17,667,472	633,060	912,262	17,093,328	57,264,811	677,413	31	277,337	28195	4	6,987,694	169	34,481,182	22,975	23,420,922	3,457,926	93	0	Latin America	large	4	4	2
False	obj991	train	0	32	F. Nguyen	Carbon Dreams 2025	Final Chapter	14.09.2025	MV202501719	3742	109,9	19,447,475	55,704	34,679,672	5,376,917	105,820	889,267	2,829,760	10,666,438	14,699,700	381	220,380	34353	125	6,838,693	20	14,827,190	39,706	19,591,721	3,529,520	9	0	Asia-Pacific	large	0	4	4
False	obj992	train	0	70	E. Brooks	Frozen Ledger 2025 4	Dark Matter	28.03.2025	MV202501729	1257	86,3	1,217,522	148,652	72,119,534	483,966	13,772	1,264,005	272,874	445,681	10,819,239	439	398,785	35317	47	6,570,209	150	16,386,154	11,584	13,496,181	1,227,241	97	1	Americas	small	3	0	3
False	obj993	train	0	62	D. Rossi	Quantum Rain 2025	Final Chapter	03.09.2025	MV202501730	2488	50	1,218,440	173,313	20,841,141	287,365	9,826	1,211,025	51,717	135,635	19,755,090	392	245,477	12446	119	6,278,852	103	42,171,002	71,167	1,569,406	90,737	16	0	Latin America	medium	2	0	1
False	obj994	train	0	51	D. Rossi	Hollow Crown 2025	Open Sky	05.10.2025	MV202501732	1871	105,1	17,107,227	27,711	14,201,387	7,253,120	241,762	1,749,528	1,981,773	5,047,048	779,880	295	453,599	23528	240	6,628,151	168	19,805,256	87,422	2,824,288	194,967	17	0	Latin America	medium	1	4	4
False	obj995	train	0	42	I. Hassan	Winter Echo 2025	Prime Story	18.07.2025	MV202501733	3219	35,6	4,203,517	95,987	37,420,766	2,034,923	51,265	1,224,693	1,155,379	3,126,258	8,139,139	436	128,200	82536	175	1,200,005	70	2,113,908	34,304	20,067,050	2,201,757	97	0	Americas	large	0	2	0
False	obj996	train	0	39	L. Nakamura	Paper Kingdom 2025	New Dawn	13.08.2025	MV202501735	3811	115,6	3,067,723	88,205	8,776,863	1,895,299	62,304	1,400,847	737,606	1,726,512	7,050,763	351	150,602	39407	219	6,384,168	88	44,829,778	75,183	18,412,643	3,961,967	23	0	Americas	small	0	1	4
False	obj997	train	0	61	S. Patel	Midnight Cartel 2025	Open Sky	25.07.2025	MV202501736	4076	67,9	6,039,264	96,109	15,450,800	3,874,049	157,832	651,342	1,136,179	3,768,901	11,940,677	457	494,742	90995	25	128,483	6	42,482,221	47,088	7,093,672	4,386,335	99	0	Europe	large	2	2	2
False	obj998	train	0	42	W. Stone	Hollow Crown	Chronicles Saga	27.08.2025	MV202501748	2636	94	6,084,914	85,214	12,035,358	3,526,330	99,293	1,827,128	604,666	2,300,818	6,885,652	472	191,407	38974	266	6,239,730	107	26,991,586	82,222	3,773,543	4,935,447	58	1	Americas	small	0	2	3
False	obj999	train	0	61	M. Chen	Quantum Rain 2025	Chronicles Saga	13.05.2025	MV202501750	4649	93,3	5,666,244	4,351	12,140,958	2,408,138	75,801	164,940	793,575	1,039,504	4,104,499	83	209,067	40934	27	5,607,266	101	25,571,801	40,604	7,704,838	3,470,373	91	0	Asia-Pacific	large	2	2	3
False	obj1000	train	0	48	S. Patel	Neon Horizon	Standalone	01.06.2025	MV202501751	1263	58,5	1,426,205	26,709	70,134,150	1,070,181	15,685	1,913,273	81,184	181,169	9,130,105	493	490,097	15627	144	9,589,535	92	19,756,611	39,437	3,487,486	836,101	13	0	Europe	large	1	0	1
False	obj1001	train	0	49	H. Andersson	Silent Protocol 2025	Chronicles Saga	24.04.2025	MV202501753	2296	22,5	4,163,575	112,269	58,941,542	1,621,292	61,267	1,056,557	167,918	473,116	3,740,214	475	304,770	45388	261	1,926,740	129	22,262,617	39,312	4,780,871	2,628,769	69	0	Asia-Pacific	large	1	2	0
False	obj1002	train	0	84	S. Patel	Shadow Circuit 2025	Open Sky	04.02.2025	MV202501754	2151	53,5	13,182,847	184,889	47,370,771	2,054,859	69,019	258,463	2,646,280	4,593,141	18,017,163	288	118,313	755	232	3,876,363	54	36,519,244	5,808	23,748,104	3,117,762	28	0	Europe	large	4	3	1
False	obj1003	train	0	45	J. Martinez	Neon Horizon 2025	New Dawn	30.03.2025	MV202501765	1033	76,1	12,718,744	68,084	36,138,478	5,372,959	187,720	280,266	515,826	1,974,233	4,801,865	17	490,864	86059	152	5,636,893	164	3,071,686	40,971	7,538,151	3,998,548	99	0	Europe	large	1	3	2
False	obj1004	train	0	79	T. Kim	Carbon Dreams 2025 3	Final Chapter	23.05.2025	MV202501767	3956	39,8	6,501,154	22,002	44,529,372	3,701,514	137,951	1,383,636	912,616	2,704,834	5,400,380	204	344,976	18945	88	3,330,386	187	11,695,181	61,564	16,584,272	41,661	46	1	Americas	small	3	2	1
False	obj1005	train	0	94	Z. Ali	Nova Protocol 2025	Final Chapter	24.03.2025	MV202501768	48	44,1	10,456,051	26,012	44,325,037	4,000,617	48,707	1,515,108	1,570,554	5,729,116	2,529,915	88	295,314	75114	219	2,837,250	180	17,543,981	93,885	21,364,867	2,943,747	40	0	Latin America	small	4	3	1
False	obj1006	train	0	80	E. Brooks	Ember Valley	New Dawn	22.05.2025	MV202501769	159	104,3	7,160,063	136,610	41,511,290	1,943,520	32,424	888,779	1,804,000	5,836,717	6,917,262	134	405,628	46019	71	2,107,529	51	42,661,627	12,555	9,344,843	2,607,872	52	0	Americas	small	3	3	4
False	obj1007	train	0	72	D. Rossi	Ghost Frequency	Universe Zero	24.04.2025	MV202501770	3654	109,6	33,686,536	52,385	31,649,474	10,189,675	337,936	385,004	2,136,759	5,662,203	9,843,024	55	463,903	88686	101	8,817,358	175	35,612,153	72,827	4,211,530	912,130	8	0	Latin America	medium	3	4	4
False	obj1008	train	0	76	D. Rossi	Violet Engine	Open Sky	27.02.2025	MV202501773	3739	100,1	2,703,525	1,237	28,505,561	903,900	44,703	1,333,772	162,071	246,134	18,486,516	466	130,327	3160	261	3,712,456	54	24,702,441	35,336	29,316,791	4,641,126	42	0	Latin America	medium	3	1	4
False	obj1009	train	0	63	Z. Ali	Northern Code	Prime Story	21.05.2025	MV202501666	1390	72,3	1,376,065	34,591	33,289,680	892,983	38,481	1,135,622	396,614	1,319,978	13,287,285	169	171,563	77379	16	1,981,501	166	26,735,092	66,386	21,239,020	3,885,484	36	0	Latin America	small	2	0	2
False	obj1010	train	0	34	Y. Tanaka	Final Orbit 2025 4	Chronicles Saga	30.10.2025	MV202501670	1517	94,8	2,149,594	139,499	48,721,653	275,579	2,920	1,021,854	342,751	626,494	18,862,275	444	421,408	37587	126	5,665,637	106	40,164,168	58,065	16,303,560	352,406	37	0	Asia-Pacific	medium	0	0	3
False	obj1011	train	0	70	B. Carter	Crystal Fault 2025	Dark Matter	23.08.2025	MV202501671	3477	75,3	6,922,695	139,236	30,152,613	4,859,520	137,223	1,810,247	1,422,451	2,887,645	10,780,544	212	419,936	44991	199	3,197,536	181	23,198,931	43,368	6,418,228	3,326,882	80	0	Asia-Pacific	large	3	2	2
False	obj1012	train	0	84	R. Silva	Last Signal 3	Open Sky	21.09.2025	MV202501673	4161	37,1	1,248,257	105,104	1,214,290	809,645	13,420	1,428,532	258,797	800,542	3,128,528	328	173,258	77721	261	4,999,249	123	10,899,608	51,206	16,124,389	2,490,834	68	0	Latin America	large	4	0	0
False	obj1013	train	0	79	J. Martinez	Hollow Crown 4	Prime Story	06.12.2025	MV202501674	2512	85,6	26,562,567	58,791	6,308,094	14,262,009	614,199	620,632	2,929,334	10,487,505	61,051	272	444,845	54123	119	1,240,456	140	37,723,889	15,835	18,289,433	3,156,201	82	0	Europe	large	3	4	3
False	obj1014	train	0	45	C. Wright	Crimson Archive 2025	Standalone	03.03.2025	MV202501685	3470	48,4	7,367,472	35,667	63,338,384	4,478,809	44,883	1,411,864	1,502,621	5,753,255	3,743,992	150	329,689	44859	296	2,590,483	173	27,397,164	47,592	8,452,551	1,251,609	96	0	Europe	small	1	3	1
False	obj1015	train	0	66	W. Stone	Jade Frequency 2025 2	Standalone	14.10.2025	MV202501686	3883	15,6	49,849,464	128,309	68,297,078	34,470,906	1,163,695	1,028,886	7,852,653	13,434,784	19,963,562	290	64,687	17693	34	6,467,421	160	13,687,181	14,419	19,056,399	3,393,680	49	1	Americas	small	2	4	0
False	obj1016	train	0	57	I. Hassan	Neon Horizon 2	Open Sky	11.12.2025	MV202501687	1116	115,7	27,937,910	168,803	67,003,608	20,541,078	675,535	1,579,350	1,651,657	5,812,340	18,005,111	123	394,412	69130	221	2,506,463	42	21,560,493	3,394	5,346,268	853,683	4	1	Americas	large	2	4	4
False	obj1017	train	0	92	J. Martinez	Blue Static 2025 3	Standalone	26.02.2025	MV202501689	3324	45,4	9,428,021	59,209	73,687,191	3,110,872	120,784	496,283	1,687,475	2,619,516	6,878,289	336	331,515	2139	31	3,160,880	115	25,306,988	52,113	6,112,833	3,800,366	69	0	Europe	large	4	3	1
False	obj1018	train	0	61	Q. Jensen	Final Orbit 2025	Open Sky	05.04.2025	MV202501690	2784	22,8	6,767,789	134,664	73,850,544	4,447,044	150,295	1,794,738	1,504,658	5,189,497	1,634,423	290	219,658	86953	149	444,671	196	30,009,607	8,346	19,326,310	3,722,852	4	0	Americas	medium	2	2	0
False	obj1019	train	0	61	C. Wright	Arctic Pulse 2025	Final Chapter	02.03.2025	MV202501692	2503	91,1	30,759,228	109,788	22,294,977	12,515,815	169,310	1,578,059	2,383,999	8,876,970	463,910	382	306	9284	164	8,905,834	165	240,002	40,985	16,656,910	905,839	83	1	Europe	small	2	4	3
False	obj1020	train	0	58	Q. Jensen	Feral Harmony 2025	Open Sky	31.08.2025	MV202501703	3087	46,9	4,399,455	30,193	16,138,456	3,174,773	89,060	206,615	984,125	2,518,792	14,995,969	21	152,535	36678	291	6,919,582	24	48,975,613	44,436	11,418,815	4,897,452	81	0	Americas	medium	2	2	1
False	obj1021	train	0	66	A. Volkov	Frozen Ledger 2025	Open Sky	28.04.2025	MV202501706	1365	34,1	6,798,930	68,172	17,165,215	4,551,987	101,509	1,057,656	1,854,024	5,050,919	18,574,504	245	498,676	59856	217	4,357,121	92	39,717,589	31,445	6,400,150	1,762,539	59	1	Americas	large	2	2	0
False	obj1022	train	0	60	D. Rossi	Final Orbit 2025	Origin Arc	25.12.2025	MV202501708	1151	106,6	13,119,133	124,165	46,918,138	3,238,549	65,642	758,930	580,330	786,507	1,284,313	101	289,668	26981	271	1,296,478	80	14,081,210	39,655	28,254,779	661,528	73	0	Latin America	medium	2	3	4
False	obj1023	train	0	90	C. Wright	Golden Ratio 2025	Standalone	17.04.2025	MV202501709	3839	111,7	972,874	88,335	68,858,384	370,779	6,937	1,887,627	246,400	959,755	9,217,211	13	426,468	61186	64	4,003,336	79	2,543,406	47,887	29,056,623	4,738,764	56	0	Europe	small	4	0	4
False	obj1024	train	0	89	N. Fischer	Parallel Lines 2025	Dark Matter	14.06.2025	MV202501710	4360	74,3	6,015,535	127,748	25,754,311	360,129	3,758	73,709	472,260	1,240,350	6,914,380	342	132,561	13311	290	3,336,687	153	31,730,024	16,103	14,084,372	4,691,800	75	0	Europe	small	4	2	2
False	obj1025	train	0	38	R. Silva	Final Orbit	Dark Matter	09.08.2025	MV202501720	2577	107,3	5,850,421	81,413	19,849,124	2,583,635	101,495	408,119	568,854	1,199,719	201,364	426	13,534	65802	241	5,566,735	40	5,861,153	26,793	20,008,429	338,096	7	1	Latin America	large	0	2	4
False	obj1026	train	0	32	T. Kim	Ember Valley	Open Sky	01.09.2025	MV202501721	1061	42,1	1,271,680	37,844	40,056,916	605,952	10,570	135,569	48,295	92,781	16,073,331	269	131,324	77966	224	5,089,243	5	24,902,590	58,466	13,840,282	3,218,791	36	0	Americas	small	0	0	1
False	obj1027	train	0	30	C. Wright	Shadow Circuit	Standalone	07.11.2025	MV202501724	173	49,3	4,953,981	179,189	61,624,301	867,211	38,646	498,329	1,333,839	3,533,621	227,574	341	6,894	63648	178	5,363,343	84	24,086,116	79,226	4,167,595	1,340,482	31	0	Europe	small	0	2	1
False	obj1028	train	0	91	S. Patel	Obsidian Heart 2025	New Dawn	22.07.2025	MV202501726	372	28,3	8,117,761	101,712	7,513,437	1,133,208	34,405	393,694	1,455,300	5,563,206	18,140,169	119	113,388	93677	207	7,156,810	136	8,928,663	77,914	10,342,190	1,785,918	30	0	Europe	large	4	3	0
False	obj1029	train	0	51	Z. Ali	Electric Mirage 2025	Universe Zero	15.05.2025	MV202501727	2812	79,1	1,705,325	122,701	68,825,385	1,072,996	19,341	436,834	98,801	188,570	17,193,505	182	26,103	21202	293	8,398,426	169	7,252,885	5,039	27,138,161	4,975,998	5	0	Latin America	small	1	0	3
False	obj1030	train	0	45	D. Rossi	Digital Saints 2025	Dark Matter	06.07.2025	MV202501728	3986	40,5	1,432,256	190,998	58,178,177	1,096,713	50,962	634,428	162,076	575,913	4,525,707	166	111,191	21187	229	5,898,246	7	12,332,260	72,336	29,762,238	2,960,591	96	0	Latin America	medium	1	0	1
False	obj1031	train	0	48	Q. Jensen	Electric Mirage 2025	Chronicles Saga	29.09.2025	MV202501741	4879	108,1	5,126,215	147,282	39,578,404	688,191	23,803	1,998,322	1,146,556	1,695,837	5,811,385	163	311,824	286	216	2,718,159	124	21,327,280	24,973	15,385,183	455,930	56	1	Americas	medium	1	2	4
False	obj1032	train	0	75	O. Dubois	White Noise 2025	Universe Zero	07.01.2025	MV202501743	2060	100	2,928,952	156,344	37,558,429	1,141,411	31,517	475,514	298,716	672,247	13,339,354	260	281,768	95980	95	804,911	40	223,817	42,621	12,130,223	2,414,158	92	1	Latin America	large	3	1	4
False	obj1033	train	0	91	K. Olsen	Frozen Ledger 2025	Standalone	27.02.2025	MV202501744	3277	63,2	50,579,941	13,876	50,757,115	21,478,779	875,941	607,483	4,528,145	5,755,545	14,356,648	297	456,431	61144	114	193,296	165	37,372,887	28,077	9,022,572	4,904,475	27	1	Americas	large	4	4	2
False	obj1034	train	0	65	T. Kim	Digital Saints 2025	Origin Arc	14.03.2025	MV202501756	2321	49,8	3,519,206	161,298	36,804,451	658,480	7,050	1,926,848	665,221	1,511,186	4,296,227	366	310,027	69799	242	4,114,897	114	1,647,648	98,937	24,996,203	1,255,928	51	0	Americas	small	2	1	1
False	obj1035	train	0	52	S. Patel	Kinetic Prayer 2025	Origin Arc	15.10.2025	MV202501757	3786	96,6	9,913,288	175,315	50,857,846	5,199,845	63,309	929,343	1,754,419	2,219,289	6,123,373	97	3,643	94915	117	4,621,476	49	8,505,031	34,286	16,384,934	2,300,234	72	1	Europe	large	1	3	3
False	obj1036	train	0	40	W. Stone	Broken Compass 2025	Legacy Cycle	17.04.2025	MV202501758	1122	98,7	1,031,081	179,086	18,558,707	286,701	2,899	520,213	73,375	282,998	5,132,219	241	463,720	94905	74	561,966	120	16,336,345	29,514	26,869,836	2,707,174	69	1	Americas	small	0	0	3
False	obj1037	train	0	44	F. Nguyen	Frozen Ledger 2025	Universe Zero	31.05.2025	MV202501760	4045	69,9	837,558	68,321	6,923,629	237,689	4,375	1,607,464	42,755	66,927	8,156,350	220	304,893	13761	56	8,476,048	18	19,268,926	61,311	26,738,878	873,449	50	1	Asia-Pacific	large	1	0	2
False	obj1038	train	0	92	Y. Tanaka	Red Meridian 2025	Final Chapter	02.07.2025	MV202501762	4807	52,4	11,120,257	197,535	27,630,545	3,058,266	108,480	1,108,495	2,725,364	7,004,534	12,707,297	320	356,226	75320	278	9,994,652	186	45,986,246	66,933	20,292,124	4,381,691	31	0	Asia-Pacific	medium	4	3	1
False	obj1039	train	0	68	E. Brooks	Frozen Ledger 2025	Chronicles Saga	24.08.2025	MV202501763	2844	57,9	31,388,794	189,539	28,250,769	8,943,690	376,793	86,832	3,198,040	12,172,854	16,131,955	312	61,311	52119	238	6,057,835	76	5,220,039	37,222	15,832,675	137,566	48	0	Americas	small	2	4	1
False	obj1040	train	0	92	C. Wright	Frozen Ledger 2025	Origin Arc	21.02.2025	MV202501774	1346	108,6	41,159,326	164,325	17,301,125	8,241,271	181,960	1,201,234	3,375,003	8,037,507	6,614,351	167	265,945	15486	285	2,136,577	10	41,122,286	29,933	12,033,421	1,710,714	42	0	Europe	small	4	4	4
False	obj1041	train	0	73	E. Brooks	Blue Static 2025	Prime Story	22.04.2025	MV202501775	2559	23,8	10,971,960	76,440	63,905,719	2,442,442	106,815	1,162,940	3,041,101	9,936,209	4,093,784	293	185,813	16500	184	8,074,384	128	11,186,291	47,343	6,396,043	1,694,191	65	1	Americas	small	3	3	0
False	obj1042	train	0	51	D. Rossi	Crimson Archive 2025	Dark Matter	18.08.2025	MV202501776	1634	62	18,294,322	26,317	36,606,415	8,106,751	253,545	1,951,331	2,500,485	5,828,598	5,065,141	418	331,582	98516	118	6,028,232	188	33,463,195	50,434	22,876,978	3,432,605	71	0	Latin America	medium	1	4	2
False	obj1043	train	0	46	V. Popov	Silent Protocol 2025	Open Sky	23.10.2025	MV202501777	2452	115	13,736,962	143,586	55,864,466	1,352,268	42,418	636,830	3,348,329	11,410,605	16,930,328	457	144,328	39047	93	1,418,602	88	1,422,488	35,787	29,562,900	4,173,363	52	0	Latin America	large	1	4	4
False	obj1044	train	0	63	W. Stone	Last Signal	Universe Zero	15.08.2025	MV202501779	4737	20,5	10,547,247	71,870	54,977,015	7,177,995	243,699	1,945,138	926,900	1,948,484	13,415,050	415	193,677	14971	195	1,587,485	170	28,424,481	50,085	24,250,444	2,513,639	48	0	Americas	small	2	3	0
False	obj1045	train	0	77	J. Martinez	Jade Frequency 2025	Universe Zero	25.05.2025	MV202501780	2308	44,7	10,477,012	113,940	2,804,265	1,119,972	38,180	1,286,391	638,675	2,120,511	846,977	195	231,925	22580	41	2,703,629	192	10,486,995	8,916	7,373,445	4,768,637	51	0	Europe	large	3	3	1
False	obj1046	train	0	75	K. Olsen	Golden Ratio 4	Open Sky	19.08.2025	MV202501782	338	70,3	13,291,840	45,468	31,265,280	8,302,927	108,211	1,223,752	3,212,286	8,919,890	2,517,761	365	123,949	54175	278	7,397,759	196	31,619,054	72,139	26,368,997	3,969,079	28	1	Americas	large	3	3	2
False	obj1047	train	0	35	K. Olsen	Hyperion Rise 2025 3	New Dawn	06.03.2025	MV202501792	180	120	10,367,189	177,952	66,303,795	6,795,392	219,873	1,643,816	2,387,693	5,081,241	2,537,558	112	82,701	74837	261	2,955,603	46	33,936,334	32,160	19,563,433	4,308,498	68	1	Americas	large	0	3	4
False	obj1048	train	0	80	K. Olsen	Desert Oracle 2025	Legacy Cycle	30.11.2025	MV202501794	1889	101,6	13,331,320	11,385	65,333,715	4,873,105	91,027	1,759,748	1,274,172	3,906,419	16,849,129	350	273,761	8133	35	6,626,415	197	11,810,093	321	26,191,710	627,157	15	0	Americas	large	3	3	4
False	obj1049	train	0	90	W. Stone	Crystal Fault 2025	Universe Zero	01.11.2025	MV202501796	2294	85,8	26,561,177	79,301	6,090,523	8,690,312	152,557	739,486	1,901,305	7,276,041	1,988,225	217	314,712	4458	219	406,306	90	45,229,131	92,901	8,236,313	27,701	82	0	Americas	small	4	4	3
False	obj1050	train	0	61	J. Martinez	Silent Protocol 2025	New Dawn	23.04.2025	MV202501797	2532	25,5	27,658,577	166,489	58,101,359	17,468,423	475,430	350,286	7,130,115	15,904,633	4,431,050	380	424,893	78615	259	3,204,575	20	49,102,991	13,127	29,529,942	4,125,106	37	0	Europe	large	2	4	0
False	obj1051	train	0	58	S. Patel	Violet Engine	Standalone	14.11.2025	MV202501785	1920	23,5	4,383,139	41,905	1,168,798	645,808	13,841	1,766,804	240,560	882,986	14,269,374	331	444,456	4935	217	4,725,008	59	31,925,541	92,520	2,424,883	1,129,255	15	1	Europe	large	2	2	0
False	obj1052	train	0	43	Q. Jensen	Solar Drift 2025 3	Standalone	15.10.2025	MV202501786	158	47,8	17,827,213	142,880	17,456,188	3,889,860	77,757	395,490	1,411,734	2,623,679	8,674,223	227	383,441	97157	283	4,045,862	59	47,105,695	28,385	20,196,669	382,724	28	0	Americas	medium	1	4	1
False	obj1053	train	0	56	J. Martinez	Digital Saints	Prime Story	21.04.2025	MV202501801	487	71,4	5,254,600	66,783	24,098,853	1,257,229	25,685	1,505,493	518,316	1,932,971	19,449,172	446	10,526	51477	268	5,546,044	105	26,664,608	9,747	11,824,412	1,164,960	45	1	Europe	large	2	2	2
False	obj1054	train	0	53	J. Martinez	Lunar Cartography	Final Chapter	15.03.2025	MV202501802	2857	96,2	53,665,687	68,711	11,408,389	39,290,525	872,973	1,629,509	2,435,979	8,494,503	4,294,145	455	357,117	77570	162	1,772,134	41	43,314,962	19,940	6,687,614	774,552	12	1	Europe	large	1	4	3
False	obj1055	train	0	86	W. Stone	Crystal Fault	Chronicles Saga	16.02.2025	MV202501804	1654	19,8	25,851,650	165,372	11,548,281	11,649,048	470,452	812,935	7,341,627	26,972,914	14,445,361	484	47,467	21660	78	1,891,353	144	23,604,449	16,877	23,028,093	1,610,379	75	0	Americas	small	4	4	0
False	obj1056	train	0	54	M. Chen	Ocean of Stars 2025	Dark Matter	26.08.2025	MV202501805	3688	109,6	4,029,986	183,056	45,168,789	3,157,655	49,767	1,323,609	816,493	3,104,492	17,656,837	309	214,389	36063	159	3,656,708	21	12,950,428	59,342	15,374,984	4,218,454	18	0	Asia-Pacific	large	1	1	4
False	obj1057	train	0	30	R. Silva	Violet Engine 2025	Final Chapter	14.11.2025	MV202501808	862	99,5	17,134,045	148,399	23,291,581	9,989,879	381,596	833,562	4,480,047	15,801,524	9,091,208	40	262,791	60313	192	1,579,902	81	23,881,319	8,981	12,933,941	2,916,209	41	0	Latin America	large	0	4	3
False	obj1058	train	0	68	T. Kim	Carbon Dreams 2025	Prime Story	28.06.2025	MV202501809	3986	82,5	2,703,028	95,880	14,271,855	1,330,655	54,186	683,328	663,020	2,451,317	19,485,398	221	392,940	58879	284	5,982,049	139	6,881,847	39,878	23,763,276	1,366,136	57	0	Americas	small	2	1	3
False	obj1059	train	0	54	N. Fischer	Feral Harmony	Legacy Cycle	15.10.2025	MV202501821	1370	33,3	6,316,984	179,459	5,097,655	2,617,648	55,988	1,289,559	185,848	429,491	6,296,905	448	109,728	70176	25	6,280,702	21	44,129,643	6,998	27,876,373	4,322,705	17	1	Europe	small	1	2	0
False	obj1060	train	0	56	B. Carter	Hyperion Rise 2025	Origin Arc	28.02.2025	MV202501822	1674	31,2	954,414	141,585	3,136,696	378,748	8,819	767,197	22,970	90,957	2,475,688	224	244,686	27102	117	8,364,819	98	16,485,782	11,693	29,674,403	910,267	19	0	Asia-Pacific	large	2	0	0
False	obj1061	train	0	62	K. Olsen	Broken Compass 2025	Legacy Cycle	30.10.2025	MV202501823	3807	75,8	30,358,532	6,203	53,413,101	4,971,008	206,399	83,135	968,565	2,920,464	10,285,249	485	248,116	61941	58	4,101,632	100	9,386,566	27,439	3,704,764	2,867,395	82	0	Americas	large	2	4	2
False	obj1062	train	0	53	C. Wright	Hollow Crown	Dark Matter	21.01.2025	MV202501824	1608	67,4	5,986,709	193,923	57,347,685	3,197,060	100,361	882,354	327,969	778,523	17,572,992	359	488,390	74572	39	8,402,762	198	46,721,815	60,615	26,807,206	4,649,547	78	1	Europe	small	1	2	2
False	obj1063	train	0	53	V. Popov	Violet Engine 2025	Final Chapter	20.11.2025	MV202501826	413	108	5,408,264	61,254	46,366,178	3,408,326	108,883	1,030,133	1,401,866	3,801,391	12,121,352	288	310,785	83268	259	3,045,246	55	55,003	3,877	23,651,551	2,898,921	93	0	Latin America	large	1	2	4
False	obj1064	train	0	36	D. Rossi	Midnight Cartel 2025	New Dawn	13.11.2025	MV202501827	4086	82,6	3,738,836	38,879	42,656,171	238,750	10,943	1,757,918	1,029,232	2,185,276	399,786	484	110,205	20283	116	9,064,062	89	17,283,141	56,436	17,348,120	1,767,094	54	1	Latin America	medium	0	1	3
False	obj1065	train	0	61	E. Brooks	Nova Protocol 2025	Prime Story	05.02.2025	MV202501837	2907	94,4	41,559,959	158,327	40,190,992	31,063,341	1,216,745	1,002,393	724,314	2,654,781	5,987,691	383	3,876	42032	174	9,988,791	183	44,247,095	15,095	7,181,951	1,901,454	49	1	Americas	small	2	4	3
False	obj1066	train	0	39	B. Carter	Deep Current 2025 3	Open Sky	19.10.2025	MV202501839	4128	57,8	1,200,799	17,135	79,556,943	200,881	7,038	492,412	102,908	168,229	7,493,075	244	84,280	10730	162	3,904,802	194	40,908,396	16,070	16,168,882	3,335,830	70	0	Asia-Pacific	large	0	0	1
False	obj1067	train	0	50	I. Hassan	Shadow Circuit 2025	New Dawn	29.10.2025	MV202501840	905	56,4	13,188,370	190,939	74,798,319	7,206,022	337,688	1,982,322	493,299	1,525,330	11,047,429	94	191,963	8672	234	3,159,311	111	11,127,956	37,785	22,855,081	4,242,140	30	0	Americas	large	1	3	1
False	obj1068	train	0	65	I. Hassan	Midnight Cartel 2025	Prime Story	18.11.2025	MV202501842	234	80,4	4,779,228	29,971	47,889,133	1,927,478	75,611	1,399,763	71,420	274,648	18,050,091	101	55,913	58741	184	6,249,479	173	15,239,071	83,989	23,853,412	4,026,546	10	0	Americas	large	2	2	3
False	obj1069	train	0	55	J. Martinez	Nova Protocol 2025	Prime Story	11.10.2025	MV202501843	4567	110,6	3,622,389	4,607	31,347,159	1,332,265	41,167	212,789	346,999	711,432	9,325,113	287	499,273	94731	243	7,217,214	158	9,850,267	86,468	10,269,723	2,120,686	45	0	Europe	large	1	1	4
False	obj1070	train	0	92	E. Brooks	Thunder Archive 2025	Origin Arc	22.10.2025	MV202501845	714	43	10,172,456	160,698	25,292,130	7,412,277	355,972	1,643,519	1,923,751	3,833,677	5,586,752	206	76,182	3483	30	3,828,555	157	9,129,892	61,492	18,619,250	2,098,459	48	0	Americas	small	4	3	1
False	obj1071	train	0	87	H. Andersson	Paper Kingdom 2025	Chronicles Saga	09.08.2025	MV202501856	3892	83,2	1,271,529	36,260	39,808,517	753,993	12,096	1,461,251	153,912	218,852	15,715,321	208	48,762	53450	3	2,065,000	37	38,211,414	96,423	17,360,977	1,519,186	22	1	Asia-Pacific	large	4	0	3
False	obj1072	train	0	46	L. Nakamura	Ghost Frequency 2025	Origin Arc	18.01.2025	MV202501858	3057	59,8	4,916,801	49,247	77,415,350	2,481,709	83,085	1,974,354	708,668	1,223,891	10,469,410	425	474,263	22578	258	4,605,518	129	12,513,263	67,262	10,053,645	3,493,140	79	0	Americas	small	1	2	2
False	obj1073	train	0	92	F. Nguyen	Stone Butterfly 2025	Prime Story	03.03.2025	MV202501862	1629	31,9	14,359,385	137,539	1,967,399	7,174,194	223,561	705,463	403,072	867,616	13,078,576	279	80,943	27323	62	6,668,776	185	36,162,892	99,955	27,471,342	4,877,272	11	1	Asia-Pacific	large	4	4	0
False	obj1074	train	0	86	F. Nguyen	Solar Drift	Open Sky	23.04.2025	MV202501863	4519	35,6	3,508,739	103,347	15,618,831	1,098,438	51,791	1,624,655	160,554	405,557	15,933,681	380	154,009	92398	299	8,561,473	100	27,438,371	27,299	13,961,316	555,715	37	0	Asia-Pacific	large	4	1	0
False	obj1075	train	0	45	G. Murphy	Glass Reactor 2025	Chronicles Saga	10.09.2025	MV202501873	3643	36,8	8,206,129	93,323	46,234,420	1,023,040	31,264	1,692,684	586,431	1,294,555	14,881,582	434	181,747	92991	96	3,187,856	49	15,919,079	63,540	18,551,197	1,702,857	31	1	Europe	medium	1	3	0
False	obj1076	train	0	87	K. Olsen	Violet Engine	New Dawn	28.01.2025	MV202501877	4711	35,7	1,808,675	8,080	28,709,648	597,481	21,213	384,202	187,631	750,351	16,108,958	96	300,271	62690	235	738,213	31	3,720,456	4,685	3,730,792	3,409,778	99	1	Americas	large	4	0	0
False	obj1077	train	0	31	T. Kim	Midnight Cartel 2025	Legacy Cycle	04.07.2025	MV202501879	3086	93,3	2,669,637	192,615	41,337,912	743,929	22,947	956,959	797,619	1,504,803	17,514,028	124	158,279	21467	146	9,796,114	144	634,566	81,915	10,087,574	1,160,866	93	0	Americas	small	0	1	3
False	obj1078	train	0	68	B. Carter	Aurora Debt 2025 2	Universe Zero	14.09.2025	MV202501881	3220	101,9	3,920,874	178,717	49,437,679	314,463	5,696	643,302	757,462	2,158,218	5,173,067	476	263,036	35912	121	1,396,565	30	16,938,783	21,479	13,294,485	3,770,595	93	1	Asia-Pacific	large	2	1	4
False	obj1079	train	0	46	W. Stone	Arctic Pulse 2025	Legacy Cycle	13.03.2025	MV202501892	2353	25,5	18,936,955	192,840	54,912,035	3,673,986	119,063	1,226,102	5,613,744	18,983,258	7,652,540	309	230,945	96563	243	6,350,788	122	17,660,095	2,190	3,189,734	2,735,065	29	1	Americas	small	1	4	0
False	obj1080	train	0	84	K. Olsen	Iron Garden	Standalone	02.10.2025	MV202501893	4402	113,9	443,823	23,146	23,646,571	226,624	6,485	1,894,870	127,470	171,286	52,301	198	349,561	18396	274	1,442,117	112	8,023,491	34,954	28,477,213	3,919,331	71	1	Americas	large	4	0	4
False	obj1081	train	0	78	F. Nguyen	Silver Transit	Final Chapter	27.01.2025	MV202501895	1221	74,2	1,130,560	116,808	10,858,713	292,475	11,349	1,529,729	201,116	753,840	18,739,228	214	473,682	96113	135	6,157,863	156	1,464,732	26,940	27,309,763	730,812	16	0	Asia-Pacific	large	3	0	2
False	obj1082	train	0	64	I. Hassan	Lunar Cartography	Chronicles Saga	21.04.2025	MV202501897	497	42,7	62,556,529	47,511	22,292,337	8,188,370	91,492	913,906	16,274,756	33,281,077	10,824,591	275	108,616	4190	99	9,907,450	69	39,492,167	79,066	3,960,582	2,470,356	35	0	Americas	large	2	4	1
False	obj1083	train	0	51	C. Wright	Midnight Cartel 2025	Prime Story	17.09.2025	MV202501898	3600	119,9	7,203,799	51,729	70,406,106	3,340,578	56,218	342,058	1,536,897	4,156,192	19,409,567	126	408,332	831	122	9,598,126	18	34,827,338	84,334	21,011,818	2,426,990	13	0	Europe	small	1	3	4
False	obj1084	train	0	77	Z. Ali	Stone Butterfly 2025 2	Final Chapter	19.05.2025	MV202501899	310	111	20,161,744	162,113	12,565,957	6,224,278	220,790	1,407,740	689,319	2,740,697	16,677,806	52	345,329	5277	119	7,401,498	4	46,888,348	39,980	19,479,367	3,601,886	40	1	Latin America	small	3	4	4
False	obj1085	train	0	74	L. Nakamura	Neon Horizon 2025 2	New Dawn	22.01.2025	MV202501911	4634	66,1	54,252,520	50,100	54,622,848	31,294,578	974,941	772,793	9,925,624	34,006,534	7,735,065	201	96,887	91275	64	6,018,499	80	8,926,028	51,906	7,411,245	2,724,105	45	0	Americas	small	3	4	2
False	obj1086	train	0	81	G. Murphy	Infinite Margin	Universe Zero	19.10.2025	MV202501912	1222	52,7	2,319,465	182,170	42,612,179	567,521	17,280	1,536,929	627,846	2,307,997	7,359,019	312	403,937	1373	16	5,552,626	92	15,251,453	46,478	559,330	1,402,904	7	1	Europe	medium	3	1	1
False	obj1087	train	0	47	Z. Ali	Crimson Archive 2025	Legacy Cycle	15.12.2025	MV202501914	998	52,3	23,662,910	129,841	67,112,004	13,779,317	436,797	1,008,829	338,579	1,188,857	7,211,882	91	298,717	59712	93	5,162,301	163	8,829,119	64,074	8,845,179	4,855,247	28	0	Latin America	small	1	4	1
False	obj1088	train	0	51	E. Brooks	Electric Mirage 2025	New Dawn	15.05.2025	MV202501916	4154	72,3	5,064,926	169,246	21,177,957	3,729,576	85,924	1,870,312	301,244	1,185,036	18,525,383	433	303,924	37257	48	6,359,919	134	23,870,032	30,580	27,389,438	4,558,467	81	0	Americas	small	1	2	2
False	obj1089	train	0	78	M. Chen	Northern Code	Standalone	30.07.2025	MV202501811	2410	80,6	2,234,108	89,725	54,115,621	988,572	27,942	1,331,587	544,266	1,979,782	3,273,885	117	323,725	77565	280	6,509,615	77	20,578,983	15,417	21,931,897	4,850,112	94	0	Asia-Pacific	large	3	1	3
False	obj1090	train	0	56	J. Martinez	Arctic Pulse	Final Chapter	07.08.2025	MV202501812	3074	71,7	16,964,515	77,198	69,089,285	10,166,315	153,749	477,441	2,579,948	3,178,802	15,808,127	226	183,892	25683	195	2,757,011	141	47,672,918	23,143	15,015,210	254,428	6	0	Europe	large	2	4	2
False	obj1091	train	0	69	M. Chen	Winter Echo 3	Standalone	19.10.2025	MV202501816	1466	91,2	1,754,919	32,114	2,001,048	707,685	33,106	1,377,894	221,996	533,735	15,459,444	108	83,376	24823	95	1,410,099	120	5,071,613	99,233	29,153,665	3,273,110	40	0	Asia-Pacific	large	3	0	3
False	obj1092	train	0	90	T. Kim	Aurora Debt 2025	Chronicles Saga	02.12.2025	MV202501830	2762	116,1	887,371	72,993	2,620,726	547,800	8,904	31,775	60,337	112,752	18,244,524	264	217,380	87174	128	4,386,305	76	19,969,044	61,025	24,272,928	2,507,965	67	0	Americas	small	4	0	4
False	obj1093	train	0	71	F. Nguyen	Shadow Circuit	Dark Matter	24.10.2025	MV202501831	273	57,7	1,586,280	13,541	24,352,331	864,237	12,549	1,030,378	16,635	61,079	1,136,890	314	81,799	69744	68	6,214,412	53	19,496,605	53,816	6,936,444	1,524,136	68	0	Asia-Pacific	large	3	0	1
False	obj1094	train	0	78	Z. Ali	Burning Atlas	Origin Arc	07.07.2025	MV202501833	4292	30,7	1,202,857	33,666	6,686,477	710,956	31,452	859,028	153,885	435,863	3,993,984	483	314,316	52233	225	1,561,434	67	46,538,471	18,540	25,941,367	846,131	59	0	Latin America	small	3	0	0
False	obj1095	train	0	31	H. Andersson	Blue Static 4	Chronicles Saga	02.08.2025	MV202501834	449	46,2	4,533,765	51,350	23,758,652	1,298,134	14,364	1,438,352	249,094	604,877	6,111,527	449	446,583	97179	3	9,172,793	155	10,895,069	84,038	18,501,800	2,403,310	52	0	Asia-Pacific	large	0	2	1
False	obj1096	train	0	69	R. Silva	Lunar Cartography 2025	Prime Story	05.04.2025	MV202501835	3955	97,1	5,036,728	102,039	62,609,616	1,404,474	18,096	1,693,129	1,139,003	3,494,359	12,808,665	385	484,033	10598	226	5,046,675	85	5,280,516	27,958	21,420,137	3,062,702	83	0	Latin America	large	3	2	3
False	obj1097	train	0	69	S. Patel	Hyperion Rise 2025	Standalone	01.03.2025	MV202501848	4159	80,5	1,873,544	131,691	210,591	510,873	23,905	1,890,660	92,371	111,175	7,571,321	366	274,725	84797	51	9,244,035	5	41,729,951	42,905	15,747,890	2,363,016	79	0	Europe	large	3	0	3
False	obj1098	train	0	59	G. Murphy	Parallel Lines 2025	Origin Arc	17.03.2025	MV202501849	1852	29,9	9,304,486	195,966	31,785,544	2,106,618	51,805	1,218,459	808,710	975,568	14,860,979	316	48,025	67013	107	8,163,770	20	11,232,735	79,852	21,074,994	835,451	95	0	Europe	medium	2	3	0
False	obj1099	train	0	81	A. Volkov	Violet Engine 2025 2	Origin Arc	01.05.2025	MV202501851	939	24,4	14,315,695	183,404	76,102,602	6,982,793	233,858	1,619,948	892,823	1,276,651	15,280,685	67	51,174	33967	241	7,064,007	194	22,977,029	37,848	14,279,479	169,464	69	0	Americas	large	3	4	0
False	obj1100	train	0	40	P. Singh	Silent Protocol 2025	Open Sky	22.09.2025	MV202501853	4760	50,2	3,254,975	198,057	50,276,051	925,010	16,160	362,696	84,099	238,749	13,811,548	135	395,777	26365	215	3,999,664	185	45,260,561	85,206	17,209,445	883,877	12	1	Latin America	small	0	1	1
False	obj1101	train	0	68	Q. Jensen	Nova Protocol 2025	Origin Arc	15.10.2025	MV202501854	4817	44,1	14,528,589	23,852	17,557,930	2,557,219	107,924	1,590,659	3,531,296	11,241,479	3,409,219	175	367,990	77990	23	1,748,804	105	1,912,958	41,391	24,234,450	2,259,413	51	0	Americas	medium	2	4	1
False	obj1102	train	0	36	F. Nguyen	Violet Engine 2025	Prime Story	14.05.2025	MV202501864	3544	92	3,326,394	187,109	32,121,188	212,460	8,423	1,387,497	229,259	872,251	6,124,390	208	258,877	59403	218	1,494,933	43	25,760,123	39,688	6,966,351	4,341,739	94	1	Asia-Pacific	large	0	1	3
False	obj1103	train	0	53	Q. Jensen	Carbon Dreams	Standalone	07.04.2025	MV202501865	240	33,4	546,572	162,079	77,303,829	326,107	11,441	682,953	151,327	557,079	3,287,570	101	214,410	12309	220	762,198	164	3,493,322	10,803	25,571,012	4,712,063	76	0	Americas	medium	1	0	0
False	obj1104	train	0	90	E. Brooks	Paper Kingdom 2025	Universe Zero	17.02.2025	MV202501867	965	107	38,041,704	170,640	13,954,092	16,105,506	505,438	138,887	6,709,871	8,565,739	14,009,566	37	77,515	8587	5	9,003,806	104	13,262,348	99,833	18,755,441	2,098,256	5	0	Americas	small	4	4	4
False	obj1105	train	0	46	T. Kim	Glass Reactor 2025	Legacy Cycle	21.09.2025	MV202501868	3158	92,8	1,461,188	159,750	66,280,254	650,229	14,951	311,260	322,301	679,334	8,058,158	102	432,732	47684	74	9,371,310	8	36,426,152	27,241	2,972,833	3,338,078	81	1	Americas	small	1	0	3
False	obj1106	train	0	37	V. Popov	Winter Echo 2025	Chronicles Saga	21.11.2025	MV202501869	2361	93,2	1,673,471	2,487	321,671	744,245	10,114	1,175,391	322,035	507,451	9,762,043	361	51,055	49504	196	977,204	77	20,805,171	41,760	7,092,182	222,137	3	0	Latin America	large	0	0	3
False	obj1107	train	0	47	W. Stone	Frozen Ledger 2025 2	Origin Arc	11.07.2025	MV202501870	2153	95,4	14,622,334	85,660	13,236,680	11,265,207	181,301	1,070,897	3,793,218	12,082,157	9,163,967	462	193,503	5639	146	7,822,807	180	28,858,054	57,554	27,424,074	456,143	15	1	Americas	small	1	4	3
False	obj1108	train	0	38	Y. Tanaka	Nova Protocol 2025	Dark Matter	02.06.2025	MV202501871	3291	46,2	1,689,973	67,097	632,852	156,387	3,127	1,126,404	169,233	331,418	5,442,705	429	453,025	74431	271	8,245,067	191	18,027,850	42,842	26,335,742	332,484	24	1	Asia-Pacific	medium	0	0	1
False	obj1109	train	0	47	F. Nguyen	Midnight Cartel	Universe Zero	14.09.2025	MV202501883	2077	46,3	29,477,996	153,899	79,836,889	7,819,885	124,667	1,963,086	1,093,778	3,217,407	1,099,343	370	143,620	86004	167	5,633,229	191	4,312,317	43,254	3,321,476	350,469	41	0	Asia-Pacific	large	1	4	1
False	obj1110	train	0	50	D. Rossi	Crystal Fault 2025 2	Universe Zero	16.07.2025	MV202501884	4870	93,7	23,589,323	61,777	24,524,962	16,625,248	595,402	1,578,949	4,955,786	5,991,177	9,312,121	436	105,503	89201	181	5,213,799	9	42,744,307	51,396	21,130,895	4,205,797	91	0	Latin America	medium	1	4	3
False	obj1111	train	0	31	Z. Ali	Desert Oracle	Legacy Cycle	06.06.2025	MV202501885	2413	61,8	13,720,437	76,650	38,481,522	10,400,193	340,823	1,702,676	1,688,506	4,709,987	4,988,054	41	35,169	77774	38	1,654,084	14	43,193,557	53,113	10,533,565	3,777,743	35	0	Latin America	small	0	4	2
False	obj1112	train	0	76	P. Singh	Silver Transit 2025 4	Legacy Cycle	10.10.2025	MV202501886	829	91,5	1,976,410	14,393	52,530,965	1,550,001	35,878	330,177	152,849	321,521	5,290,368	341	143,085	44958	62	4,696,453	109	5,136,025	81,858	24,601,524	4,969,069	65	0	Latin America	small	3	0	3
False	obj1113	train	0	48	Q. Jensen	Midnight Cartel	Prime Story	25.04.2025	MV202501887	2813	20,9	3,462,899	136,155	79,336,826	1,313,143	52,973	1,726,586	474,718	732,425	18,771,652	379	115,901	64133	1	4,064,758	139	13,111,350	50,777	11,763,052	2,243,571	9	0	Americas	medium	1	1	0
False	obj1114	train	0	40	H. Andersson	Shadow Circuit 2025	Dark Matter	17.02.2025	MV202501888	2053	117,1	8,728,143	30,918	61,470,760	5,612,314	153,591	1,781,283	454,423	1,156,267	1,860,902	469	455,587	16014	290	8,156,347	25	48,139,564	79,503	23,974,895	1,653,182	94	0	Asia-Pacific	large	0	3	4
False	obj1115	train	0	39	W. Stone	Midnight Cartel 2025 3	Origin Arc	18.05.2025	MV202501889	1842	98,2	9,530,202	103,593	64,650,097	6,592,859	69,503	1,326,246	172,409	338,781	3,190,078	390	437,864	76093	119	1,070,112	122	1,864,811	62,944	13,891,282	2,709,682	59	0	Americas	small	0	3	3
False	obj1116	train	0	65	D. Rossi	Ember Valley 2025 2	Legacy Cycle	08.06.2025	MV202501901	2308	22,2	80,650,095	186,226	58,522,256	20,195,866	586,107	1,153,572	4,130,450	5,837,495	8,726,826	238	140,785	14816	188	2,542,484	190	4,963,074	2,473	19,683,399	3,866,926	86	0	Latin America	medium	2	4	0
False	obj1117	train	0	49	H. Andersson	Burning Atlas 2025	Chronicles Saga	17.02.2025	MV202501904	4786	56,7	1,592,785	152,905	62,768,000	342,139	16,494	1,819,089	340,472	611,152	6,035,128	70	55,303	99369	76	3,531,429	140	43,612,263	28,369	29,939,700	3,455,912	13	0	Asia-Pacific	large	1	0	1
False	obj1118	train	0	89	S. Patel	City of Glass 2025	Origin Arc	13.11.2025	MV202501905	2399	19,5	6,379,089	80,124	4,594,454	4,895,744	165,548	171,302	418,796	1,565,740	9,625,491	176	309,722	57665	9	3,208,071	198	10,831,594	25,553	510,798	247,194	35	0	Europe	large	4	2	0
False	obj1119	train	0	38	H. Andersson	Blue Static	Legacy Cycle	26.02.2025	MV202501907	378	96,4	64,522,258	23,704	6,909,975	24,197,865	867,145	1,534,297	6,971,036	12,359,298	10,958,709	335	75,576	35513	161	3,969,118	175	13,375,771	82,651	21,262,348	605,586	57	0	Asia-Pacific	large	0	4	3
False	obj1120	train	0	33	E. Brooks	Nova Protocol 3	Final Chapter	29.07.2025	MV202501908	969	105,2	8,367,533	98,775	38,262,284	3,889,044	65,803	749,841	2,389,758	6,514,884	15,280,086	128	20,789	20410	97	5,840,392	79	23,068,340	8,800	19,925,691	759,087	20	0	Americas	small	0	3	4
False	obj1121	train	0	43	B. Carter	Deep Current 2025 3	Final Chapter	06.03.2025	MV202501920	3873	28,9	20,876,568	54,062	44,604,768	2,148,730	53,841	993,694	2,315,226	8,071,842	1,018,122	321	106,296	39317	286	5,165,143	133	2,695,168	38,597	15,340,792	4,139,040	68	0	Asia-Pacific	large	1	4	0
False	obj1122	train	0	72	Z. Ali	Crimson Archive 2025	Prime Story	11.01.2025	MV202501922	2113	74,4	6,780,064	10,166	77,221,533	3,409,478	98,567	1,989,116	165,580	495,478	13,611,068	114	143,941	41801	29	8,457,535	65	16,719,203	83,449	7,806,628	150,508	13	0	Latin America	small	3	2	2
False	obj1123	train	0	90	O. Dubois	Frozen Ledger	Standalone	01.02.2025	MV202501924	491	55,3	20,259,033	142,335	23,188,270	6,848,195	165,672	176,309	261,136	480,885	11,033,394	137	413,856	74532	197	7,251,435	8	31,014,964	27,341	27,367,052	4,963,217	88	0	Latin America	large	4	4	1
False	obj1124	train	0	34	D. Rossi	Stone Butterfly 2025	Prime Story	18.05.2025	MV202501926	424	17,8	3,835,592	192,167	68,167,099	1,126,829	50,849	1,239,056	489,582	1,261,461	13,317,739	214	282,597	18042	189	5,943,773	50	12,838,585	80,419	19,447,963	4,881,980	25	1	Latin America	medium	0	1	0
False	obj1125	train	0	53	Q. Jensen	Crimson Archive 2025	Open Sky	10.03.2025	MV202501938	3343	107	1,265,432	41,837	44,354,963	695,266	9,457	36,357	215,935	280,586	13,605,072	480	441,949	87857	293	6,418,496	78	5,753,708	33,310	28,579,986	3,217,503	60	0	Americas	medium	1	0	4
False	obj1126	train	0	87	V. Popov	Digital Saints 2025 2	Chronicles Saga	18.01.2025	MV202501939	2848	15,3	5,383,697	148,686	68,571,113	2,024,637	84,464	183,220	1,125,536	3,280,523	14,313,160	286	270,981	32422	299	9,908,884	154	14,946,966	1,733	2,305,528	358,609	47	0	Latin America	large	4	2	0
False	obj1127	train	0	46	E. Brooks	Velvet Storm 2025 3	Final Chapter	03.02.2025	MV202501940	4306	94	1,826,761	192,790	54,137,100	481,680	7,329	126,845	419,765	1,461,041	3,198,640	77	397,137	79018	187	7,904,081	42	22,733,140	1,718	20,486,143	194,590	23	1	Americas	small	1	0	3
False	obj1128	train	0	44	W. Stone	Feral Harmony 2025	Final Chapter	28.08.2025	MV202501941	2432	97,2	27,923,047	128,724	1,740,646	16,948,261	569,662	616,112	4,017,296	6,371,908	9,575,212	484	168,753	99043	223	1,930,379	77	29,220,071	69,414	5,799,779	1,183,176	2	0	Americas	small	1	4	3
False	obj1129	train	0	65	G. Murphy	Lunar Cartography	Standalone	04.08.2025	MV202501943	1478	88,5	3,084,419	148,518	9,985,226	1,240,029	22,881	1,737,738	646,407	2,089,841	3,518,412	462	38,203	11719	31	5,858,111	188	27,463,714	66,264	1,464,910	2,410,344	56	0	Europe	medium	2	1	3
False	obj1130	train	0	79	A. Volkov	Carbon Dreams 2025	Final Chapter	07.11.2025	MV202501944	1325	34,8	1,345,297	3,674	60,653,441	634,569	29,279	306,587	400,493	1,112,828	13,142,772	331	253,232	11823	35	2,362,208	152	46,142,443	64,429	29,860,180	2,596,512	17	0	Americas	large	3	0	0
False	obj1131	train	0	32	M. Chen	Obsidian Heart	Legacy Cycle	01.02.2025	MV202501927	3935	62,7	4,284,593	163,328	37,948,793	2,576,606	116,302	1,568,699	252,381	766,164	16,483,560	460	15,808	99886	279	5,561,590	2	3,753,102	7,625	7,497,841	2,042,940	61	1	Asia-Pacific	large	0	2	2
False	obj1132	train	0	53	V. Popov	Winter Echo 2025	Chronicles Saga	15.03.2025	MV202501930	4977	22,5	6,493,698	144,479	18,955,190	2,581,763	124,691	902,668	1,687,628	2,442,895	187,063	85	416,681	69035	57	4,545,962	131	42,902,169	58,052	6,252,668	4,696,785	31	0	Latin America	large	1	2	0
False	obj1133	train	0	66	Q. Jensen	Kinetic Prayer 2	Open Sky	21.12.2025	MV202501932	3330	63,6	1,974,124	95,754	19,973,529	747,192	32,579	1,776,229	287,946	819,262	7,641,886	449	462,689	78479	52	6,342,337	42	37,627,362	49,547	3,811,983	2,749,186	36	1	Americas	medium	2	0	2
False	obj1134	train	0	80	F. Nguyen	Digital Saints	Universe Zero	17.07.2025	MV202501933	1875	116,9	1,815,860	53,095	41,888,585	802,326	35,917	1,307,482	422,752	821,629	7,940,352	162	343,107	29059	247	6,304,839	125	47,758,656	40,321	15,185,640	2,871,805	93	0	Asia-Pacific	large	3	0	4
False	obj1135	train	0	93	N. Fischer	Last Signal 2025	Prime Story	28.04.2025	MV202501934	1037	22,4	27,141,730	19,080	48,403,688	5,196,611	258,918	599,369	519,848	1,629,794	15,578,883	208	435,007	74807	84	4,146,937	51	42,824,155	30,922	22,976,328	4,717,814	29	0	Europe	small	4	4	0
False	obj1136	train	0	93	D. Rossi	Red Meridian 2025	Prime Story	11.10.2025	MV202501946	3170	98,6	5,145,279	108,222	44,011,328	2,506,438	110,279	414,366	106,623	247,861	12,948,934	303	53,882	89555	117	7,646,304	75	33,856,942	72,042	3,200,416	270,319	24	0	Latin America	medium	4	2	3
False	obj1137	train	0	42	M. Chen	Velvet Storm 2025	New Dawn	02.08.2025	MV202501947	4152	74,5	19,652,280	133,942	5,743,627	3,783,936	109,575	1,960,917	1,681,595	6,175,775	7,556,042	402	476,161	29138	197	3,889,872	103	13,406,173	58,530	15,738,537	3,032,999	92	0	Asia-Pacific	large	0	4	2
False	obj1138	train	0	39	C. Wright	Neon Horizon 2025	Open Sky	20.04.2025	MV202501948	95	25,1	1,359,301	75,465	28,067,199	910,314	21,291	703,891	147,381	250,210	15,209,140	390	489,573	2288	201	2,887,031	86	40,094,614	27,133	15,424,678	4,921,083	53	0	Europe	small	0	0	0
False	obj1139	train	0	88	K. Olsen	Electric Mirage 2025	Legacy Cycle	22.06.2025	MV202501950	1595	74,5	3,004,676	163,108	75,548,626	1,929,251	41,747	1,775,852	126,070	231,536	1,784,625	383	362,579	97511	146	2,887,249	188	34,774,522	9,659	29,384,615	1,780,903	74	1	Americas	large	4	1	2
False	obj1140	train	0	33	Q. Jensen	Arctic Pulse	Dark Matter	12.02.2025	MV202501951	2757	106,4	2,778,151	93,990	41,152,226	234,722	7,492	837,656	593,922	2,319,674	7,435,596	145	9,254	69699	27	4,195,124	174	8,649,071	16,470	6,805,715	1,517,065	7	0	Americas	medium	0	1	4
False	obj1141	train	0	77	B. Carter	Crimson Archive	Chronicles Saga	15.09.2025	MV202501952	2915	61,2	916,728	190,893	63,307,313	519,326	23,569	1,549,217	42,755	141,100	11,798,746	262	370,040	56035	42	4,149,529	43	10,496,248	59,618	12,964,857	1,855,631	73	0	Asia-Pacific	large	3	0	2
False	obj1142	train	0	62	E. Brooks	White Noise 2025	New Dawn	29.04.2025	MV202501953	2550	94,7	11,646,755	166,817	78,309,112	7,900,671	220,319	896,656	1,080,949	4,142,476	14,881,456	297	101,046	87588	195	6,000,752	5	3,705,245	24,777	12,718,730	2,563,824	68	0	Americas	small	2	3	3
False	obj1143	train	0	56	E. Brooks	Nova Protocol 2025	Chronicles Saga	04.05.2025	MV202501963	2850	114,1	15,218,422	55,343	73,720,051	1,006,897	39,535	1,627,743	620,463	1,944,784	19,989,813	39	146,187	94355	0	9,249,098	60	48,903,878	81,362	15,654,540	4,075,690	40	0	Americas	small	2	4	4
False	obj1144	train	0	61	L. Nakamura	Binary Sunset 2025	Origin Arc	28.12.2025	MV202501964	4614	81,1	4,138,801	194,653	48,796,010	1,742,801	26,547	1,972,352	561,580	1,821,131	2,525,448	371	318,829	37873	123	7,304,797	123	4,729,178	76,189	13,340,315	4,203,021	89	1	Americas	small	2	2	3
False	obj1145	train	0	68	N. Fischer	Silent Protocol 2025	Universe Zero	08.03.2025	MV202501965	4779	25,2	16,528,299	90,976	3,490,267	4,807,778	176,473	32,789	1,134,188	3,127,197	17,332,571	254	482,054	83987	248	5,743,633	188	41,269,811	71,164	28,595,028	682,371	69	0	Europe	small	2	4	0
False	obj1146	train	0	74	J. Martinez	Hyperion Rise 3	Legacy Cycle	16.10.2025	MV202501967	2217	86,1	10,369,456	190,896	28,753,441	4,509,893	79,721	595,580	1,046,784	1,866,909	12,229,154	69	300,679	50508	195	2,093,592	10	35,608,803	90,961	28,275,045	2,516,907	68	1	Europe	large	3	3	3
False	obj1147	train	0	37	N. Fischer	Parallel Lines	Open Sky	07.02.2025	MV202501969	4782	113,8	6,876,640	58,854	21,598,006	4,648,843	70,917	1,679,340	1,676,506	3,122,419	12,480,791	286	333,599	89017	296	2,959,077	87	48,086,645	90,035	17,989,865	4,568,649	74	1	Europe	small	0	2	4
False	obj1148	train	0	72	F. Nguyen	Solar Drift 2025	Final Chapter	03.04.2025	MV202501984	1307	85,6	7,782,516	85,512	22,657,600	1,497,761	28,683	1,970,672	592,416	1,610,757	8,221,469	489	98,863	2864	217	2,718,289	25	20,017,480	50,761	18,305,699	3,651,890	74	0	Asia-Pacific	large	3	3	3
False	obj1149	train	0	71	G. Murphy	Last Signal 2025	Origin Arc	07.05.2025	MV202501985	3700	76,4	3,383,296	46,818	77,822,863	1,775,731	70,554	1,951,643	520,056	1,187,187	18,732,790	485	214,244	73561	159	6,157,417	10	1,316,568	48,825	14,155,398	1,200,308	50	0	Europe	medium	3	1	2
False	obj1150	train	0	81	T. Kim	Obsidian Heart 2025 4	Prime Story	27.03.2025	MV202501986	2762	43,2	5,011,906	156,174	20,304,947	1,648,982	53,295	734,508	705,565	1,857,928	19,005,091	314	85,975	4698	79	8,573,959	8	38,807,277	68,603	13,657,321	4,005,532	64	0	Americas	small	3	2	1
False	obj1151	train	0	54	M. Chen	Silver Transit 2025	Prime Story	01.05.2025	MV202501999	4125	97,8	5,444,515	129,609	5,422,771	2,730,520	67,067	158,161	791,002	2,849,564	19,735,224	438	380,785	956	14	186,146	180	35,344,561	6,997	17,138,322	1,456,981	43	0	Asia-Pacific	large	1	2	3
False	obj1152	train	0	38	J. Martinez	Glass Reactor 2025	Universe Zero	16.11.2025	MV202502001	3177	57,7	4,394,490	26,891	78,832,420	644,275	32,002	464,285	538,035	858,762	2,034,545	357	409,598	43714	9	7,048,528	100	49,980,706	99,462	3,287,109	2,754,901	20	0	Europe	large	0	2	1
False	obj1153	train	0	54	T. Kim	Stone Butterfly 2025	Standalone	15.04.2025	MV202502004	2568	69	19,861,385	150,197	24,312,337	11,248,467	336,602	563,998	5,470,101	14,164,637	7,394,702	233	227,373	16617	118	9,092,019	115	17,264,246	45,101	7,671,137	1,369,877	94	0	Americas	small	1	4	2
False	obj1154	train	0	49	A. Volkov	Digital Saints 2025	Chronicles Saga	14.07.2025	MV202502006	2711	100,1	6,381,869	144,058	45,721,727	3,232,087	109,858	487,384	550,381	1,501,523	460,159	333	388,398	60911	295	3,275,949	159	49,431,913	32,810	3,102,212	2,927,088	60	0	Americas	large	1	2	4
False	obj1155	train	0	44	I. Hassan	Shadow Circuit 2025	Origin Arc	28.07.2025	MV202502009	2066	87,8	7,799,541	20,146	63,990,226	5,225,404	226,922	74,125	290,894	1,038,921	4,086,692	80	10,873	29230	53	4,200,470	85	8,599,201	97,267	7,211,930	3,901,228	59	0	Americas	large	1	3	3
False	obj1156	train	0	65	Y. Tanaka	Violet Engine 2025	Prime Story	19.09.2025	MV202502010	1259	112	1,608,176	166,677	61,278,725	909,211	11,075	149,149	98,462	147,736	17,802,529	84	215,415	64234	157	7,001,559	88	8,730,263	95,705	19,379,330	1,724,749	53	0	Asia-Pacific	medium	2	0	4
False	obj1157	train	0	34	A. Volkov	Winter Echo 4	Legacy Cycle	24.02.2025	MV202502011	3934	59,7	8,222,937	42,569	42,107,420	5,891,130	253,271	1,122,969	2,270,950	3,114,209	16,494,919	314	83,229	13620	187	7,463,815	151	39,581,236	41,531	28,326,704	4,748,750	9	1	Americas	large	0	3	2
False	obj1158	train	0	34	Y. Tanaka	City of Glass 2025	Chronicles Saga	18.01.2025	MV202502012	3781	110,3	4,000,420	23,437	40,360,863	1,967,459	59,861	743,018	708,959	1,095,675	19,433,253	31	438,494	94254	96	6,641,360	60	8,277,105	16,160	25,613,178	297,986	7	0	Asia-Pacific	medium	0	1	4
False	obj1159	train	0	73	J. Martinez	Silver Transit	New Dawn	22.01.2025	MV202502013	4569	49,8	21,970,706	1,754	49,321,677	4,313,689	59,477	1,210,336	570,040	1,068,097	18,223,226	486	300,158	3151	110	3,029,914	51	35,213,125	50,168	29,986,691	3,938,309	31	0	Europe	large	3	4	1
False	obj1160	train	0	87	G. Murphy	Blue Static 2025	Origin Arc	20.11.2025	MV202502015	4528	54,6	3,369,449	14,704	43,631,772	1,860,279	44,663	950,369	549,088	1,382,885	467,898	421	180,422	42622	269	9,093,933	197	23,094,299	5,834	24,349,639	1,949,710	94	0	Europe	medium	4	1	1
False	obj1161	train	0	55	B. Carter	Obsidian Heart	New Dawn	28.08.2025	MV202502016	4599	70,5	9,737,988	76,888	9,323,522	4,404,216	199,801	1,209,914	123,823	170,116	10,414,414	122	357,066	32726	18	4,387,770	192	4,972,810	29,914	9,170,043	3,813,568	26	0	Asia-Pacific	large	1	3	2
False	obj1162	train	0	43	W. Stone	Lunar Cartography 2025	Dark Matter	10.02.2025	MV202502027	3652	53,1	7,172,483	86,574	71,339,330	4,139,061	53,770	703,586	694,476	2,445,564	17,805,561	409	68,088	67845	287	9,763,034	139	31,056,296	24,755	29,463,210	2,627,357	24	0	Americas	small	1	3	1
False	obj1163	train	0	84	C. Wright	Silver Transit 2025	Standalone	19.05.2025	MV202502031	878	27,1	37,440,624	150,252	48,160,240	13,142,172	415,233	530,677	870,170	1,625,390	1,458,772	380	198,159	49826	1	6,847,240	33	28,103,260	3,661	3,831,463	1,966,513	39	0	Europe	small	4	4	0
False	obj1164	train	0	60	S. Patel	Binary Sunset 3	Standalone	29.03.2025	MV202502032	3722	117,2	3,323,749	73,283	1,975,919	2,211,649	74,494	476,379	92,255	226,920	2,302,484	46	478,520	94200	7	8,393,496	146	11,986,589	95,920	15,625,902	2,987,378	13	0	Europe	large	2	1	4
False	obj1165	train	0	58	F. Nguyen	Glass Reactor 2025 2	Universe Zero	16.07.2025	MV202502044	652	105,1	3,440,335	51,782	69,040,682	1,015,838	41,672	357,377	840,949	2,606,664	259,229	471	405,595	19604	245	9,759,344	91	48,270,774	3,952	19,863,772	4,536,630	81	0	Asia-Pacific	large	2	1	4
False	obj1166	train	0	89	H. Andersson	Desert Oracle 2025	Chronicles Saga	20.04.2025	MV202502045	670	96,9	5,554,022	87,308	41,001,409	4,411,648	211,072	1,566,933	70,171	223,987	4,469,864	15	242,452	46514	45	8,868,987	63	18,609,147	26,134	7,229,834	1,042,702	11	0	Asia-Pacific	large	4	2	3
False	obj1167	train	0	51	J. Martinez	Midnight Cartel	Legacy Cycle	15.08.2025	MV202502046	2759	73,5	2,079,872	106,002	10,911,086	970,032	20,315	1,727,086	97,104	295,040	4,553,885	145	380,769	14416	90	166,597	51	13,733,940	80,020	5,769,089	26,909	38	0	Europe	large	1	0	2
False	obj1168	train	0	42	N. Fischer	Quantum Rain	Legacy Cycle	02.07.2025	MV202502047	1413	91,4	3,123,003	25,031	43,320,381	2,459,763	47,670	1,234,400	471,358	1,664,626	18,638,687	441	349,038	56710	74	1,002,767	120	13,064,277	43,194	15,512,481	3,828,180	15	0	Europe	small	0	1	3
False	obj1169	train	0	47	E. Brooks	Shadow Circuit	Final Chapter	17.08.2025	MV202502048	1208	93	17,158,296	56,138	76,537,776	11,498,945	481,839	751,391	2,282,271	6,842,259	11,033,841	392	292,863	37805	90	4,278,275	31	21,650,543	59,803	26,744,335	4,847,713	18	0	Americas	small	1	4	3
False	obj1170	train	0	90	H. Andersson	Last Signal 2025	Universe Zero	22.06.2025	MV202502050	4055	47,9	4,240,691	90,964	44,054,147	2,787,664	126,818	1,614,156	1,057,629	1,409,763	14,429,247	24	19,253	19087	14	7,908,434	92	41,998,013	72,228	19,102,247	650,860	8	0	Asia-Pacific	large	4	2	1
False	obj1171	train	0	53	F. Nguyen	Crystal Fault 2025	Universe Zero	06.01.2025	MV202502051	1006	21,5	2,512,442	111,477	4,072,952	1,875,823	33,755	1,191,661	337,895	752,004	5,514,030	271	215,945	44996	219	2,709,243	193	7,009,307	61,204	20,508,183	164,765	86	0	Asia-Pacific	large	1	1	0
False	obj1172	train	0	76	T. Kim	Paper Kingdom 2025	Standalone	30.10.2025	MV202501954	844	31,8	3,486,285	50,171	56,062,851	1,355,594	63,296	1,081,072	706,066	2,633,648	1,675,865	197	97,328	24354	169	8,819,603	193	19,924,173	12,759	15,172,218	2,258,790	75	0	Americas	small	3	1	0
False	obj1173	train	0	51	F. Nguyen	Crystal Fault 2025	Standalone	01.10.2025	MV202501956	4723	19,4	20,015,424	102,359	18,769,719	15,219,815	746,045	486,703	3,850,642	5,379,072	263,479	452	94,619	87931	84	5,071,002	38	30,477,295	79,023	4,496,859	4,834,237	37	0	Asia-Pacific	large	1	4	0
False	obj1174	train	0	88	A. Volkov	Velvet Storm 2025	Origin Arc	16.03.2025	MV202501957	2994	58,2	4,096,319	61,095	30,562,604	3,079,374	121,522	1,729,010	1,128,226	3,975,355	5,758,888	436	421,237	82446	225	8,945,629	115	13,103,464	28,684	221,380	638,041	99	0	Americas	large	4	1	1
False	obj1175	train	0	89	O. Dubois	Broken Compass	Standalone	20.10.2025	MV202501959	3148	16,3	11,111,399	1,199	73,162,362	6,218,992	99,537	992,075	2,152,217	2,796,364	3,375,139	460	344,879	23680	253	8,573,453	92	43,811,389	1,685	11,650,259	1,543,954	61	0	Latin America	large	4	3	0
False	obj1176	train	0	81	M. Chen	Winter Echo 2025	Standalone	31.03.2025	MV202501960	4344	49,3	21,374,517	26,763	10,243,711	13,572,225	615,470	534,803	5,583,526	18,993,428	11,849,464	109	314,029	84350	0	3,709,946	131	24,294,241	27,940	17,362,876	2,037,755	0	0	Asia-Pacific	large	3	4	1
False	obj1177	train	0	84	P. Singh	Iron Garden 4	Open Sky	31.12.2025	MV202501961	506	68,5	4,132,692	15,674	10,180,525	2,899,901	49,749	1,756,137	934,131	1,534,412	19,432,572	405	108,642	57766	204	9,263,493	108	46,322,890	83,735	26,820,741	1,415,609	18	1	Latin America	small	4	2	2
False	obj1178	train	0	77	Z. Ali	Parallel Lines	Legacy Cycle	04.11.2025	MV202501962	1163	23,9	34,006,329	192,786	15,219	22,687,862	781,084	1,004,861	6,067,132	12,328,973	13,246,968	89	431,384	92668	162	7,984,156	186	43,247,656	63,593	25,219,935	3,558,481	61	0	Latin America	small	3	4	0
False	obj1179	train	0	69	Z. Ali	Arctic Pulse 2025	Chronicles Saga	31.08.2025	MV202501972	3220	102,6	1,397,558	24,598	65,539,734	981,907	26,446	1,637,422	120,182	284,263	7,865,691	157	231,518	30993	119	2,436,160	71	25,437,669	11,456	3,473,957	278,390	57	0	Latin America	small	3	0	4
False	obj1180	train	0	60	Y. Tanaka	Blue Static 2025	Final Chapter	21.03.2025	MV202501973	1411	116,8	7,521,724	100,698	25,251,525	1,654,393	39,352	371,346	693,360	1,854,790	19,984,753	299	142,216	44733	86	4,997,457	43	34,973,825	41,470	28,222,188	578,861	95	0	Asia-Pacific	medium	2	3	4
False	obj1181	train	0	74	C. Wright	Northern Code	Chronicles Saga	19.01.2025	MV202501974	2970	19,7	26,734,273	184,131	48,881,180	5,445,255	247,545	1,255,403	7,484,445	22,341,475	12,553,241	196	255,625	31174	90	7,884,289	98	310,965	52,301	28,711,297	4,278,887	90	0	Europe	small	3	4	0
False	obj1182	train	0	30	J. Martinez	Digital Saints 2025 2	New Dawn	15.11.2025	MV202501975	3360	71,4	2,743,986	77,517	75,826,855	2,129,235	104,748	837,610	140,221	259,220	12,147,891	188	340,129	84084	279	9,032,050	99	24,740,870	16,309	23,628,043	976,346	37	0	Europe	large	0	1	2
False	obj1183	train	0	67	R. Silva	Feral Harmony 2025	Standalone	29.08.2025	MV202501976	1293	58,2	1,827,304	79,051	75,734,151	953,019	34,660	1,930,951	239,076	834,261	5,107,977	457	352,764	81446	101	4,485,838	53	13,127,901	98,498	13,662,101	1,354,420	71	1	Latin America	large	2	0	1
False	obj1184	train	0	58	F. Nguyen	Carbon Dreams 2025	Standalone	15.10.2025	MV202501977	103	111,6	7,018,549	44,296	19,127,796	1,636,673	23,952	787,560	1,127,313	2,671,328	9,666,029	170	412,359	64737	250	402,786	156	4,332,941	53,556	16,292,648	1,927,367	39	0	Asia-Pacific	large	2	2	4
False	obj1185	train	0	42	G. Murphy	Last Signal	Origin Arc	05.10.2025	MV202501978	3154	75,1	6,762,646	42,660	55,419,279	4,554,858	184,739	1,866,477	1,221,397	1,653,744	5,930,868	133	465,876	7437	121	6,423,141	135	10,060,464	357	6,028,824	1,420,480	34	0	Europe	medium	0	2	2
False	obj1186	train	0	30	A. Volkov	Crimson Archive 2025	Open Sky	05.10.2025	MV202501980	2802	105,7	9,225,214	171,923	35,017,854	6,726,146	285,825	1,304,041	2,443,359	9,510,271	11,828,984	300	66,114	7494	83	3,525,650	135	32,004,122	17,043	8,851,822	3,666,986	40	1	Americas	large	0	3	4
False	obj1187	train	0	64	C. Wright	Electric Mirage 2025	Final Chapter	10.12.2025	MV202501990	1590	109,5	5,364,026	175,953	32,930,989	3,151,888	53,991	553,232	100,166	181,372	18,477,769	90	383,927	90743	220	6,381,142	98	36,834,491	33,700	6,981,382	2,402,759	38	0	Europe	small	2	2	4
False	obj1188	train	0	75	P. Singh	Red Meridian 2025 4	Chronicles Saga	27.03.2025	MV202501991	2251	38	20,200,729	96,550	46,242,152	5,210,968	157,826	1,774,322	3,492,690	12,982,546	13,786,945	50	339,192	6632	178	5,126,960	138	24,042,833	41,897	4,233,769	4,145,379	87	0	Latin America	small	3	4	1
False	obj1189	train	0	87	A. Volkov	Silent Protocol 2025	Dark Matter	26.03.2025	MV202501992	2265	65,9	8,947,724	89,196	79,468,466	1,771,633	28,511	981,522	1,880,444	7,312,603	2,577,923	95	454,903	48943	94	5,403,630	142	4,893,736	42,601	10,318,003	1,952,755	74	0	Americas	large	4	3	2
False	obj1190	train	0	80	W. Stone	Glass Reactor 2025	Dark Matter	26.04.2025	MV202501994	4642	60,5	9,312,918	92,965	50,737,131	2,790,708	51,608	1,291,169	1,592,681	2,182,236	18,544,202	386	397,091	77496	164	1,591,510	0	30,549,009	36,239	7,531,238	3,083,699	50	0	Americas	small	3	3	2
False	obj1191	train	0	86	D. Rossi	Hollow Crown	Legacy Cycle	25.12.2025	MV202501998	762	107,4	12,091,358	195,077	38,051,111	4,713,596	192,401	1,685,264	1,014,741	3,174,354	19,091,105	175	466,528	64248	185	6,881,226	143	23,621,720	82,055	2,426,382	2,801,212	80	0	Latin America	medium	4	3	4
False	obj1192	train	0	92	D. Rossi	Electric Mirage 2025	Open Sky	04.02.2025	MV202502018	4297	110,7	2,011,712	128,247	46,330,146	1,308,847	43,015	483,010	335,708	942,642	18,452,954	225	235,977	81917	166	486,432	158	30,305,247	534	12,439,332	934,890	33	0	Latin America	medium	4	0	4
False	obj1193	train	0	39	P. Singh	Golden Ratio 2025	Universe Zero	02.08.2025	MV202502019	3029	56,5	12,769,432	146,853	68,933,495	5,588,864	172,334	1,501,089	225,106	557,004	9,201,321	279	12,777	65894	78	1,150,424	5	49,987,182	82,211	12,309,325	3,395,611	94	0	Latin America	small	0	3	1
False	obj1194	train	0	73	R. Silva	Neon Horizon 2025	Open Sky	10.04.2025	MV202502020	2701	18,4	5,345,130	24,950	67,596,089	3,314,527	163,428	564,510	233,096	292,480	10,564,679	370	158,752	17057	24	7,802,499	194	37,717,026	72,994	21,282,187	4,194,083	12	0	Latin America	large	3	2	0
False	obj1195	train	0	78	L. Nakamura	Infinite Margin 2025 3	Dark Matter	12.05.2025	MV202502021	3574	25,4	4,230,697	107,629	66,123,699	1,971,740	26,175	68,951	314,190	1,008,215	15,774,680	53	159,354	14328	280	1,735,334	96	46,133,683	77,775	20,557,538	2,862,833	71	0	Americas	small	3	2	0
False	obj1196	train	0	80	K. Olsen	Blue Static 2025	Prime Story	11.04.2025	MV202502024	2250	108,7	4,942,075	12,379	70,917,216	1,246,826	38,498	1,375,623	997,421	3,573,104	11,871,667	480	28,233	45670	32	3,138,091	87	36,388,235	24,699	14,695,395	4,997	19	0	Americas	large	3	2	4
False	obj1197	train	0	51	J. Martinez	Neon Horizon 2025	Prime Story	11.10.2025	MV202502025	3645	32	1,310,826	767	9,810,791	787,137	38,229	1,624,906	162,434	461,038	10,500,749	229	68,198	26217	276	4,074,805	190	38,973,715	21,909	24,475,785	2,472,189	64	0	Europe	large	1	0	0
False	obj1198	train	0	51	T. Kim	Infinite Margin 2025	Universe Zero	15.03.2025	MV202502035	897	23,8	21,210,075	162,517	13,653,232	5,657,472	155,540	452,918	5,810,006	20,158,169	9,845,568	80	256,375	50828	44	7,607,856	44	24,503,806	26,173	16,416,744	4,088,230	82	0	Americas	small	1	4	0
False	obj1199	train	0	44	T. Kim	Parallel Lines	Prime Story	19.05.2025	MV202502036	2507	53,6	7,675,584	28,264	79,663,236	4,816,934	222,311	926,587	1,399,138	2,550,609	2,936,549	281	81,789	23113	292	2,537,333	42	24,259,269	35,299	29,671,480	2,236,957	63	0	Americas	small	1	3	1
False	obj1200	train	0	35	S. Patel	Golden Ratio 2025	Prime Story	29.01.2025	MV202502038	640	27,9	18,426,960	179,081	35,294,695	10,692,203	458,388	277,827	1,481,592	5,655,912	12,700,644	64	16,035	97622	136	9,637,892	108	8,747,407	12,609	12,902,921	4,849,375	96	0	Europe	large	0	4	0
False	obj1201	train	0	69	J. Martinez	Obsidian Heart 2025	Chronicles Saga	18.12.2025	MV202502040	108	78,7	4,059,469	169,517	66,952,770	2,213,647	91,235	403,202	105,557	196,760	13,822,195	196	418,945	60912	247	6,613,649	75	15,455,313	68,259	3,325,716	369,511	9	0	Europe	large	3	1	3
False	obj1202	train	0	65	Y. Tanaka	Stone Butterfly 2025	Origin Arc	17.03.2025	MV202502041	3870	41,5	1,459,085	112,334	34,608,042	282,926	3,041	1,054,138	190,340	230,306	9,106,468	99	80,131	4006	3	5,282,416	154	26,568,089	85,882	19,802,935	4,563,366	8	0	Asia-Pacific	medium	2	0	1
False	obj1203	train	0	63	M. Chen	White Noise 2025	Final Chapter	10.04.2025	MV202502053	3218	34,5	10,373,146	30,999	16,531,591	8,061,447	395,713	112,314	2,067,241	6,173,349	780,364	249	222,839	46982	270	4,192,730	107	12,096,827	43,436	18,268,010	2,211,134	1	0	Asia-Pacific	large	2	3	0
False	obj1204	train	0	35	T. Kim	Solar Drift 2025	Prime Story	23.05.2025	MV202502054	4979	77,1	7,115,533	13,597	52,072,784	3,417,314	45,849	1,235,186	459,430	791,533	11,188,441	304	280,691	15213	196	1,393,990	64	45,936,966	44,546	9,139,316	3,892,075	61	0	Americas	small	0	3	2
False	obj1205	train	0	81	B. Carter	Binary Sunset	Open Sky	29.04.2025	MV202502055	722	69,7	2,425,046	141,936	30,461,015	877,111	43,023	1,821,514	211,068	587,634	2,466,668	464	432,967	24841	60	3,228,600	159	26,704,578	26,877	6,587,084	889,552	75	0	Asia-Pacific	large	3	1	2
False	obj1206	train	0	50	C. Wright	Thunder Archive 2025	Dark Matter	19.02.2025	MV202502056	4519	57,5	2,667,585	22,768	78,109,694	1,715,249	59,155	723,350	704,111	1,764,301	13,031,208	9	243,360	82704	75	954,954	130	44,257,825	97,813	875,608	82,079	73	0	Europe	small	1	1	1
False	obj1207	train	0	67	O. Dubois	Silent Protocol	Universe Zero	05.02.2025	MV202502058	3377	58	3,999,906	199,518	27,752,173	625,107	9,769	743,462	546,234	1,300,882	16,025,909	67	362,431	2941	114	1,092,231	160	43,256,964	17,904	4,564,340	2,629,344	96	0	Latin America	large	2	1	1
False	obj1208	train	0	51	B. Carter	Northern Code 2025	Standalone	07.11.2025	MV202502059	2253	108	2,041,121	53,388	30,099,396	521,668	24,167	1,371,557	479,456	1,865,689	16,373,271	372	324,494	93243	135	8,128,706	122	22,330,194	26,661	3,168,344	546,197	18	1	Asia-Pacific	large	1	0	4
False	obj1209	train	0	89	H. Andersson	Last Signal 2025	Universe Zero	20.07.2025	MV202502060	1724	67,9	35,244,265	18,253	17,735,592	18,500,529	694,054	1,170,310	7,725,453	18,442,459	9,322,844	34	255,421	62388	283	9,295,485	21	29,477,039	23,614	28,650,156	818,593	16	0	Asia-Pacific	large	4	4	2
False	obj1210	train	0	93	I. Hassan	Thunder Archive 2025	Open Sky	05.01.2025	MV202502061	4180	65,7	1,551,536	188,213	79,376,497	377,316	4,952	1,723,902	296,218	1,129,199	346,024	330	157,070	22999	102	7,935,728	48	35,434,624	90,455	8,306,284	4,208,533	7	1	Americas	large	4	0	2
False	obj1211	train	0	60	V. Popov	Infinite Margin 2025	Legacy Cycle	24.02.2025	MV202502071	2446	26	10,281,239	23,316	53,036,343	882,093	32,558	1,178,776	2,602,521	3,572,823	11,369,441	20	220,921	48284	218	6,238,732	181	28,364,878	92,689	6,078,712	1,478,713	37	1	Latin America	large	2	3	0
False	obj1212	train	0	86	Z. Ali	Infinite Margin 2025	Legacy Cycle	14.04.2025	MV202502074	1191	26,6	2,800,681	124,579	2,751,820	1,022,129	22,152	861,213	178,787	642,494	19,419,562	193	461,610	44203	89	4,701,894	57	38,840,188	92,973	24,670,073	3,790,169	10	0	Latin America	small	4	1	0
False	obj1213	train	0	75	F. Nguyen	Violet Engine 2025	Universe Zero	11.05.2025	MV202502075	3701	66,3	8,395,866	139,308	5,795,852	3,926,851	154,696	324,332	859,888	1,806,036	281,441	317	478,984	96865	127	8,512,919	165	9,367,110	30,377	24,009,330	4,194,947	84	0	Asia-Pacific	large	3	3	2
False	obj1214	train	0	44	E. Brooks	Stone Butterfly 2025	Universe Zero	10.09.2025	MV202502077	1131	72,3	1,887,527	90,462	53,425,939	152,482	7,149	170,482	262,562	575,559	15,459,439	400	444,802	95789	182	4,031,021	30	10,948,070	79,548	14,245,629	4,157,774	96	0	Americas	small	1	0	2
False	obj1215	train	0	43	B. Carter	Infinite Margin	Origin Arc	24.05.2025	MV202502078	926	69,6	6,186,547	25,696	32,625,079	352,676	5,313	755,157	600,517	2,094,081	17,526,276	234	53,194	26620	203	9,737,363	100	24,201,983	90,764	20,715,273	2,631,811	85	0	Asia-Pacific	large	1	2	2
False	obj1216	train	0	70	W. Stone	Violet Engine 2025	New Dawn	16.10.2025	MV202502079	4737	87,2	6,044,105	42,863	40,123,735	3,406,586	157,527	531,983	194,867	297,997	1,353,621	454	66,813	80599	19	68,691	146	36,191,982	52,745	4,526,536	2,435,839	37	0	Americas	small	3	2	3
False	obj1217	train	0	49	G. Murphy	Stone Butterfly 2025	New Dawn	02.02.2025	MV202502092	3065	47,4	839,504	123,915	55,938,406	505,806	25,172	1,463,155	211,618	597,345	2,401,987	363	461,707	2894	93	6,190,071	197	17,913,158	1,769	6,456,037	640,799	83	0	Europe	medium	1	0	1
False	obj1218	train	0	67	J. Martinez	City of Glass	Standalone	08.05.2025	MV202502093	1859	92	9,585,081	255	75,925,518	660,460	13,905	968,150	1,397,105	3,555,834	13,290,334	372	276,842	55495	257	7,318,093	84	14,685,429	5,663	1,603,627	4,943,450	66	1	Europe	large	2	3	3
False	obj1219	train	0	55	M. Chen	Lunar Cartography	New Dawn	27.09.2025	MV202502094	1661	92	5,038,292	51,719	79,060,385	1,531,928	63,910	185,623	219,070	757,930	1,534,129	25	116,622	62669	102	4,923,474	125	16,727,669	53,393	19,574,609	4,819,420	64	0	Asia-Pacific	large	1	2	3
False	obj1220	train	0	61	Q. Jensen	Deep Current	Open Sky	13.10.2025	MV202502095	1508	44,9	6,872,014	101,507	57,732,754	5,280,337	132,182	1,164,723	484,479	1,510,386	18,510,457	125	337,107	97124	242	1,369,222	83	39,542,825	64,985	10,612,476	246,163	94	0	Americas	medium	2	2	1
False	obj1221	train	0	76	W. Stone	Last Signal 4	Final Chapter	25.10.2025	MV202502097	4928	114,3	1,019,917	177,088	33,592,040	756,173	25,037	990,630	57,224	143,986	17,308,227	310	181,977	23260	7	2,405,774	169	26,927,496	76,988	15,611,293	3,848,353	19	0	Americas	small	3	0	4
False	obj1222	train	0	38	G. Murphy	Silent Protocol	Universe Zero	18.01.2025	MV202502063	858	103,5	3,374,771	163,042	37,104,884	2,540,715	62,683	1,291,351	488,178	1,571,162	9,092,461	75	251,792	83041	186	184,986	83	44,876,609	64,301	19,917,309	2,128,424	88	1	Europe	medium	0	1	4
False	obj1223	train	0	42	K. Olsen	Frozen Ledger 2025	Prime Story	09.11.2025	MV202502064	767	62,7	10,642,173	139,750	50,387,412	7,359,882	199,524	1,672,543	2,974,288	8,065,227	11,810,123	55	139,504	71452	51	8,689,038	101	28,826,784	56,658	7,243,878	4,674,256	87	0	Americas	large	0	3	2
False	obj1224	train	0	70	A. Volkov	Digital Saints	Dark Matter	19.02.2025	MV202502067	3725	43,7	6,629,371	93,093	55,025,172	331,967	4,072	1,179,944	1,763,374	2,936,075	18,745,380	126	170,721	67224	68	4,757,406	71	45,606,230	37,661	15,651,091	1,512,761	24	0	Americas	large	3	2	1
False	obj1225	train	0	55	N. Fischer	Lunar Cartography 2025	Final Chapter	28.08.2025	MV202502080	1327	37,3	1,403,431	87,188	33,214,485	310,465	8,695	423,508	340,182	491,065	18,488,357	410	170,148	13679	202	6,739,185	47	1,870,705	92,563	2,172,105	3,708,822	74	1	Europe	small	1	0	0
False	obj1226	train	0	43	Z. Ali	Thunder Archive 2025	Legacy Cycle	01.01.2025	MV202502082	1206	50,6	6,012,248	86,050	78,358,919	4,634,665	134,373	43,425	1,178,749	4,705,513	16,781,071	146	77,015	18484	125	9,731,042	96	13,704,945	38,907	21,039,218	911,632	85	0	Latin America	small	1	2	1
False	obj1227	train	0	45	K. Olsen	Infinite Margin 2025	Universe Zero	26.09.2025	MV202502083	150	50,3	8,424,592	94,264	63,394,888	3,475,063	40,738	656,646	1,787,904	3,676,104	14,820,039	206	470,889	10597	157	4,951,716	63	6,555,219	72,544	18,993,033	2,477,159	27	1	Americas	large	1	3	1
False	obj1228	train	0	80	V. Popov	Silent Protocol 2025	Legacy Cycle	01.08.2025	MV202502084	1497	53,8	21,936,036	19,261	44,398,871	5,352,977	79,228	788,590	3,896,283	6,488,492	5,509,427	445	428,782	76635	120	2,908,433	64	29,540,576	7,460	28,240,916	2,131,249	5	1	Latin America	large	3	4	1
False	obj1229	train	0	93	J. Martinez	Glass Reactor 2025	Prime Story	13.11.2025	MV202502085	2278	49,7	1,635,999	180,096	58,307,351	274,259	3,809	927,179	194,480	529,147	13,145,510	424	261,443	73665	161	7,048,533	77	48,088,157	64,978	16,753,674	516,718	40	1	Europe	large	4	0	1
False	obj1230	train	0	39	C. Wright	Deep Current 2025	New Dawn	29.03.2025	MV202502086	3979	63,8	12,705,926	2,466	20,059,929	9,277,402	207,186	948,567	2,758,393	3,858,707	7,740,890	148	31,801	89533	15	367,520	10	45,797,933	14,054	21,965,289	3,799,178	71	0	Europe	small	0	3	2
False	obj1231	train	0	65	M. Chen	Shadow Circuit 2025	New Dawn	10.06.2025	MV202502098	4977	64,6	2,036,465	79,139	79,645,176	482,499	7,463	827,218	580,472	1,522,661	7,277,648	217	476,758	10948	19	6,191,380	16	13,240,009	73,795	16,232,275	394,163	33	0	Asia-Pacific	large	2	0	2
False	obj1232	train	0	82	W. Stone	Feral Harmony 2025	Legacy Cycle	15.01.2025	MV202502100	3465	88,1	2,824,146	108,446	35,930,324	1,704,407	21,561	289,782	484,679	1,872,048	13,881,138	266	132,118	79526	270	4,661,219	151	12,949,448	4,169	1,812,621	1,267,774	97	0	Americas	small	4	1	3
False	obj1233	train	0	35	P. Singh	Echo Chamber 2025	Dark Matter	19.07.2025	MV202502102	2909	45,1	6,079,204	70,025	40,018,518	486,180	24,016	1,179,163	665,132	2,165,386	16,902,734	264	379,168	6241	279	4,717,379	136	12,602,452	74,495	17,317,366	3,928,053	96	0	Latin America	small	0	2	1
False	obj1234	train	0	78	R. Silva	Last Signal 4	Chronicles Saga	17.04.2025	MV202502103	858	28	26,654,174	171,033	61,568,210	4,229,139	59,410	1,836,764	6,729,207	22,415,388	19,214,870	445	209,789	35646	27	7,906,524	91	41,996,116	9,990	903,453	3,967,602	66	0	Latin America	large	3	4	0
False	obj1235	train	0	60	Q. Jensen	Blue Static 2025	Origin Arc	17.05.2025	MV202502105	4613	37,1	2,835,418	180,992	11,492,400	1,348,361	33,046	1,046,067	283,998	757,514	1,028,362	450	75,137	46327	26	1,847,299	128	34,097,138	86,881	26,988,162	828,156	60	0	Americas	medium	2	1	0
False	obj1236	train	0	59	S. Patel	Stone Butterfly	Standalone	10.03.2025	MV202502106	1109	83,3	2,874,734	154,583	1,009,959	876,906	28,054	91,580	56,688	126,015	18,152,957	255	65,166	47897	203	5,126,006	118	11,191,550	6,331	15,421,016	1,671,800	47	0	Europe	large	2	1	3
False	obj1237	train	0	42	T. Kim	Lunar Cartography 2025 4	Legacy Cycle	20.09.2025	MV202502116	3057	64	1,142,679	51,389	52,925,784	562,240	22,671	411,177	92,742	282,717	14,955,631	340	258,442	92576	53	1,117,812	54	8,006,058	41,515	19,543,207	1,692,984	83	0	Americas	small	0	0	2
False	obj1238	train	0	84	E. Brooks	White Noise 3	Chronicles Saga	06.04.2025	MV202502117	2159	57,9	647,676	175,129	78,488,103	72,419	2,889	779,517	10,763	21,447	6,748,114	251	3,268	68290	76	643,212	25	13,522,277	35,934	11,259,697	4,936,223	30	0	Americas	small	4	0	1
False	obj1239	train	0	61	B. Carter	Obsidian Heart 2025	Universe Zero	23.09.2025	MV202502118	1827	37,9	2,212,358	33,985	58,844,802	1,474,550	29,127	761,165	537,928	1,309,811	16,790,693	298	284,138	37062	260	9,859,589	70	38,708,877	49,625	3,653,056	4,050,653	31	0	Asia-Pacific	large	2	1	1
False	obj1240	train	0	38	B. Carter	Red Meridian 2025	Dark Matter	28.10.2025	MV202502121	825	39,7	2,137,141	65,125	42,641,785	726,188	25,067	4,000	87,581	256,288	14,066,472	322	79,758	20220	58	5,990,932	86	974,355	28,279	4,050,381	99,848	80	0	Asia-Pacific	large	0	0	1
False	obj1241	train	0	53	P. Singh	Solar Drift 2025	Dark Matter	12.02.2025	MV202502123	3670	18,9	5,685,505	140,113	22,099,247	2,721,885	94,578	1,909,854	1,559,076	5,958,654	10,313,519	354	353,759	33970	164	5,946,667	12	49,197,846	71,564	21,884,798	4,619,406	88	1	Latin America	small	1	2	0
False	obj1242	train	0	60	W. Stone	Deep Current 2025	Standalone	30.11.2025	MV202502124	2631	110,2	9,830,941	138,995	33,206,890	6,453,980	206,232	1,049,610	544,954	1,840,530	1,043,855	288	136,697	31347	214	9,465,802	168	8,811,939	10,233	14,068,325	2,065,386	69	1	Americas	small	2	3	4
False	obj1243	train	0	76	H. Andersson	Shadow Circuit 2025 2	Universe Zero	29.10.2025	MV202502134	3726	39,4	14,933,446	166,058	68,249,465	8,209,293	357,630	1,691,196	3,778,154	12,278,927	12,296,906	65	363,703	59330	23	8,711,940	168	32,666,634	90,105	14,425,955	1,586,671	87	0	Asia-Pacific	large	3	4	1
False	obj1244	train	0	63	D. Rossi	City of Glass 2025	Prime Story	25.11.2025	MV202502137	79	34,8	50,880,491	52,395	41,760,098	13,574,206	668,535	592,320	2,694,268	10,638,838	971,527	37	201,737	13780	100	5,606,168	47	36,110,517	84,603	15,836,591	4,474,443	68	0	Latin America	medium	2	4	0
False	obj1245	train	0	57	I. Hassan	Glass Reactor 2025	Legacy Cycle	29.01.2025	MV202502141	2498	57,8	10,361,770	44,188	13,444,377	6,828,944	168,333	782,544	1,757,482	5,992,679	5,931,247	99	302,483	71245	126	5,038,065	125	6,418,779	24,396	2,864,876	3,832,703	47	0	Americas	large	2	3	1
False	obj1246	train	0	59	A. Volkov	White Noise 2025	Origin Arc	02.05.2025	MV202502142	3569	52,4	33,509,146	182,045	55,580,036	21,505,438	432,232	377,749	5,477,948	15,390,120	603,989	448	319,994	27414	75	1,275,056	96	6,607,966	77,200	5,572,948	3,768,311	13	1	Americas	large	2	4	1
False	obj1247	train	0	54	F. Nguyen	Quantum Rain	New Dawn	06.01.2025	MV202502152	4986	81,2	18,751,762	43,831	15,932,319	11,795,921	229,645	679,404	1,635,317	5,305,714	3,019,331	474	280,199	96095	286	6,753,767	77	42,303,791	86,863	7,926,759	448,905	31	0	Asia-Pacific	large	1	4	3
False	obj1248	train	0	33	F. Nguyen	Last Signal	Final Chapter	04.02.2025	MV202502153	3986	46,5	164,018	46,100	33,427,918	17,304	394	1,353,539	29,315	72,506	15,385,565	475	463,725	46420	36	3,342,330	106	14,151,222	95,655	22,830,129	3,841,172	50	0	Asia-Pacific	large	0	0	1
False	obj1249	train	0	78	E. Brooks	Broken Compass 2025	Chronicles Saga	15.10.2025	MV202502156	3211	25,4	10,229,573	39,311	33,510,861	4,031,762	45,992	17,881	670,742	1,180,600	2,066,342	96	376,233	67440	41	7,868,768	194	1,095,417	80,654	9,804,928	4,465,509	50	0	Americas	small	3	3	0
False	obj1250	train	0	91	A. Volkov	Nova Protocol 2025 4	Open Sky	14.05.2025	MV202502157	2947	29,7	10,020,526	99,165	13,315,008	2,476,471	41,407	1,463,632	918,464	3,084,252	3,955,243	161	207,662	53906	267	1,963,991	121	9,481,563	37,516	20,978,256	562,756	34	0	Americas	large	4	3	0
False	obj1251	train	0	61	A. Volkov	Ember Valley 2025	Dark Matter	18.05.2025	MV202502159	1024	70,2	980,190	10,381	74,209,719	783,699	28,207	1,011,375	271,729	934,818	2,774,418	372	187,574	30441	222	1,569,638	162	2,524,837	53,447	9,662,320	4,193,161	32	0	Americas	large	2	0	2
False	obj1252	train	0	52	R. Silva	Arctic Pulse 2025	Dark Matter	18.08.2025	MV202502160	3620	51,4	5,967,727	79,349	66,126,565	1,391,825	38,209	1,388,995	1,651,934	2,148,938	2,904,673	498	465,000	8051	201	7,297,203	123	43,578,457	97,175	2,824,705	4,761,547	53	0	Latin America	large	1	2	1
False	obj1253	train	0	82	I. Hassan	Binary Sunset 2025	Open Sky	08.06.2025	MV202502170	2429	89,3	5,869,147	84,731	65,905,862	2,180,032	54,820	1,824,638	613,546	925,439	7,918,470	396	92,368	56059	166	5,891,633	51	26,742,394	57,232	16,741,341	4,786,326	30	0	Americas	large	4	2	3
False	obj1254	train	0	38	C. Wright	Thunder Archive 2025	Standalone	05.12.2025	MV202502172	580	84	13,964,202	76,687	19,944,424	5,980,276	215,417	1,878,999	1,472,599	3,661,049	10,553,356	331	410,943	71815	202	6,268,043	86	9,189,002	42,237	12,077,522	2,540,026	26	0	Europe	small	0	4	3
False	obj1255	train	0	87	D. Rossi	Silver Transit 2025	Chronicles Saga	05.06.2025	MV202502173	4653	38,9	2,327,350	145,981	76,655,755	1,814,358	40,053	1,453,974	293,078	1,109,126	9,166,996	33	480,739	8326	233	2,945,487	189	32,181,410	30,943	19,034,044	1,817,017	19	0	Latin America	medium	4	1	1
False	obj1256	train	0	87	E. Brooks	Jade Frequency	Dark Matter	28.04.2025	MV202502174	3089	71,9	14,459,578	160,585	64,639,965	2,361,909	52,125	1,166,485	3,658,497	13,759,056	7,863,500	54	494,663	92434	38	619,038	187	25,624,906	87,670	2,123,915	4,386,601	29	0	Americas	small	4	4	2
False	obj1257	train	0	43	G. Murphy	City of Glass 2025	Universe Zero	28.05.2025	MV202502175	1404	18,5	49,111,440	198,580	62,516,900	37,676,508	587,942	523,214	5,433,998	8,952,978	10,706,253	272	55,073	42273	275	8,075,349	56	43,618,203	47,569	20,122,021	2,623,932	24	1	Europe	medium	1	4	0
False	obj1258	train	0	32	V. Popov	Binary Sunset	Open Sky	23.04.2025	MV202502176	1625	72,9	12,289,521	44,795	29,376,750	2,514,298	80,663	1,558,725	1,902,295	3,386,212	10,662,598	251	55,893	59104	114	4,391,223	68	28,094,862	78,025	20,036,080	679,901	60	0	Latin America	large	0	3	2
False	obj1259	train	0	41	S. Patel	Broken Compass 2025	Legacy Cycle	15.08.2025	MV202502177	2653	18,4	907,270	149,193	33,467,773	287,912	7,752	1,310,753	175,481	679,945	2,078,665	342	408,284	43331	184	8,210,649	118	46,752,293	46,509	28,517,262	3,940,166	13	0	Europe	large	0	0	0
False	obj1260	train	0	57	Q. Jensen	Lunar Cartography 2025 3	Legacy Cycle	28.09.2025	MV202502178	1823	71,1	9,031,092	79,556	71,066,523	4,462,190	82,018	1,132,230	743,996	2,687,536	19,944,641	491	155,949	27167	33	9,532,270	148	28,676,398	45,840	19,749,384	376,092	25	0	Americas	medium	2	3	2
False	obj1261	train	0	75	N. Fischer	Desert Oracle 2025	Universe Zero	07.01.2025	MV202502188	1265	32,5	2,415,532	12,445	8,984,695	1,152,284	44,725	1,790,196	311,911	1,023,449	6,490,961	359	237,293	22460	231	5,207,304	81	23,542,191	48,270	5,655,898	238,739	41	0	Europe	small	3	1	0
False	obj1262	train	0	84	K. Olsen	Shadow Circuit 2025	Standalone	02.06.2025	MV202502191	4225	95,5	2,571,576	105,616	5,636,028	1,597,308	56,151	581,876	118,924	422,853	9,125,574	30	143,287	88557	192	1,870,734	11	20,105,052	3,580	28,387,996	3,638,351	31	0	Americas	large	4	1	3
False	obj1263	train	0	87	N. Fischer	Glass Reactor 2025	Final Chapter	09.04.2025	MV202502109	2396	70	8,396,099	144,945	61,244,103	1,466,344	18,478	1,662,867	1,152,511	4,451,555	7,098,551	64	167,822	70954	180	663,216	36	48,210,936	35,130	4,157,694	1,604,777	90	0	Europe	small	4	3	2
False	obj1264	train	0	67	F. Nguyen	Velvet Storm 2025	Dark Matter	29.07.2025	MV202502110	460	63,9	1,509,091	190,760	76,910,099	132,846	2,656	1,766,718	91,446	138,833	12,880,680	437	250,453	20939	121	397,179	141	31,199,339	51,090	10,346,247	3,673,247	42	0	Asia-Pacific	large	2	0	2
False	obj1265	train	0	63	Q. Jensen	Last Signal 2025	Universe Zero	20.11.2025	MV202502125	4045	41,5	11,249,379	145,039	64,396,414	580,070	10,287	771,477	2,120,894	3,605,828	19,451,923	204	401,770	88681	149	2,585,209	177	22,712,460	1,174	17,001,510	4,774,649	95	0	Americas	medium	2	3	1
False	obj1266	train	0	43	O. Dubois	Red Meridian 2025	Origin Arc	11.08.2025	MV202502126	3639	39,5	3,377,636	189,137	74,590,905	1,881,633	49,506	1,329,222	694,227	1,071,490	3,253,851	426	3,876	87013	125	3,206,386	63	46,814,771	4,863	19,922,744	102,038	79	0	Latin America	large	1	1	1
False	obj1267	train	0	52	Y. Tanaka	Desert Oracle 2025 4	Origin Arc	05.07.2025	MV202502127	1443	31,6	9,755,109	57,274	15,605,442	4,921,417	108,206	1,108,346	704,669	2,793,593	4,938,123	75	294,850	9697	141	366,862	40	26,254,782	7,566	24,151,088	610,961	43	0	Asia-Pacific	medium	1	3	0
False	obj1268	train	0	61	A. Volkov	Silver Transit 2025	Dark Matter	15.09.2025	MV202502130	2650	99,9	13,350,985	188,958	26,749,423	1,346,628	32,318	821,129	3,827,711	7,531,815	6,020,221	422	439,293	46260	15	4,150,781	78	23,160,468	27,788	15,718,293	299,481	83	0	Americas	large	2	3	4
False	obj1269	train	0	92	F. Nguyen	Red Meridian 2025	New Dawn	19.05.2025	MV202502131	4936	26,4	31,159,553	114,498	19,170,859	11,908,786	128,108	508,421	2,249,697	5,524,181	814,781	121	4,415	99012	128	109,272	54	5,423,332	89,626	22,120,927	2,974,002	46	0	Asia-Pacific	large	4	4	0
False	obj1270	train	0	65	R. Silva	Silent Protocol 2025	Final Chapter	07.09.2025	MV202502132	1492	37,7	2,407,517	181,319	29,405,171	1,462,936	45,077	143,773	706,887	1,964,293	4,984,186	64	37,064	22044	209	5,081,555	123	45,567,127	6,801	12,144,546	4,325,882	88	1	Latin America	large	2	1	1
False	obj1271	train	0	72	P. Singh	Lunar Cartography	Prime Story	30.07.2025	MV202502133	1710	48,8	9,864,963	145,229	45,328,729	4,617,534	140,108	1,322,131	2,221,331	6,558,453	19,435,143	174	364,891	30913	109	2,939,023	168	28,502,964	89,735	19,208,466	4,038,345	21	0	Latin America	small	3	3	1
False	obj1272	train	0	72	Y. Tanaka	Neon Horizon 2025	Dark Matter	30.11.2025	MV202502143	3883	108,7	10,551,308	159,102	54,251,746	6,015,950	299,702	1,474,428	1,712,862	2,200,921	12,700,639	69	211,734	76079	9	8,366,785	57	43,944,438	80,949	11,575,029	2,916,752	65	0	Asia-Pacific	medium	3	3	4
False	obj1273	train	0	84	O. Dubois	Parallel Lines 2025	Origin Arc	03.10.2025	MV202502145	1073	76	8,872,903	142,802	61,769,810	1,135,471	40,335	991,671	1,309,803	1,607,576	482,720	464	458,422	17328	60	8,461,564	154	28,074,718	28,641	2,362,419	1,960,556	60	0	Latin America	large	4	3	2
False	obj1274	train	0	54	V. Popov	Hollow Crown	Prime Story	23.12.2025	MV202502146	170	39,5	7,875,471	161,084	34,551,392	4,293,734	99,162	150,857	2,289,641	6,130,597	11,944,807	73	325,270	7207	9	389,930	16	17,433,306	35,254	338,415	3,788,387	75	0	Latin America	large	1	3	1
False	obj1275	train	0	86	J. Martinez	Final Orbit 2025	Open Sky	29.09.2025	MV202502149	3715	103,9	2,597,237	98,118	70,085,021	1,320,196	42,312	1,977,098	34,165	71,319	15,103,983	202	268,654	2359	147	3,095,936	139	37,248,868	45,925	3,731,139	2,320,616	45	1	Europe	large	4	1	4
False	obj1276	train	0	47	D. Rossi	Last Signal	Standalone	31.05.2025	MV202502150	3233	29	1,173,711	71,727	38,996,643	754,118	20,529	789,440	27,436	67,887	10,443,911	345	149,715	76594	207	4,635,431	171	41,732,503	38,015	5,051,261	1,983,673	69	0	Latin America	medium	1	0	0
False	obj1277	train	0	86	F. Nguyen	Iron Garden 2025 3	Final Chapter	30.06.2025	MV202502151	2070	59,9	9,726,137	11,498	49,566,943	7,670,598	357,457	61,065	1,489,527	5,075,524	18,481,605	299	174,477	8507	282	9,378,203	186	4,342,557	66,028	12,864,566	4,852,503	80	1	Asia-Pacific	large	4	3	2
False	obj1278	train	0	44	F. Nguyen	Arctic Pulse 2025	Final Chapter	03.04.2025	MV202502161	1968	21,3	7,313,688	80,015	27,215,365	1,710,063	34,582	1,904,101	1,632,799	2,177,497	15,024,048	495	238,305	11932	26	1,701,431	168	7,085,961	46,418	5,335,622	1,971,776	95	0	Asia-Pacific	large	1	3	0
False	obj1279	train	0	60	Y. Tanaka	Ember Valley 2025	Standalone	05.05.2025	MV202502162	2749	104,4	12,653,068	107,855	19,560,365	2,757,701	59,636	1,170,944	1,150,889	2,185,394	2,787,081	390	436,781	13908	45	7,274,745	198	37,121,496	97,776	29,150,808	4,097,383	59	0	Asia-Pacific	medium	2	3	4
False	obj1280	train	0	39	A. Volkov	Obsidian Heart 2025	Standalone	31.03.2025	MV202502163	1518	36,4	4,818,284	164,849	51,401,321	776,178	9,473	1,549,959	1,274,176	4,214,900	14,592,315	205	312,065	97794	265	6,853,964	14	3,317,935	66,929	20,710,936	1,244,563	11	1	Americas	large	0	2	0
False	obj1281	train	0	54	Q. Jensen	Aurora Debt	Chronicles Saga	26.10.2025	MV202502164	2758	42	1,660,048	31,637	61,831,028	1,240,752	46,216	1,121,712	185,708	451,325	6,961,196	480	386,585	38254	213	2,246,486	26	34,096,301	22,015	24,525,168	3,520,275	96	0	Americas	medium	1	0	1
False	obj1282	train	0	31	J. Martinez	Neon Horizon 2025	Dark Matter	27.04.2025	MV202502165	1549	38,9	2,981,101	138,468	65,057,021	644,435	17,363	78,369	801,796	2,339,123	2,362,315	499	35,290	30833	235	6,125,335	127	14,982,925	60,074	24,236,718	1,234,362	85	1	Europe	large	0	1	1
False	obj1283	train	0	87	H. Andersson	Thunder Archive	Standalone	14.04.2025	MV202502166	226	97	1,128,136	76,848	31,647,282	296,710	4,684	1,345,351	194,144	500,943	6,221,020	69	206,301	17986	91	386,527	86	27,323,482	71,690	14,884,614	2,407,021	87	0	Asia-Pacific	large	4	0	3
False	obj1284	train	0	40	E. Brooks	Lunar Cartography 2025	Universe Zero	17.04.2025	MV202502167	4403	77,5	9,688,304	180,474	1,307,689	6,480,286	261,050	1,227,038	938,520	3,446,094	2,173,100	460	302,550	13478	263	7,825,562	144	28,823,765	77,239	22,281,445	1,221,954	71	1	Americas	small	0	3	2
False	obj1285	train	0	41	P. Singh	Frozen Ledger	Final Chapter	29.03.2025	MV202502168	1446	67,8	7,006,748	124,294	75,315,143	2,431,326	97,919	1,406,510	714,554	2,720,791	7,484,695	325	464,176	79891	119	89,974	3	13,437,181	43,483	18,982,628	101,147	73	1	Latin America	small	0	2	2
False	obj1286	train	0	67	N. Fischer	Crimson Archive	Dark Matter	21.08.2025	MV202502179	845	56,2	3,238,740	165,897	11,400,343	1,263,995	31,874	1,644,972	322,548	681,119	17,853,200	481	67,609	59793	252	1,348,856	92	29,349,660	48,569	20,872,809	294,970	78	1	Europe	small	2	1	1
False	obj1287	train	0	50	B. Carter	Silent Protocol 2025	Open Sky	30.01.2025	MV202502183	3029	23,5	2,408,209	42,954	34,215,363	1,428,234	31,293	95,013	405,412	1,179,960	12,665,641	274	277,615	90776	101	7,017,590	7	32,255,224	62,506	6,488,705	2,687,910	29	0	Asia-Pacific	large	1	1	0
False	obj1288	train	0	66	V. Popov	Hyperion Rise 2025	Universe Zero	17.01.2025	MV202502186	4143	81,3	1,152,566	62,707	4,843,429	517,918	22,390	78,074	115,896	184,491	8,649,164	44	26,722	66414	260	7,843,076	77	12,221,922	74,381	2,633,690	4,677,350	81	0	Latin America	large	2	0	3
False	obj1289	train	0	57	K. Olsen	Parallel Lines 2025	New Dawn	02.10.2025	MV202502187	852	105,1	2,112,044	132,754	20,819,954	1,686,004	24,998	1,281,156	410,099	1,154,585	5,118,977	287	74,528	41530	219	3,189,910	20	26,578,238	69,951	28,710,807	277,712	17	1	Americas	large	2	0	4
False	obj1290	train	0	36	A. Volkov	Jade Frequency 2025	Final Chapter	06.04.2025	MV202502200	329	104,1	3,407,151	107,557	21,877,706	1,804,621	70,048	427,725	219,631	284,715	487,242	366	488,057	72068	180	2,339,713	105	38,926,714	85,413	12,656,766	3,509,180	11	0	Americas	large	0	1	4
False	obj1291	train	0	64	E. Brooks	Last Signal 2025	Open Sky	12.04.2025	MV202502201	3540	62,6	43,424,536	66,161	33,525,135	23,986,470	280,150	539,676	9,099,847	23,187,537	2,035,032	99	235,878	66594	6	2,077,324	101	43,819,338	48,480	1,759,216	930,902	5	0	Americas	small	2	4	2
False	obj1292	train	0	72	J. Martinez	Shadow Circuit 2025	Origin Arc	01.05.2025	MV202502205	106	103,1	9,626,810	49,078	52,972,777	3,459,667	51,986	866,011	2,524,968	9,157,641	3,376,375	417	93,274	12837	266	6,088,646	188	22,514,502	63,662	13,919,626	650,279	60	0	Europe	large	3	3	4
False	obj1293	train	0	61	R. Silva	Crimson Archive 2025	Legacy Cycle	30.07.2025	MV202502216	3158	103	4,590,581	149,364	8,765,252	2,872,157	76,621	673,545	635,442	1,932,421	12,309,709	199	23,694	69200	40	6,989,211	125	8,805,469	67,237	4,639,168	4,135,707	2	0	Latin America	large	2	2	4
False	obj1294	train	0	85	Y. Tanaka	Winter Echo 2025 3	Prime Story	21.12.2025	MV202502218	1122	76,7	2,734,635	143,635	43,476,381	1,728,089	36,820	566,818	312,701	828,041	7,051,386	430	442,192	13545	18	108,184	96	36,368,430	7,431	18,012,472	2,393,108	29	1	Asia-Pacific	medium	4	1	2
False	obj1295	train	0	42	Y. Tanaka	Silver Transit 2025	Prime Story	20.11.2025	MV202502221	1395	114,9	2,171,973	111,782	64,275,393	1,183,280	36,851	1,917,595	328,978	827,796	1,526,886	382	407,661	20168	212	2,334,121	154	9,555,929	11,723	7,308,910	587,968	69	0	Asia-Pacific	medium	0	0	4
False	obj1296	train	0	68	W. Stone	Burning Atlas 2025	Open Sky	14.02.2025	MV202502223	1258	48,6	11,590,127	78,419	3,497,849	3,108,966	66,433	1,115,944	157,323	283,443	19,774,999	140	408,382	50358	198	1,068,746	61	14,845,267	96,129	7,305,078	3,809,952	93	0	Americas	small	2	3	1
False	obj1297	train	0	56	F. Nguyen	Violet Engine 2025	Standalone	04.03.2025	MV202502233	505	52,9	10,418,384	49,531	56,184,748	4,153,666	144,264	1,642,956	592,522	1,546,539	15,639,903	237	194,431	89854	14	3,450,883	130	23,586,443	48,333	6,026,718	1,414,681	54	0	Asia-Pacific	large	2	3	1
False	obj1298	train	0	30	C. Wright	Thunder Archive	Legacy Cycle	02.04.2025	MV202502237	141	72,4	7,979,998	140,163	51,304,234	1,591,310	46,772	928,190	1,382,526	4,471,492	12,599,374	209	25,588	35881	185	8,958,699	25	10,284,504	84,653	23,826,560	4,320,887	24	1	Europe	small	0	3	2
False	obj1299	train	0	76	K. Olsen	Northern Code 2025	Chronicles Saga	25.05.2025	MV202502240	2051	16,4	3,822,605	114,631	41,163,081	1,156,692	49,648	893,948	217,509	455,146	2,995,325	423	111,713	37721	25	323,589	109	5,647,786	52,446	5,193,778	3,821,770	79	1	Americas	large	3	1	0
False	obj1300	train	0	58	J. Martinez	Digital Saints	Prime Story	25.04.2025	MV202502208	4316	23,8	2,059,055	96,024	24,140,735	1,363,130	40,536	491,254	491,177	1,071,556	19,500,877	307	66,045	48801	70	349,808	117	47,964,624	38,195	6,880,371	3,862,673	18	1	Europe	large	2	0	0
False	obj1301	train	0	86	A. Volkov	Kinetic Prayer	Universe Zero	29.04.2025	MV202502209	1893	66	11,452,187	194,412	29,000,724	8,720,704	224,286	1,890,852	428,744	589,662	6,186,402	34	148,645	10164	176	5,609,193	139	15,435,382	96,722	11,038,040	3,551,599	20	0	Americas	large	4	3	2
False	obj1302	train	0	82	S. Patel	Stone Butterfly 2025	Universe Zero	04.04.2025	MV202502210	1245	68,2	14,919,174	151,897	3,917,575	8,116,733	174,296	181,388	3,514,893	6,845,100	11,084,316	424	179,829	9295	271	3,519,540	171	13,083,804	91,814	24,822,901	941,469	83	0	Europe	large	4	4	2
False	obj1303	train	0	60	Z. Ali	Hollow Crown 2025	Legacy Cycle	09.10.2025	MV202502211	2972	91,4	5,575,847	123,576	712,072	2,568,440	101,066	138,297	507,647	1,426,844	13,884,087	452	275,898	22749	188	2,040,376	142	19,202,521	14,632	8,109,695	1,435,728	77	0	Latin America	small	2	2	3
False	obj1304	train	0	37	F. Nguyen	Burning Atlas	Chronicles Saga	28.04.2025	MV202502212	1083	66,6	3,160,520	92,329	76,088,811	959,242	30,675	910,784	347,185	995,133	3,713,445	21	176,648	59877	277	9,197,978	75	22,489,012	31,535	12,043,426	2,094,899	50	0	Asia-Pacific	large	0	1	2
False	obj1305	train	0	43	D. Rossi	Final Orbit	Dark Matter	17.12.2025	MV202502213	448	88,1	5,340,486	4,772	78,036,481	895,377	24,980	129,988	99,714	126,878	18,850,023	254	445,423	14481	58	9,468,830	134	25,417,009	56,315	24,192,521	4,515,191	93	1	Latin America	medium	1	2	3
False	obj1306	train	0	92	S. Patel	Final Orbit 2025	Prime Story	18.07.2025	MV202502214	558	44,9	18,448,447	36,140	79,624,229	10,422,270	176,970	288,999	4,628,618	10,883,164	19,065,009	212	310,065	24966	166	7,841,525	23	35,595,243	74,183	18,728,181	4,115,959	68	0	Europe	large	4	4	1
False	obj1307	train	0	50	Y. Tanaka	Desert Oracle 2025 2	Standalone	26.04.2025	MV202502225	1489	26,8	10,484,463	10,763	49,698,356	4,899,118	71,835	1,205,885	2,537,102	6,778,526	2,757,751	343	277,386	88035	172	9,036,453	195	42,001,300	27,944	18,662,424	3,069,584	83	1	Asia-Pacific	medium	1	3	0
False	obj1308	train	0	61	L. Nakamura	Ocean of Stars	Universe Zero	24.04.2025	MV202502226	1717	59,3	36,611,607	110,580	56,575,429	26,434,599	457,540	748,069	5,885,288	14,615,207	6,517,199	248	67,953	69199	99	1,320,587	127	1,406,750	6,464	16,308,485	4,570,436	83	0	Americas	small	2	4	2
False	obj1309	train	0	76	E. Brooks	Lunar Cartography 2025	New Dawn	27.08.2025	MV202502227	1555	67,1	1,702,273	170,737	40,995,521	783,177	15,794	1,904,962	402,834	721,289	9,928,766	0	19,704	70320	63	6,172,455	85	28,168,187	99,562	10,613,494	1,550,410	94	0	Americas	small	3	0	2
False	obj1310	train	0	46	G. Murphy	Silent Protocol 2025 4	Legacy Cycle	11.09.2025	MV202502228	630	100,5	10,857,443	162,382	70,514,690	8,017,901	288,038	514,829	134,459	490,778	10,817,584	44	425,237	7011	289	63,269	150	34,680,598	20,999	20,109,118	1,512,437	54	0	Europe	medium	1	3	4
False	obj1311	train	0	34	H. Andersson	Blue Static 2025	New Dawn	15.08.2025	MV202502229	231	56,8	8,736,208	19,698	41,741,643	6,638,337	325,425	373,915	851,508	1,877,642	13,585,570	255	58,786	70042	178	6,962,362	150	32,234,673	36,612	7,831,093	3,630,555	76	0	Asia-Pacific	large	0	3	1
False	obj1312	train	0	73	D. Rossi	Silent Protocol	Origin Arc	16.06.2025	MV202502232	1712	98,5	5,507,565	118,840	17,618,074	2,358,534	69,653	336,600	946,312	3,744,582	149,712	179	22,220	98312	117	7,609,071	74	42,435,073	61,174	7,975,444	3,383,085	76	1	Latin America	medium	3	2	3
False	obj1313	train	0	70	Y. Tanaka	Crimson Archive 2025 3	Universe Zero	04.06.2025	MV202502242	1203	41,3	1,803,996	60,214	52,433,539	1,062,786	31,959	774,263	277,974	666,338	1,476,112	436	54,002	52808	255	8,728,193	168	21,915,606	61,287	22,848,231	3,036,039	1	0	Asia-Pacific	medium	3	0	1
False	obj1314	train	0	37	W. Stone	Desert Oracle	New Dawn	13.06.2025	MV202502244	2423	115,3	7,383,602	29,093	9,142,447	5,506,728	55,344	384,050	1,144,731	4,559,271	9,380,484	106	206,780	1106	90	1,866,270	48	12,212,644	76,170	3,274,870	1,440,796	63	1	Americas	small	0	3	4
False	obj1315	train	0	65	P. Singh	Lunar Cartography 2025	Final Chapter	31.03.2025	MV202502246	4358	90,4	1,599,276	26,609	18,750,100	1,199,388	13,248	193,202	249,201	561,821	1,552,133	28	17,205	79015	64	4,378,465	116	38,029,380	15,764	6,335,433	4,626,666	0	0	Latin America	small	2	0	3
False	obj1316	train	0	62	W. Stone	Quantum Rain 2025	Prime Story	31.12.2025	MV202502248	2116	61	5,334,402	62,188	27,649,590	2,069,005	51,940	899,524	1,158,536	2,085,529	17,773,589	398	240,634	89419	298	8,711,840	105	14,649,682	53,292	6,469,846	4,626,700	78	1	Americas	small	2	2	2
False	obj1317	train	0	65	B. Carter	Velvet Storm 2025	Prime Story	18.01.2025	MV202502249	4678	48,3	3,244,506	16,852	8,618,473	2,114,450	43,531	1,845,149	134,157	300,586	9,966,791	27	364,233	35582	75	2,798,216	42	31,679,492	57,498	7,135,082	4,068,319	42	1	Asia-Pacific	large	2	1	1
False	obj1318	train	0	71	F. Nguyen	Red Meridian 2025	Universe Zero	20.03.2025	MV202502260	3745	63,8	7,411,826	149,046	5,893,382	3,211,860	32,173	48,810	1,408,658	5,078,311	5,698,319	188	128,282	52772	180	1,001,402	94	21,602,157	50,895	29,235,171	1,685,447	74	1	Asia-Pacific	large	3	3	2
False	obj1319	train	0	44	Q. Jensen	Thunder Archive 2025 3	Standalone	14.01.2025	MV202502262	2701	59,1	8,283,843	187,446	72,631,251	5,925,198	170,046	1,370,948	1,576,250	4,537,064	4,724,259	113	383,472	61033	241	6,913,227	146	45,963,639	89,248	19,213,590	4,512,182	21	0	Americas	medium	1	3	2
False	obj1320	train	0	51	J. Martinez	Blue Static	Open Sky	20.12.2025	MV202502264	2023	94,6	4,006,102	50,750	71,158,340	656,938	16,582	638,449	962,941	2,251,653	1,206,604	62	475,600	66534	132	2,744,516	72	3,442,912	72,686	26,962,764	1,869,092	88	0	Europe	large	1	1	3
False	obj1321	train	0	61	N. Fischer	Northern Code	Legacy Cycle	04.03.2025	MV202502265	1952	42,7	3,308,581	127,395	37,655,043	2,384,134	46,839	681,330	179,736	413,187	12,264,551	208	187,214	35629	281	648,362	128	5,185,839	62,159	11,393,795	3,910,726	23	1	Europe	small	2	1	1
False	obj1322	train	0	89	F. Nguyen	Desert Oracle	Standalone	01.06.2025	MV202502278	2541	44,2	1,357,336	168,263	65,163,304	405,522	17,320	1,356,341	310,739	496,092	10,896,835	98	243,935	58051	82	301,230	10	3,240,440	88,406	9,869,203	2,652,259	90	0	Asia-Pacific	large	4	0	1
False	obj1323	train	0	89	E. Brooks	Crimson Archive 2025	Universe Zero	05.06.2025	MV202502279	3300	90,9	5,119,097	116,512	66,431,087	1,413,400	43,726	1,591,773	1,497,359	4,711,035	8,649,182	243	404,910	96009	174	8,408,465	100	46,849,380	61,971	29,027,291	938,602	36	1	Americas	small	4	2	3
False	obj1324	train	0	81	F. Nguyen	Carbon Dreams 2025	Chronicles Saga	25.09.2025	MV202502281	4315	69,4	11,390,324	144,847	60,835,049	7,184,488	300,957	1,326,026	2,946,468	10,316,259	7,461,424	29	352,327	78678	216	3,607,687	45	8,886,863	14,548	7,274,578	674,627	88	1	Asia-Pacific	large	3	3	2
False	obj1325	train	0	40	V. Popov	Glass Reactor 2025	Open Sky	16.04.2025	MV202502282	656	115,7	15,591,402	27,295	11,936,342	2,733,456	61,324	376,839	4,287,449	12,598,982	15,153,544	18	209,089	70366	81	3,318,138	139	24,189,890	43,843	10,506,269	984,465	13	0	Latin America	large	0	4	4
False	obj1326	train	0	79	Y. Tanaka	Hyperion Rise 2025 3	Standalone	30.08.2025	MV202502283	1261	73,5	631,901	24,510	59,815,310	142,357	1,649	1,044,117	124,495	437,455	9,716,305	5	465,517	19363	35	5,903,146	127	36,852,843	79,831	7,252,950	429,532	53	0	Asia-Pacific	medium	3	0	2
False	obj1327	train	0	65	O. Dubois	Deep Current 2025	Prime Story	01.02.2025	MV202502284	4983	109,3	4,520,005	112,078	6,886,216	708,216	15,661	729,954	715,835	1,811,677	15,186,943	123	204,255	55182	183	5,486,581	60	390,890	79,552	26,590,832	973,591	97	1	Latin America	large	2	2	4
False	obj1328	train	0	70	A. Volkov	Burning Atlas	Final Chapter	28.12.2025	MV202502285	26	35,6	2,382,826	127,220	56,689,738	1,460,504	70,725	1,699,787	248,077	299,246	3,469,355	71	181,193	49180	74	8,155,932	92	2,366,010	80,317	25,749,164	432,736	38	0	Americas	large	3	1	0
False	obj1329	train	0	77	Q. Jensen	Ghost Frequency	Legacy Cycle	08.05.2025	MV202502286	4047	38,5	1,944,465	144,178	20,762,979	614,660	11,254	859,471	191,313	683,015	7,982,227	395	195,098	70478	264	8,539,768	16	19,772,373	96,523	4,958,792	1,571,278	90	0	Americas	medium	3	0	1
False	obj1330	train	0	49	G. Murphy	Deep Current	Final Chapter	16.07.2025	MV202502299	2472	30,6	15,354,638	134,944	34,914,269	1,017,300	28,821	988,373	4,594,945	15,048,600	11,681,826	23	289,520	46595	74	4,464,061	69	18,064,022	77,856	18,684,581	1,485,842	23	0	Europe	medium	1	4	0
False	obj1331	train	0	93	J. Martinez	Parallel Lines	Open Sky	03.07.2025	MV202502300	4578	61,7	18,363,692	79,618	68,988,479	3,711,700	122,398	162,927	1,136,592	2,879,811	11,696,995	441	370,956	68461	140	6,063,269	49	31,274,989	63,474	14,346,394	4,824,690	21	0	Europe	large	4	4	2
False	obj1332	train	0	60	W. Stone	Thunder Archive	Prime Story	30.08.2025	MV202502303	789	75,9	1,647,410	84,600	33,803,204	183,218	3,904	555,593	345,861	962,286	7,889,245	344	466,243	84628	197	4,322,594	3	587,977	28,417	6,109,580	3,682,087	22	0	Americas	small	2	0	2
False	obj1333	train	0	69	M. Chen	Silent Protocol	Standalone	16.05.2025	MV202502304	3753	80,9	4,158,001	127,369	22,470,077	2,573,863	62,765	959,804	483,307	1,604,288	3,076,849	42	70,717	12143	60	591,526	192	12,050,817	93,812	1,643,298	3,773,482	86	0	Asia-Pacific	large	3	2	3
False	obj1334	train	0	57	C. Wright	City of Glass 2025	Dark Matter	30.09.2025	MV202502314	1221	60	2,522,333	81,957	33,766,477	1,771,773	23,663	792,503	216,607	461,226	12,948,842	33	205,752	33751	71	9,813,264	176	43,795,057	75,655	392,650	3,278,769	53	0	Europe	small	2	1	2
False	obj1335	train	0	66	K. Olsen	Silent Protocol	Final Chapter	26.08.2025	MV202502315	3960	60,2	17,304,659	188,674	53,788,371	1,131,737	47,110	750,343	2,711,987	4,285,309	19,408,753	21	223,853	45726	50	5,635,071	167	36,871,244	94,240	16,299,781	1,083,131	68	0	Americas	large	2	4	2
False	obj1336	train	0	64	H. Andersson	Violet Engine 2025	Standalone	15.08.2025	MV202502318	1970	69,8	2,798,511	123,656	30,577,948	1,413,646	44,971	522,212	826,634	1,164,248	16,224,079	318	475,769	61313	31	677,376	136	37,170,087	81,331	9,832,260	2,693,889	79	0	Asia-Pacific	large	2	1	2
False	obj1337	train	0	67	D. Rossi	Hollow Crown	Prime Story	28.03.2025	MV202502319	359	105,5	2,281,002	129,053	25,614,543	1,118,651	53,941	1,826,539	194,369	347,148	1,867,507	160	351,190	65413	266	1,922,872	182	13,806,561	70,820	22,191,171	917,491	5	0	Latin America	medium	2	1	4
False	obj1338	train	0	85	Q. Jensen	Thunder Archive 2025	Dark Matter	30.12.2025	MV202502320	677	103	13,169,071	81,125	79,958,091	3,324,600	54,610	1,864,698	2,941,923	11,596,022	8,037,287	122	49,927	94153	139	5,130,013	12	40,483,392	21,831	18,854,262	1,807,155	47	0	Americas	medium	4	3	4
False	obj1339	train	0	85	I. Hassan	Binary Sunset 2025 3	New Dawn	08.07.2025	MV202502321	316	15,6	2,905,313	24,174	38,759,472	840,678	11,677	652,317	193,674	355,507	17,410,928	2	94,501	3542	125	9,979,891	34	32,273,537	58,724	17,198,892	1,884,784	14	0	Americas	large	4	1	0
False	obj1340	train	0	44	Q. Jensen	Broken Compass	Open Sky	14.09.2025	MV202502322	241	113,9	2,890,141	128,226	74,075,449	830,204	23,604	696,454	408,486	715,586	15,648,670	390	417,658	69225	93	8,795,858	21	11,380,355	56,909	24,762,829	3,937,923	75	0	Americas	medium	1	1	4
False	obj1341	train	0	76	E. Brooks	Northern Code 2025	Open Sky	15.10.2025	MV202502332	4038	42,6	10,589,953	57,000	29,101,073	882,648	11,735	1,716,570	1,639,727	3,924,320	9,325,565	164	205,664	66817	264	1,012,009	176	22,604,312	36,446	21,980,740	1,501,084	81	1	Americas	small	3	3	1
False	obj1342	train	0	38	Z. Ali	Solar Drift 2025	Prime Story	16.10.2025	MV202502333	4758	115,5	4,755,254	72,869	71,205,808	1,058,316	52,414	594,242	1,325,338	4,793,589	10,790,746	178	28,010	73915	128	1,936,477	193	47,172,451	65,610	17,861,874	1,535,913	75	1	Latin America	small	0	2	4
False	obj1343	train	0	34	I. Hassan	Nova Protocol 2025	Prime Story	09.04.2025	MV202502334	3224	60	2,670,460	120,975	58,999,327	718,373	22,780	529,293	50,698	89,202	19,901,119	8	260,838	2877	259	1,900,563	10	40,817,791	27,964	3,364,225	749,328	38	1	Americas	large	0	1	2
False	obj1344	train	0	53	L. Nakamura	Neon Horizon 2025	Legacy Cycle	26.10.2025	MV202502336	3349	65,4	1,195,364	147,184	67,633,558	108,315	2,051	561,438	118,681	275,643	6,776,882	317	132,591	3332	143	6,802,367	160	32,212,540	84,737	4,241,011	76,726	6	1	Americas	small	1	0	2
False	obj1345	train	0	61	F. Nguyen	Hyperion Rise 2025	Chronicles Saga	28.11.2025	MV202502338	2638	109,2	27,547,203	75,179	78,912,287	13,206,335	486,999	1,273,123	2,060,339	5,557,838	15,330,881	439	129,122	11706	109	6,586,534	183	31,744,716	33,530	13,657,588	60,173	67	0	Asia-Pacific	large	2	4	4
False	obj1346	train	0	79	V. Popov	White Noise 2025	Open Sky	21.05.2025	MV202502340	2597	76,6	9,928,353	112,006	12,461,491	523,558	19,121	280,323	2,955,768	4,501,183	6,679,708	153	405,275	77307	193	7,253,873	37	579,236	23,531	20,899,180	2,393,594	47	0	Latin America	large	3	3	2
False	obj1347	train	0	88	Y. Tanaka	Ocean of Stars 2025	Universe Zero	14.02.2025	MV202502251	3954	31,5	52,449,078	70,197	2,109,602	39,819,055	862,235	1,776,314	12,030,973	35,424,737	17,083,861	364	431,116	9345	248	3,694,460	45	20,095,634	63,847	13,190,689	3,263,736	52	0	Asia-Pacific	medium	4	4	0
False	obj1348	train	0	58	R. Silva	Last Signal	Dark Matter	12.07.2025	MV202502256	3558	111,5	1,647,663	183,422	18,908,264	706,265	12,051	607,876	416,471	739,988	12,325,695	265	259,965	47452	273	3,319,024	69	39,819,564	39,433	14,282,996	4,813,689	17	0	Latin America	large	2	0	4
False	obj1349	train	0	93	O. Dubois	Neon Horizon	Legacy Cycle	29.04.2025	MV202502258	4232	96,8	67,970,110	126,034	54,531,388	35,769,051	1,212,536	471,232	7,750,437	21,420,909	19,407,629	327	154,008	6233	86	9,708,235	78	48,480,493	52,221	3,716,662	1,634,458	43	1	Latin America	large	4	4	3
False	obj1350	train	0	50	K. Olsen	Midnight Cartel 2025	Open Sky	30.08.2025	MV202502271	3567	107,3	30,937,052	119,259	45,688,946	15,868,335	627,263	1,764,766	7,330,693	20,832,078	6,585,768	245	14,912	5135	268	1,634,500	12	27,018,613	91,324	3,558,011	4,093,419	93	0	Americas	large	1	4	4
False	obj1351	train	0	43	W. Stone	Desert Oracle 2025	Universe Zero	21.04.2025	MV202502272	2284	87	2,919,144	121,485	39,016,985	1,880,962	79,292	88,896	617,790	1,223,605	9,296,533	93	459,053	91829	251	8,907,848	196	43,707,974	24,998	203,066	3,928,311	81	0	Americas	small	1	1	3
False	obj1352	train	0	33	I. Hassan	Burning Atlas 2025	Standalone	15.08.2025	MV202502275	3895	116,1	3,092,403	140,330	54,034,620	2,142,691	96,638	467,590	864,762	1,732,205	15,018,611	20	442,495	16514	286	8,232,630	132	460,292	70,943	27,062,981	3,715,066	62	0	Americas	large	0	1	4
False	obj1353	train	0	39	H. Andersson	Deep Current 2025	Standalone	31.10.2025	MV202502277	3494	116,2	2,534,790	114,216	43,955,607	1,635,537	77,326	573,885	661,461	1,927,086	378,028	195	203,291	94341	93	8,506,440	13	23,153,849	48,538	17,328,858	3,472,125	98	1	Asia-Pacific	large	0	1	4
False	obj1354	train	0	52	R. Silva	Last Signal 2025	Open Sky	13.04.2025	MV202502288	4575	91,8	1,949,642	45,762	29,772,473	1,011,918	21,136	1,301,054	107,068	320,185	6,630,223	352	159,620	96590	214	6,826,239	192	2,641,250	81,228	7,890,905	2,636,097	40	0	Latin America	large	1	0	3
False	obj1355	train	0	76	R. Silva	Electric Mirage	Open Sky	15.11.2025	MV202502289	4287	76,1	1,928,042	183,946	34,683,183	1,039,478	42,316	1,235,880	403,997	1,121,145	8,232,683	5	92,376	42132	171	6,129,508	166	1,696,765	31,131	12,084,772	4,842,148	79	0	Latin America	large	3	0	2
False	obj1356	train	0	71	H. Andersson	Nova Protocol	Universe Zero	09.04.2025	MV202502290	3239	33,7	7,434,046	158,214	58,522,814	1,233,566	41,647	968,759	858,022	2,319,056	16,837,823	78	229,288	18523	71	6,157,202	4	19,702,160	1,930	29,617,631	2,930,645	22	0	Asia-Pacific	large	3	3	0
False	obj1357	train	0	72	Y. Tanaka	Nova Protocol 2025	Origin Arc	28.08.2025	MV202502295	2112	72,5	5,362,488	127,467	45,608,142	2,115,818	100,988	630,278	426,775	1,605,968	18,079,133	122	454,783	19324	50	2,658,177	125	12,387,336	99,044	25,541,086	1,637,103	1	0	Asia-Pacific	medium	3	2	2
False	obj1358	train	0	74	B. Carter	Final Orbit	Final Chapter	02.08.2025	MV202502305	3600	62,7	5,103,251	53,370	54,694,993	323,345	9,867	147,326	1,425,121	3,793,557	12,705,101	498	65,356	2942	45	8,410,543	107	22,848,173	12,986	20,036,371	154,506	16	0	Asia-Pacific	large	3	2	2
False	obj1359	train	0	72	A. Volkov	White Noise 2	Legacy Cycle	03.10.2025	MV202502306	1426	51,5	3,780,372	190,766	8,201,179	1,003,026	28,728	231,232	612,051	2,153,853	15,781,595	301	357,397	41011	45	5,974,973	152	44,045,186	95,719	3,188,676	1,835,409	3	1	Americas	large	3	1	1
False	obj1360	train	0	68	F. Nguyen	Ocean of Stars 2025	Chronicles Saga	12.03.2025	MV202502308	1309	65,1	14,063,447	160,069	14,830,667	9,066,115	222,098	585,636	1,377,948	3,789,024	18,415,402	164	62,120	18146	175	9,931,767	122	495,060	10,909	5,119,161	1,226,723	96	0	Asia-Pacific	large	2	4	2
False	obj1361	train	0	45	C. Wright	Blue Static 2025	Standalone	06.06.2025	MV202502309	8	39,5	892,347	90,579	38,002,374	44,870	2,011	131,356	63,891	172,042	16,337,104	88	439,727	48624	56	3,144,078	135	27,264,250	84,368	18,892,133	3,688,158	66	1	Europe	small	1	0	1
False	obj1362	train	0	73	F. Nguyen	Northern Code 2025	New Dawn	30.08.2025	MV202502310	4863	44,8	2,472,578	198,306	40,849,793	662,364	6,877	1,713,362	131,447	205,980	5,489,270	102	80,111	80299	71	905,830	143	1,823,269	84,400	6,552,076	3,876,095	89	0	Asia-Pacific	large	3	1	1
False	obj1363	train	0	46	H. Andersson	Golden Ratio 2025 3	Origin Arc	09.04.2025	MV202502311	1130	33,2	9,829,666	117,338	44,619,399	3,518,837	56,268	714,761	904,522	3,477,872	4,187,236	35	265,929	85022	214	2,570,849	174	35,314,532	39,025	1,269,394	2,572,738	20	0	Asia-Pacific	large	1	3	0
False	obj1364	train	0	30	P. Singh	Shadow Circuit 2025	Chronicles Saga	19.03.2025	MV202502323	623	81,1	24,195,200	20,792	44,136,027	3,733,186	170,196	648	6,316,764	18,266,318	11,309,296	462	193,946	80181	180	7,044,425	45	19,785,925	9,388	8,109,951	292,962	54	1	Latin America	small	0	4	3
False	obj1365	train	0	46	O. Dubois	Last Signal 2025	Legacy Cycle	28.06.2025	MV202502325	2433	93,6	3,329,333	22,125	77,824,394	297,076	14,166	1,420,447	815,155	1,967,511	10,515,154	315	111,282	27673	94	4,653,261	176	44,543,330	64,460	15,391,973	4,579,873	68	1	Latin America	large	1	1	3
False	obj1366	train	0	32	L. Nakamura	Velvet Storm 2025	Chronicles Saga	02.12.2025	MV202502326	3807	90,6	3,079,953	52,044	40,983,048	2,416,630	87,053	200,228	111,009	177,537	14,902,810	312	184,022	91282	7	4,276,152	82	16,674,878	57,561	17,134,300	3,688,941	14	0	Americas	small	0	1	3
False	obj1367	train	0	70	I. Hassan	Desert Oracle 2025	New Dawn	02.02.2025	MV202502328	4555	19,4	14,010,072	31,911	41,906,763	7,113,382	317,457	368,557	2,301,576	6,063,836	12,812,463	177	402,855	45406	87	5,229,784	77	8,987,940	75,069	26,816,792	2,375,370	50	1	Americas	large	3	4	0
False	obj1368	train	0	39	F. Nguyen	Electric Mirage 2025 3	Origin Arc	05.05.2025	MV202502329	3783	76,8	34,077,279	117,960	38,057,642	6,099,047	196,618	508,967	5,286,332	19,018,455	10,445,340	82	410,903	52401	25	6,015,620	25	7,364,405	78,176	24,885,064	1,887,157	47	0	Asia-Pacific	large	0	4	2
False	obj1369	train	0	59	D. Rossi	Red Meridian 2025	Open Sky	07.06.2025	MV202502330	4108	60,8	20,314,071	145,791	32,211,285	2,608,860	122,313	526,381	6,072,586	16,244,564	9,799,402	341	80,902	80420	157	8,879,482	138	34,678,311	12,176	18,171,311	1,443,282	12	0	Latin America	medium	2	4	2
False	obj1370	train	0	33	R. Silva	Final Orbit 2025	Dark Matter	15.03.2025	MV202502342	3612	110,8	5,469,227	70,612	79,439,677	2,029,199	95,767	752,810	893,427	3,270,025	9,315,345	277	34,260	83749	36	2,310,370	61	29,119,891	15,795	24,917,616	1,095,220	97	0	Latin America	large	0	2	4
False	obj1371	train	0	37	N. Fischer	Paper Kingdom 2025	Dark Matter	12.07.2025	MV202502343	4814	66	9,671,162	109,010	8,470,673	1,571,703	55,937	1,686,583	1,025,336	2,628,681	10,562,009	229	447,645	88415	281	5,259,422	73	34,633,321	30,155	2,892,045	1,666,705	29	0	Europe	small	0	3	2
False	obj1372	train	0	37	F. Nguyen	Obsidian Heart	Universe Zero	19.11.2025	MV202502345	255	72,2	8,289,880	16,788	45,588,477	1,039,922	19,119	1,115,330	2,183,963	7,392,426	2,503,299	242	65,545	54132	120	4,336,320	75	42,436,365	98,603	22,540,895	1,366,613	25	0	Asia-Pacific	large	0	3	2
False	obj1373	train	0	45	D. Rossi	Broken Compass	Standalone	31.03.2025	MV202502346	1314	35,8	3,176,895	175,156	22,749,627	823,006	19,287	1,020,009	683,497	1,515,582	11,413,517	428	390,143	50268	146	9,171,902	53	35,128,625	89,175	22,979,128	684,257	99	0	Latin America	medium	1	1	0
False	obj1374	train	0	66	V. Popov	City of Glass	Open Sky	08.08.2025	MV202502348	4654	62,4	13,045,907	156,876	16,677,115	7,993,799	377,686	1,173,221	463,117	1,210,423	8,884,823	358	490,128	67763	86	948,629	171	8,026,611	46,712	19,532,866	3,297,145	96	0	Latin America	large	2	3	2
False	obj1375	train	0	75	Q. Jensen	Final Orbit 2025	New Dawn	19.03.2025	MV202502359	1512	54,9	5,451,196	4,785	9,161,120	3,560,359	107,891	1,173,562	1,546,497	4,493,808	5,335,883	133	261,915	32020	5	5,250,707	173	571,517	1,986	14,766,492	4,282,172	70	0	Americas	medium	3	2	1
False	obj1376	train	0	53	I. Hassan	Violet Engine	Final Chapter	27.09.2025	MV202502361	1359	55,2	3,424,497	32,053	46,799,660	2,416,817	87,482	1,936,610	272,375	640,850	1,478,017	167	53,977	54785	294	102,575	138	1,409,013	36,805	9,257,943	407,613	55	0	Americas	large	1	1	1
False	obj1377	train	0	83	W. Stone	Kinetic Prayer 2025	New Dawn	03.08.2025	MV202502377	15	106,3	523,913	168,819	39,128,608	256,049	9,848	965,902	20,823	61,885	15,413,618	494	259,718	18342	272	543,111	134	10,894,993	1,185	2,678,036	305,349	4	0	Americas	small	4	0	4
False	obj1378	train	0	32	Q. Jensen	Iron Garden 2025	Universe Zero	27.01.2025	MV202502379	4262	117,2	6,744,930	45,435	5,020,270	2,156,136	53,889	1,060,257	1,362,263	3,473,533	6,240,709	395	202,598	18156	253	9,975,834	184	19,593,176	5,808	14,560,276	2,995,160	51	1	Americas	medium	0	2	4
False	obj1379	train	0	68	Q. Jensen	Red Meridian	Legacy Cycle	06.12.2025	MV202502382	4702	104,8	2,766,018	63,990	18,328,974	384,113	12,948	1,754,217	95,562	185,942	18,478,427	14	364,179	26804	189	2,363,875	28	27,688,954	44,357	295,220	3,815,196	75	0	Americas	medium	2	1	4
False	obj1380	train	0	80	B. Carter	Winter Echo 2025	Standalone	03.06.2025	MV202502383	4001	24,9	21,047,481	193,875	48,104,681	5,742,839	249,947	1,941,142	3,091,125	8,580,828	13,686,582	78	206,789	93976	65	1,980,042	142	32,134,368	55,255	18,143,678	4,818,268	80	0	Asia-Pacific	large	3	4	0
False	obj1381	train	0	76	I. Hassan	Final Orbit 2025	Origin Arc	24.03.2025	MV202502384	241	68,7	11,524,755	174,657	56,317,019	3,654,820	151,245	441,748	1,300,181	4,278,661	16,054,896	32	364,196	7381	106	1,297,515	60	25,316,146	66,188	29,310,568	379,720	26	0	Americas	large	3	3	2
False	obj1382	train	0	80	C. Wright	Carbon Dreams	Universe Zero	14.09.2025	MV202502351	24	50,8	12,700,606	34,084	38,399,799	5,984,458	237,085	1,492,505	2,536,617	9,461,065	15,495,950	12	161,341	59407	207	8,716,439	110	33,464,025	19,765	6,212,654	1,723,070	3	0	Europe	small	3	3	1
False	obj1383	train	0	62	J. Martinez	Shadow Circuit 2025	Open Sky	22.02.2025	MV202502353	2068	73,4	3,592,311	80,889	35,062,276	258,187	3,086	1,626,730	732,945	2,810,701	5,198,763	332	264,366	17259	145	9,623,871	169	34,807,525	43,057	1,230,597	3,772,273	8	0	Europe	large	2	1	2
False	obj1384	train	0	89	B. Carter	Infinite Margin 2025 4	Open Sky	17.05.2025	MV202502354	1576	27,6	20,596,117	172,270	54,857,705	9,443,259	426,043	448,623	2,242,849	7,924,767	2,026,590	74	9,647	79659	147	3,861,401	196	13,817,561	26,433	2,611,858	1,658,715	10	1	Asia-Pacific	large	4	4	0
False	obj1385	train	0	71	A. Volkov	Electric Mirage 2025	Origin Arc	05.02.2025	MV202502355	4621	43,7	579,498	38,283	50,936,027	111,514	4,389	1,429,086	149,520	554,374	19,804,793	112	351,174	66463	185	4,893,751	176	23,863,122	15,653	3,405,992	1,910,828	28	0	Americas	large	3	0	1
False	obj1386	train	0	86	Q. Jensen	Neon Horizon	Standalone	17.05.2025	MV202502368	838	98,9	12,093,342	64,217	10,756,869	4,077,219	170,478	811,876	2,847,811	3,717,937	16,008,260	16	18,471	82551	108	6,942,498	68	30,414,848	78,254	6,061,753	4,584,197	69	0	Americas	medium	4	3	3
False	obj1387	train	0	86	C. Wright	Crimson Archive	Legacy Cycle	25.10.2025	MV202502369	1806	39,7	12,279,857	198,829	34,906,258	7,736,800	265,205	1,868,159	369,871	904,570	16,890,546	365	322,693	6167	35	5,049,893	95	26,741,289	4,757	28,962,625	402,359	46	0	Europe	small	4	3	1
False	obj1388	train	0	57	T. Kim	Velvet Storm 3	Universe Zero	24.06.2025	MV202502370	1050	74,9	4,108,335	194,242	64,848,616	1,382,008	21,101	1,872,835	951,974	2,875,957	17,555,934	461	256,345	29561	190	1,185,052	91	33,494,525	19,213	25,323,303	4,403,546	39	0	Americas	small	2	1	2
False	obj1389	train	0	79	A. Volkov	Nova Protocol 2025	Open Sky	12.07.2025	MV202502371	4101	58,4	9,098,391	102,640	77,914,334	1,024,174	38,495	1,933,537	1,307,374	1,786,897	3,110,946	53	263,944	92923	167	8,656,324	78	8,359,883	32,581	7,495,613	1,310,448	6	0	Americas	large	3	3	1
False	obj1390	train	0	42	W. Stone	Crystal Fault 2025 4	Open Sky	10.11.2025	MV202502372	3990	81,4	2,951,238	185,341	74,509,154	2,212,778	43,788	297,117	422,003	737,747	19,449,967	332	26,037	84077	45	2,037,542	108	16,140,015	11,992	8,029,077	204,084	83	1	Americas	small	0	1	3
False	obj1391	train	0	78	N. Fischer	Ghost Frequency 2025	New Dawn	20.04.2025	MV202502374	2592	79,9	1,149,555	45,207	21,331,197	554,683	7,213	372,922	74,586	202,784	15,068,116	18	464,497	90953	103	2,925,002	28	471,494	78,961	9,953,120	3,113,694	96	1	Europe	small	3	0	3
False	obj1392	train	0	89	O. Dubois	Violet Engine	Prime Story	11.06.2025	MV202502375	3697	117	15,421,202	47,651	53,719,246	12,005,355	476,398	544,994	3,914,327	7,078,483	17,647,660	116	190,574	91425	125	8,358,740	36	1,605,968	66,136	25,594,278	2,760,397	59	0	Latin America	large	4	4	4
False	obj1393	train	0	68	B. Carter	Final Orbit 2025	Universe Zero	09.05.2025	MV202502376	487	42,5	8,305,051	70,890	33,091,199	2,630,405	78,046	1,036,753	438,989	1,475,717	12,222,446	6	225,774	37865	34	1,204,616	138	38,512,973	70,151	6,854,930	3,955,292	81	0	Asia-Pacific	large	2	3	1
False	obj1394	train	0	88	E. Brooks	Jade Frequency 2025	Origin Arc	18.06.2025	MV202502386	757	27,4	9,614,284	9,894	50,640,662	780,166	32,180	1,838,176	1,575,015	5,693,967	3,893,634	200	57,978	29558	28	9,772,567	92	23,262,625	97,671	7,434,233	2,307,985	20	1	Americas	small	4	3	0
False	obj1395	train	0	62	C. Wright	Feral Harmony 2025 2	Standalone	03.08.2025	MV202502387	1719	110,4	34,793,537	30,471	56,236,151	23,111,072	667,684	1,047,760	10,238,580	14,155,419	7,026,816	136	446,911	33661	290	7,394,659	78	31,744,220	33,921	9,726,239	4,956,336	59	0	Europe	small	2	4	4
False	obj1396	train	0	66	C. Wright	Paper Kingdom	New Dawn	27.07.2025	MV202502389	4439	72,5	6,994,662	51,168	66,162,186	1,388,689	29,125	1,316,001	1,102,001	4,181,920	2,247,150	297	33,405	76470	114	8,706,607	125	24,983,436	97,418	9,238,464	4,526,080	41	1	Europe	small	2	2	2
False	obj1397	train	0	56	Q. Jensen	Ocean of Stars 2025 4	Open Sky	09.06.2025	MV202502390	4569	31,7	9,140,804	20,422	11,398,495	5,257,620	59,545	1,180,815	1,435,078	5,233,342	18,007,836	42	342,108	67476	268	7,027,865	39	361,490	14,212	12,455,260	1,176,419	89	0	Americas	medium	2	3	0
False	obj1398	train	0	58	D. Rossi	Thunder Archive 2025	New Dawn	24.12.2025	MV202502405	3832	34,6	9,575,363	51,572	27,753,422	7,084,512	155,743	1,590,248	2,696,150	9,839,935	12,510,974	108	340,059	93331	36	361,548	35	1,412,473	17,825	1,989,634	1,004,903	57	0	Latin America	medium	2	3	0
False	obj1399	train	0	50	K. Olsen	Binary Sunset 2025	Universe Zero	10.02.2025	MV202502407	2770	68,4	2,803,891	193,847	44,687,491	1,581,040	49,835	711,541	838,141	3,014,642	3,807,245	298	302,823	50585	29	7,047,630	4	10,507,813	78,740	23,451,394	4,279,285	83	0	Americas	large	1	1	2
False	obj1400	train	0	75	Y. Tanaka	Last Signal 2025	Open Sky	16.09.2025	MV202502408	3623	88	1,699,802	135,796	57,818,134	1,046,895	12,166	927,113	104,931	203,898	12,284,835	405	57,837	75643	4	5,586,084	81	40,922,861	87,537	21,723,145	2,728,213	55	0	Asia-Pacific	medium	3	0	3
False	obj1401	train	0	48	A. Volkov	Ember Valley 2025	Prime Story	24.02.2025	MV202502409	1654	42,9	5,514,993	39,451	27,221,541	3,518,045	168,860	1,679,604	199,434	269,935	17,591,670	229	164,166	20359	186	8,756,081	146	22,339,570	8,276	12,581,768	2,585,348	53	1	Americas	large	1	2	1
False	obj1402	train	0	89	S. Patel	Desert Oracle 2	Dark Matter	06.01.2025	MV202502412	3078	63,8	2,914,758	40,128	23,121,264	1,986,997	28,960	42,106	218,154	468,900	2,690,391	231	83,609	82061	266	6,470,585	159	22,838,041	77,952	13,005,382	4,281,979	31	0	Europe	large	4	1	2
False	obj1403	train	0	69	E. Brooks	Burning Atlas 2025 2	Universe Zero	31.07.2025	MV202502423	2744	110,1	1,999,311	38,000	52,362,870	1,087,369	40,561	29,771	347,991	735,079	470,455	208	354,868	71305	298	7,674,721	185	31,372,057	76,372	23,233,404	4,067,579	61	0	Americas	small	3	0	4
False	obj1404	train	0	65	E. Brooks	Winter Echo 2025	Dark Matter	01.05.2025	MV202502424	1761	39,6	8,183,613	140,571	55,220,049	3,371,378	146,957	179,498	1,927,482	2,437,279	11,712,637	142	294,369	87725	20	653,812	50	3,062,576	85,994	813,906	586,046	38	1	Americas	small	2	3	1
False	obj1405	train	0	39	W. Stone	Glass Reactor 2025	Prime Story	06.09.2025	MV202502430	3317	21,5	6,156,782	128,396	65,366,868	724,150	13,631	1,053,874	547,993	1,111,838	9,115,029	53	164,274	48929	157	415,130	62	25,472,803	14,796	19,239,496	2,355,993	23	1	Americas	small	0	2	0
False	obj1406	train	0	58	R. Silva	Nova Protocol	New Dawn	28.09.2025	MV202502440	4982	105,5	9,716,792	9,119	73,796,952	7,158,086	356,241	1,317,716	2,255,587	4,817,660	19,474,685	473	158,686	36612	192	9,674,821	47	9,485,881	37,591	1,454,417	4,957,473	79	0	Latin America	large	2	3	4
False	obj1407	train	0	61	M. Chen	Infinite Margin 2025	New Dawn	19.03.2025	MV202502441	2864	116,1	21,880,360	3,576	10,885,050	5,865,935	79,878	1,196,716	389,403	828,157	14,397,126	184	413,738	66168	230	3,963,735	104	8,432,200	77,033	13,756,282	240,976	14	0	Asia-Pacific	large	2	4	4
False	obj1408	train	0	38	R. Silva	Crimson Archive 2025	Legacy Cycle	01.05.2025	MV202502442	1079	62,7	21,411,554	198,577	44,069,346	16,512,747	459,320	341,372	6,373,747	8,974,361	3,928,621	92	247,306	18651	234	3,010,529	109	468,032	2,482	8,201,987	1,083,917	28	0	Latin America	large	0	4	2
False	obj1409	train	0	77	D. Rossi	Obsidian Heart	Prime Story	01.04.2025	MV202502443	3672	103,6	5,389,470	33,557	1,697,812	1,385,279	61,698	1,064,785	432,623	1,373,085	5,736,579	476	244,495	38350	241	6,380,021	163	16,823,784	36,757	18,123,060	3,989,199	28	1	Latin America	medium	3	2	4
False	obj1410	train	0	56	T. Kim	Violet Engine 2025	Open Sky	20.11.2025	MV202502444	872	53,3	15,932,266	193,046	74,899,285	9,727,567	98,478	1,601,244	3,693,173	11,470,326	16,338,322	46	210,950	21977	230	6,478,901	78	10,649,418	10,808	5,515,117	4,255,824	74	0	Americas	small	2	4	1
False	obj1411	train	0	40	F. Nguyen	Kinetic Prayer 2025	New Dawn	20.11.2025	MV202502458	4516	50,5	30,504,822	167,744	910,081	5,118,807	153,671	1,730,488	6,852,114	14,365,514	11,268,540	485	302,300	80413	16	3,118,252	143	18,828,520	66,653	649,484	3,736,950	30	1	Asia-Pacific	large	0	4	1
False	obj1412	train	0	85	M. Chen	Midnight Cartel	Chronicles Saga	10.03.2025	MV202502459	4793	44	1,112,977	109,349	27,088,980	348,312	6,509	1,267,590	15,411	48,184	17,266,227	136	253,937	14772	186	2,437,285	179	39,161,505	78,094	8,171,145	4,290,601	68	0	Asia-Pacific	large	4	0	1
False	obj1413	train	0	43	V. Popov	Ocean of Stars 2025	Legacy Cycle	28.11.2025	MV202502461	1781	54,2	897,220	191,984	4,309,328	161,077	3,333	1,426,832	63,596	199,761	19,353,008	139	336,288	61504	240	4,285,473	146	35,265,013	47,464	26,522,163	3,780,135	85	0	Latin America	large	1	0	1
False	obj1414	train	0	81	G. Murphy	Silent Protocol 2025 3	Legacy Cycle	01.10.2025	MV202502478	1770	42,8	586,196	46,474	55,115,582	74,747	3,443	3,913	89,076	352,560	12,266,434	258	159,717	85050	71	4,752,568	9	20,284,076	79,804	17,542,004	748,121	50	0	Europe	medium	3	0	1
False	obj1415	train	0	89	D. Rossi	Thunder Archive	Legacy Cycle	11.11.2025	MV202502480	2991	47,6	9,773,163	157,080	51,432,145	7,451,665	275,278	1,294,563	217,859	604,782	1,098,262	302	168,202	11927	19	2,552,378	178	3,930,703	55,237	22,006,842	4,625,148	81	1	Latin America	medium	4	3	1
False	obj1416	train	0	85	C. Wright	Burning Atlas	Final Chapter	31.10.2025	MV202502481	4824	97,5	6,177,691	74,857	76,674,894	896,081	39,702	1,221,939	735,439	1,029,111	10,599,046	383	358,605	19070	80	7,383,163	141	38,744,660	18,535	23,685,744	1,646,417	27	0	Europe	small	4	2	3
False	obj1417	train	0	31	T. Kim	Lunar Cartography 2025	New Dawn	30.01.2025	MV202502482	782	80,9	1,439,258	83,099	2,396,461	1,095,736	30,827	1,521,870	236,880	671,507	17,416,027	179	417,723	89675	142	5,606,004	170	18,125,625	68,653	3,144,872	4,397,961	62	1	Americas	small	0	0	3
False	obj1418	train	0	65	F. Nguyen	Jade Frequency	Prime Story	29.05.2025	MV202502483	380	91,9	5,876,664	106,575	35,640,555	4,186,451	84,551	581,910	123,184	175,987	8,141,507	11	350,900	95158	243	4,792,615	182	32,103,466	49,689	7,697,816	956,287	99	0	Asia-Pacific	large	2	2	3
False	obj1419	train	0	48	G. Murphy	Red Meridian 2025	Prime Story	17.04.2025	MV202502395	164	104,2	4,315,908	130,114	61,905,200	923,800	37,765	148,385	874,860	3,478,753	16,002,715	409	154,255	56331	148	7,155,019	172	38,377,260	12,008	5,291,478	1,312,640	69	0	Europe	medium	1	2	4
False	obj1420	train	0	75	P. Singh	Echo Chamber 2025	Universe Zero	26.10.2025	MV202502396	4602	73,4	2,766,087	139,983	23,775,542	510,050	14,793	1,274,503	480,881	602,075	13,709,902	57	432,944	81350	280	6,753,251	117	29,608,751	62,440	10,550,251	228,636	26	1	Latin America	small	3	1	2
False	obj1421	train	0	59	F. Nguyen	City of Glass 2025	Standalone	27.11.2025	MV202502397	13	46,5	32,026,091	175,615	49,948,951	21,865,915	1,034,290	123,529	3,667,641	13,433,514	4,790,587	473	108,722	99834	233	7,795,435	1	42,110,568	20,015	6,312,243	447,559	41	0	Asia-Pacific	large	2	4	1
False	obj1422	train	0	66	J. Martinez	Crimson Archive 2025	Final Chapter	21.07.2025	MV202502398	4780	75,4	1,667,250	13,492	43,779,232	553,966	6,646	1,165,124	364,934	949,566	11,746	238	313,994	76772	155	9,677,098	125	6,198,337	64,264	1,921,058	2,447,510	20	0	Europe	large	2	0	2
False	obj1423	train	0	66	Q. Jensen	Jade Frequency 2025	Origin Arc	07.07.2025	MV202502399	3241	24,3	5,665,536	100,694	34,185,141	3,571,864	39,509	1,556,443	86,687	224,483	13,954,584	455	26,666	71401	25	9,661,495	38	39,541,544	53,308	17,291,044	3,359,917	46	1	Americas	medium	2	2	0
False	obj1424	train	0	32	P. Singh	Echo Chamber 2025	Final Chapter	13.02.2025	MV202502401	938	107,6	3,220,450	111,711	47,494,275	1,824,078	61,006	1,838,836	423,050	1,246,476	488,996	198	441,873	96341	78	1,394,691	108	4,507,908	50,610	27,288,976	4,131,390	63	1	Latin America	small	0	1	4
False	obj1425	train	0	66	Y. Tanaka	Carbon Dreams 2025	Open Sky	21.03.2025	MV202502403	4661	103,8	1,438,702	58,833	55,324,345	594,125	12,550	1,586,745	384,253	520,877	18,257,355	60	258,031	81927	173	1,742,103	84	44,590,701	76,732	26,439,329	4,060,701	22	0	Asia-Pacific	medium	2	0	4
False	obj1426	train	0	93	P. Singh	Burning Atlas 2025	Legacy Cycle	27.01.2025	MV202502414	3929	69	10,291,046	156,927	63,707,520	4,569,477	137,735	1,254,962	223,103	610,937	866,268	172	46,742	46786	257	8,455,400	198	8,897,271	9,650	13,155,403	1,997,505	28	1	Latin America	small	4	3	2
False	obj1427	train	0	77	B. Carter	Shadow Circuit 2025	New Dawn	24.05.2025	MV202502418	717	53,3	6,715,789	64,946	843,247	680,868	29,462	1,128,204	73,398	123,540	18,642,954	336	144,694	39859	179	1,595,846	143	14,728,903	22,381	8,235,439	1,853,802	60	0	Asia-Pacific	large	3	2	1
False	obj1428	train	0	51	R. Silva	Golden Ratio 2025 2	New Dawn	17.12.2025	MV202502419	4875	54,3	2,558,541	183,577	54,731,978	1,635,274	67,066	1,753,077	477,258	1,296,688	7,573,824	286	68,394	51198	187	2,689,542	83	2,660,873	63,879	29,890,254	1,094,926	28	1	Latin America	large	1	1	1
False	obj1429	train	0	41	Q. Jensen	Stone Butterfly 2025	Prime Story	02.05.2025	MV202502421	2086	110,7	52,306,824	51,528	60,107,568	18,817,783	686,425	761,574	14,067,433	41,163,622	6,049,795	324	357,801	1398	132	6,153,972	127	47,564,540	20,876	25,918,990	1,146,577	40	0	Americas	medium	0	4	4
False	obj1430	train	0	71	Y. Tanaka	Burning Atlas 2025	Standalone	20.11.2025	MV202502431	2758	21,2	16,517,655	124,804	39,958,760	2,744,841	133,516	1,774,462	3,600,309	11,739,252	4,667,411	266	312,208	70025	247	2,296,956	52	5,811,117	42,676	20,912,439	3,481,290	98	0	Asia-Pacific	medium	3	4	0
False	obj1431	train	0	41	Y. Tanaka	Winter Echo 2025	Universe Zero	27.08.2025	MV202502433	662	44,9	3,730,303	127,015	42,703,470	2,659,423	122,189	993,759	609,088	1,399,885	1,978,430	181	178,765	51890	2	6,573,409	126	5,267,744	52,046	1,578,456	4,912,495	98	0	Asia-Pacific	medium	0	1	1
False	obj1432	train	0	45	I. Hassan	Solar Drift 2025	Open Sky	04.04.2025	MV202502434	2918	78,3	1,918,973	76,442	21,609,881	1,323,021	56,161	1,437,204	469,739	734,502	18,014,580	300	158,504	76603	244	8,182,229	52	1,846,881	63,847	24,042,992	1,252,261	39	0	Americas	large	1	0	2
False	obj1433	train	0	40	S. Patel	Broken Compass 2025 4	Open Sky	09.10.2025	MV202502438	2737	109,7	3,006,840	99,950	14,294,515	1,526,885	72,291	6,369	856,265	2,879,098	14,059,623	452	206,502	15248	161	1,764,417	153	16,433,345	34,565	15,270,330	1,599,089	19	1	Europe	large	0	1	4
False	obj1434	train	0	67	M. Chen	City of Glass 2025 3	Universe Zero	01.06.2025	MV202502439	2194	31,2	3,359,901	171,434	14,997,326	863,859	20,284	1,467,968	453,866	1,351,990	11,703,359	93	96,088	8735	72	6,690,476	122	8,124,838	71,075	3,229,887	2,548,407	51	0	Asia-Pacific	large	2	1	0
False	obj1435	train	0	69	L. Nakamura	City of Glass 2025	Standalone	09.08.2025	MV202502452	25	26,6	11,131,313	22,747	8,224,392	1,634,873	19,699	176,502	1,756,632	6,806,489	10,198,040	464	454,178	68837	87	6,551,579	0	32,129,825	31,331	18,653,867	4,750,078	3	1	Americas	small	3	3	0
False	obj1436	train	0	90	H. Andersson	Desert Oracle 2025	New Dawn	12.11.2025	MV202502454	2325	26,8	505,386	112,882	35,414,281	105,617	3,850	1,837,187	114,568	336,653	7,729,753	375	364,337	63277	24	6,520,067	138	3,970,312	69,424	7,744,520	1,909,807	67	1	Asia-Pacific	large	4	0	0
False	obj1437	train	0	93	R. Silva	Velvet Storm	New Dawn	28.02.2025	MV202502456	1945	35,7	3,274,676	159,927	2,594,702	1,807,914	31,836	900,948	763,252	2,896,848	6,641,605	139	84,490	94548	272	934,104	186	8,666,091	22,378	29,819,553	4,791,559	73	0	Latin America	large	4	1	0
False	obj1438	train	0	72	E. Brooks	Neon Horizon 2025	Final Chapter	17.07.2025	MV202502457	2005	79	6,951,664	75,938	37,372,284	5,213,219	259,794	613,686	1,787,944	6,622,557	7,241,203	442	162,688	95589	182	3,145,204	102	10,380,694	68,470	27,891,722	128,350	22	0	Americas	small	3	2	3
False	obj1439	train	0	36	P. Singh	Echo Chamber 2025	New Dawn	07.05.2025	MV202502467	3052	86,3	2,654,106	106,536	48,576,888	982,225	14,750	1,099,463	541,793	1,232,518	16,507,768	91	283,722	26891	154	8,561,168	79	25,360,022	29,448	12,158,869	3,272,334	53	0	Latin America	small	0	1	3
False	obj1440	train	0	60	L. Nakamura	Crystal Fault 3	Open Sky	02.03.2025	MV202502468	2442	72,9	4,660,815	36,205	10,371,185	3,627,211	111,035	159,266	1,336,579	4,694,330	16,697,060	9	60,157	53156	247	9,596,170	28	38,015,531	89,469	3,353,748	1,395,346	92	0	Americas	small	2	2	2
False	obj1441	train	0	71	D. Rossi	Blue Static	Final Chapter	12.01.2025	MV202502469	4676	103,5	1,472,781	25,085	40,933,464	235,030	4,928	1,856,622	203,861	249,213	19,298,044	70	266,121	12851	50	260,270	121	13,300,307	3,886	15,240,281	4,536,504	12	0	Latin America	medium	3	0	4
False	obj1442	train	0	47	C. Wright	Stone Butterfly	Origin Arc	18.04.2025	MV202502470	1486	46,1	4,435,178	17,089	13,869,771	3,450,417	98,735	165,708	304,655	1,113,626	13,766,757	6	166,238	10104	276	7,732,971	149	23,417,009	91,399	4,549,083	343,950	12	0	Europe	small	1	2	1
False	obj1443	train	0	88	R. Silva	Stone Butterfly	Dark Matter	22.07.2025	MV202502471	462	44,3	17,927,813	94,562	52,756,757	4,287,160	189,701	1,455,483	2,526,301	9,053,275	19,549,133	249	236,218	26584	188	7,984,998	55	33,853,206	88,326	27,379,201	4,261,998	8	0	Latin America	large	4	4	1
False	obj1444	train	0	42	D. Rossi	Lunar Cartography 2025	Final Chapter	16.09.2025	MV202502472	2069	86,3	9,846,959	45,235	63,413,174	1,265,132	63,061	242,343	2,147,542	5,831,953	9,193,155	174	424,987	45457	291	6,648,197	63	9,537,989	10,460	23,943,219	1,469,754	69	1	Latin America	medium	0	3	3
False	obj1445	train	0	86	R. Silva	Ember Valley 2025	Legacy Cycle	22.12.2025	MV202502474	2686	31,4	2,712,900	113,650	44,898,599	1,327,593	44,528	776,087	736,302	2,142,162	15,728,557	499	434,384	59775	148	5,467,821	123	48,142,957	24,473	7,807,300	760,974	51	0	Latin America	large	4	1	0
False	obj1446	train	0	65	N. Fischer	Deep Current	Origin Arc	12.01.2025	MV202502475	4117	79,9	28,732,515	117,086	45,315,127	16,505,239	648,000	108,243	4,364,390	8,289,766	18,593,004	192	461,766	43118	4	8,160,591	111	43,362,593	22,794	8,506,673	3,512,763	38	0	Europe	small	2	4	3
False	obj1447	train	0	79	C. Wright	Infinite Margin 2025	Final Chapter	17.09.2025	MV202502486	3443	76,6	7,042,821	142,005	39,447,020	3,365,645	124,180	665,540	676,522	2,111,074	1,946,076	476	285,539	11782	225	8,737,901	134	41,209,006	43,665	10,818,753	3,466,725	47	1	Europe	small	3	2	2
False	obj1448	train	0	48	O. Dubois	Lunar Cartography 2025	Open Sky	09.06.2025	MV202502487	1570	48,6	818,880	175,080	72,254,740	629,511	8,141	160,595	207,648	321,664	2,417,248	254	71,493	93495	289	1,199,134	29	18,772,235	7,026	3,770,827	4,138,635	77	0	Latin America	large	1	0	1
False	obj1449	train	0	59	K. Olsen	Neon Horizon 2025	Legacy Cycle	31.08.2025	MV202502488	2083	115,8	18,730,378	82,603	2,338,637	4,486,359	127,182	897,693	2,113,622	4,862,476	5,333,551	482	30,088	17515	116	3,483,068	161	8,782,697	479	8,149,476	2,548,749	28	0	Americas	large	2	4	4
False	obj1450	train	0	38	E. Brooks	Stone Butterfly 2025	Prime Story	11.08.2025	MV202502493	1709	81,8	34,315,651	134,913	57,009,127	19,142,563	913,136	1,234,414	1,523,378	5,193,939	3,725,174	365	292,563	74881	233	5,337,445	164	2,053,781	35,242	27,460,294	2,139,562	11	0	Americas	small	0	4	3
False	obj1451	train	0	59	P. Singh	White Noise 2025	Chronicles Saga	15.02.2025	MV202502508	553	62,6	4,452,687	13,935	18,231,039	1,032,198	11,904	80,569	85,761	281,290	11,037,535	293	299,605	11242	256	2,535,981	51	11,015,425	75,653	19,210,269	4,793,701	25	0	Latin America	small	2	2	2
False	obj1452	train	0	39	G. Murphy	Deep Current 2025	Legacy Cycle	12.07.2025	MV202502509	3769	35,3	1,574,144	67,332	25,096,281	311,308	8,329	1,667,554	23,144	83,887	1,446,294	46	86,147	60671	194	7,131,673	0	37,418,271	7,179	14,365,517	4,795,857	30	1	Europe	medium	0	0	0
False	obj1453	train	0	65	A. Volkov	Silent Protocol	Dark Matter	15.01.2025	MV202502521	820	76	14,470,126	35,976	76,647,048	10,465,526	340,448	1,791,971	1,090,357	3,238,373	5,797,543	374	99,609	16968	133	8,303,073	158	17,042,548	57,588	21,066,905	3,973,946	74	1	Americas	large	2	4	2
False	obj1454	train	0	59	O. Dubois	Kinetic Prayer	Standalone	30.09.2025	MV202502522	750	85,8	2,349,279	65,401	16,386,423	577,813	10,848	248,490	50,274	93,624	25,152	304	153,231	56973	220	7,004,130	13	43,340,060	18,823	1,502,459	3,979,772	30	1	Latin America	large	2	1	3
False	obj1455	train	0	90	O. Dubois	Infinite Margin	Final Chapter	06.03.2025	MV202502523	125	73,1	6,643,037	142,037	22,821,293	2,174,509	69,512	818,851	1,742,265	5,344,194	15,883,389	383	377,115	36068	177	7,138,391	42	9,742,820	85,126	8,393,413	1,225,670	63	0	Latin America	large	4	2	2
False	obj1456	train	0	48	H. Andersson	Aurora Debt	Open Sky	11.04.2025	MV202502524	449	59	2,185,474	55,638	19,242,558	362,006	4,493	847,227	391,937	1,342,273	3,073,874	480	227,429	905	228	4,738,237	84	17,500,381	94,631	16,752,474	1,000,913	77	0	Asia-Pacific	large	1	0	1
False	obj1457	train	0	35	Z. Ali	Hyperion Rise 2025 4	Prime Story	21.07.2025	MV202502526	4030	67,8	8,151,840	171,796	36,330,475	5,772,452	250,739	1,765,746	2,016,244	4,581,052	13,278,279	390	306,678	4272	223	8,569,691	123	36,203,471	35,104	10,112,919	1,428,603	24	0	Latin America	small	0	3	2
False	obj1458	train	0	44	R. Silva	Golden Ratio	Standalone	30.07.2025	MV202502527	4561	45,6	6,034,857	188,154	24,538,247	3,929,049	55,135	575,881	1,040,912	2,317,268	5,454,087	427	431,320	80753	145	3,432,587	155	18,397,660	21,663	17,171,147	4,532,807	15	0	Latin America	large	1	2	1
False	obj1459	train	0	37	A. Volkov	Arctic Pulse 2025	Legacy Cycle	01.07.2025	MV202502528	4151	59,2	4,087,110	65,595	22,068,966	3,180,622	154,754	440,664	561,556	1,321,051	15,114,391	482	291,581	47714	295	7,888,374	96	616,013	55,681	26,749,887	3,716,398	93	0	Americas	large	0	1	2
False	obj1460	train	0	52	Y. Tanaka	Silver Transit 2025 2	Open Sky	19.01.2025	MV202502494	4030	49,3	7,867,934	155,168	21,064,454	3,808,790	140,959	1,238,806	2,024,982	7,974,533	7,207,099	442	246,095	12769	122	3,964,225	11	20,786,276	68,490	22,489,705	2,213,291	12	0	Asia-Pacific	medium	1	3	1
False	obj1461	train	0	32	V. Popov	Electric Mirage 2025	Open Sky	13.03.2025	MV202502496	4539	71,9	7,416,618	75,005	46,816,335	4,357,147	148,623	953,291	1,062,017	2,303,921	15,170,478	267	210,478	29727	139	5,462,995	193	16,132,589	36,936	2,745,629	2,670,588	56	0	Latin America	large	0	3	2
False	obj1462	train	0	92	A. Volkov	Nova Protocol 2025	Universe Zero	29.08.2025	MV202502501	1709	42,3	2,890,963	19,362	23,931,564	1,707,636	42,623	617,925	123,454	326,971	14,911,532	12	189,670	99337	282	3,043,766	49	11,942,651	39,477	12,735,018	1,423,202	11	0	Americas	large	4	1	1
False	obj1463	train	0	60	Z. Ali	Echo Chamber 2025	Origin Arc	07.05.2025	MV202502502	3018	52,1	15,651,404	62,873	442,025	12,473,838	294,778	1,174,035	3,461,483	5,874,670	4,031,480	494	368,111	31997	125	7,629,065	24	11,377,204	62,948	27,727,632	2,081,111	97	1	Latin America	small	2	4	1
False	obj1464	train	0	50	R. Silva	Echo Chamber	Chronicles Saga	15.11.2025	MV202502512	1189	35,6	2,145,588	190,487	19,085,269	1,202,841	19,587	676,655	585,852	1,800,560	18,682,719	400	234,646	15239	241	2,847,658	109	49,686,164	26,910	7,732,429	301,247	33	1	Latin America	large	1	0	0
False	obj1465	train	0	69	V. Popov	Jade Frequency 2025	Standalone	24.11.2025	MV202502514	4215	118,3	963,536	8,600	41,709,460	255,311	3,849	177,152	287,470	396,431	13,116,938	387	484,910	48628	252	3,071,201	36	39,939,187	48,808	26,692,892	984,673	68	0	Latin America	large	3	0	4
False	obj1466	train	0	51	S. Patel	Binary Sunset 2025	Legacy Cycle	08.07.2025	MV202502515	2846	32,2	40,956,034	190,611	63,841,013	29,207,202	832,337	1,810,058	3,098,812	7,674,639	866,082	111	357,057	33883	132	6,553,691	83	38,452,524	21,480	24,414,560	4,297,252	2	1	Europe	large	1	4	0
False	obj1467	train	0	59	G. Murphy	Burning Atlas 2025 2	Standalone	21.02.2025	MV202502516	811	97,3	7,987,689	3,378	19,539,733	5,668,042	87,361	207,350	1,859,369	7,402,420	19,036,154	64	288,226	35740	297	1,039,763	21	28,697,543	72,370	9,372,904	1,357,292	8	0	Europe	medium	2	3	3
False	obj1468	train	0	49	S. Patel	Kinetic Prayer 2025	Legacy Cycle	24.11.2025	MV202502519	2840	77,5	15,566,958	177,487	69,703,710	11,270,251	437,688	811,849	3,639,500	9,182,392	12,838,713	168	202,187	33963	265	7,002,569	130	18,267,157	29,521	9,302,393	1,112,246	80	0	Europe	large	1	4	2
False	obj1469	train	0	55	D. Rossi	Crystal Fault 2025	Chronicles Saga	11.08.2025	MV202502530	3743	72,7	4,793,421	34,881	50,339,061	3,114,527	34,097	454,125	579,176	2,083,239	2,238,695	117	22,634	4979	285	7,963,060	172	15,815,220	7,769	22,802,207	677,155	91	0	Latin America	medium	1	2	2
False	obj1470	train	0	32	O. Dubois	Red Meridian 2025	Standalone	30.06.2025	MV202502531	4410	31,9	3,288,621	12,453	11,413,854	1,151,140	20,801	116,952	592,290	1,371,566	11,366,392	86	251,311	39275	173	3,304,950	67	19,128,590	82,563	4,349,380	6,912	85	0	Latin America	large	0	1	0
False	obj1471	train	0	63	P. Singh	Stone Butterfly 2025	Dark Matter	10.09.2025	MV202502535	1862	40,8	31,924,667	65,354	20,034,079	2,061,845	39,452	1,985,995	1,397,898	3,219,636	19,834,222	88	385,742	61631	130	7,690,682	79	37,386,613	75,665	20,289,891	2,724,904	44	0	Latin America	small	2	4	1
False	obj1472	train	0	60	S. Patel	Deep Current	Chronicles Saga	03.06.2025	MV202502537	2536	45,7	4,893,780	74,203	78,112,692	2,231,000	49,950	466,788	1,325,863	2,703,000	19,929,477	421	359,792	32777	176	1,522,396	55	5,140,792	51,701	29,041,175	3,454,798	59	0	Europe	large	2	2	1
False	obj1473	train	0	85	I. Hassan	Neon Horizon 2025	Universe Zero	03.07.2025	MV202502538	1358	45,1	14,270,249	60,326	38,470,277	10,427,405	369,553	1,780,307	709,909	1,134,563	8,245,380	82	326,168	50711	49	5,961,484	66	16,449,006	9,636	22,840,815	3,536,494	83	0	Americas	large	4	4	1
False	obj1474	train	0	83	V. Popov	Lunar Cartography	Final Chapter	19.07.2025	MV202502549	409	110,9	2,029,094	81,613	66,929,334	467,742	17,695	1,288,090	448,537	782,785	3,616,932	401	432,157	55632	155	9,446,634	83	18,950,276	51,832	9,680,308	3,710,619	7	0	Latin America	large	4	0	4
False	obj1475	train	0	85	M. Chen	Last Signal 2025	Open Sky	16.04.2025	MV202502550	3546	89,9	13,493,897	180,841	27,796,775	6,686,103	206,057	283,054	886,469	2,457,285	17,168,585	2	288,277	26952	66	9,124,745	16	20,840,789	58,285	9,525,609	3,243,865	42	0	Asia-Pacific	large	4	4	3
False	obj1476	train	0	73	Y. Tanaka	Aurora Debt	Open Sky	19.10.2025	MV202502551	1037	86,9	53,962,639	12,696	67,356,892	4,406,499	79,557	1,255,011	9,132,898	25,140,505	3,488,713	229	364,114	42964	290	6,560,778	76	20,668,763	63,636	12,084,334	1,915,044	77	1	Asia-Pacific	medium	3	4	3
False	obj1477	train	0	54	O. Dubois	Ghost Frequency 2025	Final Chapter	04.01.2025	MV202502552	3121	118	60,821,975	90,040	8,951,028	44,094,429	1,177,608	288,759	5,952,920	17,216,427	18,324,928	418	443,798	50332	240	7,719,038	177	15,216,677	95,580	2,161,545	4,964,512	35	0	Latin America	large	1	4	4
False	obj1478	train	0	84	J. Martinez	Arctic Pulse 2025	New Dawn	10.01.2025	MV202502553	2250	45,5	41,505,870	121,032	59,044,964	12,861,923	616,819	676,623	4,684,834	8,449,049	10,377,629	251	70,683	26938	212	7,386,507	165	2,954,353	59,888	1,964,099	1,589,478	72	1	Europe	large	4	4	1
False	obj1479	train	0	32	D. Rossi	Ghost Frequency	Dark Matter	03.01.2025	MV202502554	2360	87,7	900,083	169,862	63,497,938	363,098	6,357	1,585,555	239,787	862,725	140,238	27	334,335	46487	86	6,294,975	9	36,760,773	37,255	14,788,807	3,477,983	37	0	Latin America	medium	0	0	3
False	obj1480	train	0	44	Y. Tanaka	Echo Chamber 2025	Open Sky	02.07.2025	MV202502555	4189	58,7	2,909,686	96,703	14,724,737	383,051	13,771	56,001	291,545	410,221	10,244,977	232	78,422	22379	182	9,533,106	184	34,224,079	51,714	16,887,907	2,577,973	99	0	Asia-Pacific	medium	1	1	1
False	obj1481	train	0	51	K. Olsen	Paper Kingdom	New Dawn	10.10.2025	MV202502556	202	119,2	3,929,443	50,718	71,158,654	2,709,129	126,690	15,273	971,000	2,862,127	4,226,831	173	323,125	46998	149	6,041,943	36	25,225,143	84,856	11,555,742	4,996,149	95	0	Americas	large	1	1	4
False	obj1482	train	0	94	Y. Tanaka	Neon Horizon 2025	New Dawn	03.11.2025	MV202502566	826	35,3	2,865,606	157,013	67,979,477	1,253,829	47,745	1,214,452	97,492	256,405	2,867,256	131	263,684	21063	70	9,479,280	168	31,445,036	47,028	8,902,344	1,975,933	48	1	Asia-Pacific	medium	4	1	0
False	obj1483	train	0	55	I. Hassan	Velvet Storm	Standalone	02.08.2025	MV202502568	2736	113	11,119,742	28,232	39,805,069	8,477,373	280,059	1,685,312	2,632,043	5,741,427	4,200,279	487	481,996	76802	134	1,298,844	171	25,688,030	10,621	19,881,649	1,460,446	86	0	Americas	large	1	3	4
False	obj1484	train	0	79	Q. Jensen	Crystal Fault 2025	Origin Arc	31.12.2025	MV202502574	4078	37,2	4,698,046	42,539	67,396,544	2,798,425	57,840	502,315	403,823	641,505	8,069,640	330	57,857	88950	24	810,779	33	1,364,578	4,823	21,841,870	3,719,185	8	0	Americas	medium	3	2	0
False	obj1485	train	0	45	M. Chen	Red Meridian 2025	Open Sky	25.07.2025	MV202502585	2051	20,7	9,399,788	36,834	20,896,107	6,654,246	239,157	810,126	2,608,204	8,533,887	15,165,914	373	45,168	87174	195	2,719,496	92	26,517,458	60,528	10,724,755	3,922,470	23	0	Asia-Pacific	large	1	3	0
False	obj1486	train	0	46	C. Wright	Last Signal 2025	New Dawn	01.11.2025	MV202502588	3343	110,4	12,864,669	136,384	56,602,392	4,328,838	44,636	1,740,707	1,276,670	4,575,039	5,350,205	297	240,349	93113	75	3,272,768	10	31,555,672	35,664	16,742,028	1,699,523	34	0	Europe	small	1	3	4
False	obj1487	train	0	35	L. Nakamura	Arctic Pulse 2025	Dark Matter	12.04.2025	MV202502591	4321	41,5	7,396,890	94,529	71,468,883	3,043,962	147,305	306,811	947,278	3,712,179	18,277,333	139	240,015	24550	110	6,370,775	190	26,603,866	34,982	29,199,047	4,987,749	87	0	Americas	small	0	3	1
False	obj1488	train	0	61	T. Kim	Lunar Cartography 2025	Universe Zero	24.03.2025	MV202502592	4512	106,8	9,061,201	108,521	15,254,374	3,737,725	137,155	1,178,016	1,519,058	2,594,928	16,723,276	204	449,323	98754	68	4,934,153	132	31,929,634	85,522	12,185,965	411,303	20	0	Americas	small	2	3	4
False	obj1489	train	0	77	E. Brooks	Final Orbit	Dark Matter	18.03.2025	MV202502603	2363	89,8	10,458,166	160,741	59,980,789	3,948,566	161,815	1,912,596	1,643,195	3,451,667	15,489,006	441	325,175	42908	290	9,799,361	168	15,841,139	4,654	24,139,589	2,942,600	24	0	Americas	small	3	3	3
False	obj1490	train	0	35	J. Martinez	Ocean of Stars 2025	Universe Zero	26.03.2025	MV202502604	2611	80,9	1,734,736	182,621	73,594,204	1,209,415	20,036	651,998	344,853	952,981	3,708,997	33	472,627	37960	86	3,488,898	195	16,292,460	15,583	23,164,048	976,699	17	0	Europe	large	0	0	3
False	obj1491	train	0	75	B. Carter	Iron Garden 2025	Legacy Cycle	02.04.2025	MV202502606	328	103,4	9,448,638	32,861	14,068,279	3,939,933	69,306	733	1,448,421	2,912,369	10,816,283	169	45,013	97450	24	289,993	103	25,951,276	64,582	3,869,539	4,308,722	43	0	Asia-Pacific	large	3	3	4
False	obj1492	train	0	52	K. Olsen	Paper Kingdom	Origin Arc	05.06.2025	MV202502607	839	68,6	19,008,993	99,952	14,381,194	8,595,150	276,059	1,908,844	5,041,029	17,141,263	7,007,731	345	431,755	33266	146	6,549,641	115	6,659,664	1,052	5,448,609	2,501,467	30	0	Americas	large	1	4	2
False	obj1493	train	0	36	Q. Jensen	Jade Frequency 2025	New Dawn	13.07.2025	MV202502608	4468	46,7	1,268,577	38,151	25,097,763	126,221	2,465	1,128,413	230,540	812,536	15,867,338	342	324,824	86503	215	4,122,267	120	4,941,796	84,577	19,704,160	4,734,488	88	1	Americas	medium	0	0	1
False	obj1494	train	0	34	R. Silva	Lunar Cartography	Dark Matter	29.09.2025	MV202502609	3780	95,1	18,615,938	79,485	22,946,682	6,012,605	286,351	1,312,826	453,632	1,062,321	4,107,197	1	300,484	29896	139	240,984	111	2,151,996	7,858	10,939,130	1,139,426	63	1	Latin America	large	0	4	3
False	obj1495	train	0	62	Y. Tanaka	Red Meridian	Dark Matter	13.09.2025	MV202502620	747	66,4	2,479,143	110,077	71,573,672	1,056,613	24,223	1,900,500	696,900	1,543,500	14,297,928	431	221,980	28103	46	9,448,788	121	47,907,774	71,256	17,971,382	2,066,870	64	0	Asia-Pacific	medium	2	1	2
False	obj1496	train	0	64	L. Nakamura	Silver Transit 2025	Universe Zero	11.06.2025	MV202502621	3768	63,1	27,896,686	117,550	16,488,730	12,762,442	330,904	1,934,686	5,849,107	12,882,060	1,866,940	165	154,734	26234	219	4,066,432	186	30,635,941	66,154	6,876,632	3,037,308	63	1	Americas	small	2	4	2
False	obj1497	train	0	56	Q. Jensen	Iron Garden	Dark Matter	17.08.2025	MV202502623	1104	26,7	4,568,486	165,418	63,966,634	1,345,791	61,851	1,312,298	812,786	2,429,848	15,236,613	3	444,444	52867	179	6,072,804	105	24,900,556	99,744	4,534,862	4,706,670	79	1	Americas	medium	2	2	0
False	obj1498	train	0	57	W. Stone	Last Signal 2025	Prime Story	17.08.2025	MV202502624	971	65,8	17,257,462	17,241	23,565,766	9,958,535	414,811	792,767	4,561,239	13,040,934	13,118,219	286	125,935	44801	183	4,062,426	23	39,966,894	77,149	3,724	3,499,374	43	0	Americas	small	2	4	2
False	obj1499	train	0	73	N. Fischer	City of Glass	Standalone	19.11.2025	MV202502625	2938	77	16,232,935	29,699	72,636,078	10,271,645	344,727	401,990	2,457,789	7,508,341	14,560,885	156	472,103	48427	122	4,901,900	75	15,944,163	80,747	4,375,618	4,433,421	53	0	Europe	small	3	4	2
False	obj1500	train	0	78	S. Patel	Lunar Cartography	Universe Zero	02.02.2025	MV202502626	214	61,1	12,951,503	31,871	43,119	3,625,986	142,790	1,946,034	2,837,453	8,414,692	7,925,689	143	430,014	20968	209	6,182,936	65	26,119,335	51,260	3,819,774	64,505	52	0	Europe	large	3	3	2
False	obj1501	train	0	67	Q. Jensen	Hollow Crown	Universe Zero	13.03.2025	MV202502627	2232	116,7	7,526,030	87,950	71,934,111	4,944,741	86,148	1,352,341	628,556	2,196,731	8,972,164	64	444,973	20231	299	7,000,229	135	41,076,847	72,415	29,201,303	2,488,750	45	1	Americas	medium	2	3	4
False	obj1502	train	0	76	V. Popov	Aurora Debt 2025	Origin Arc	25.05.2025	MV202502628	1388	32	3,939,371	71,485	58,999,196	2,033,498	54,227	667,216	343,111	1,108,367	18,161,938	49	440,059	31427	66	4,120,143	47	37,753,924	31,622	8,945,694	1,287,136	83	0	Latin America	large	3	1	0
False	obj1503	train	0	63	N. Fischer	Electric Mirage 2025	Standalone	11.11.2025	MV202502540	1157	114,5	15,708,077	34,803	1,163,005	6,422,969	288,109	1,572,600	4,015,288	9,458,694	13,125,327	50	335,432	56293	144	3,487,984	33	43,379,828	48,440	1,830,515	2,669,301	21	0	Europe	small	2	4	4
False	obj1504	train	0	64	Q. Jensen	Broken Compass 2025 2	Origin Arc	11.01.2025	MV202502541	2626	25,3	2,603,484	1,185	45,552,476	1,204,698	35,112	208,651	333,107	681,633	75,874	314	271,310	44516	120	8,851,710	51	15,923,991	84,479	28,535,279	4,001,128	80	1	Americas	medium	2	1	0
False	obj1505	train	0	48	Y. Tanaka	Crimson Archive 2025	Open Sky	25.05.2025	MV202502544	4772	38,7	4,152,771	98,484	41,402,746	1,556,466	42,142	1,574,423	1,223,659	1,918,384	1,182,120	419	167,045	37833	42	1,313,897	77	26,127,108	99,662	28,677,301	950,861	21	1	Asia-Pacific	medium	1	2	1
False	obj1506	train	0	63	V. Popov	Glass Reactor 2025	Dark Matter	16.01.2025	MV202502545	1424	114	928,345	107,832	14,913,851	142,418	5,809	1,578,221	142,586	202,737	13,500,683	292	229,399	56736	209	948,322	48	21,739,281	35,019	10,428,203	962,176	35	0	Latin America	large	2	0	4
False	obj1507	train	0	90	Y. Tanaka	Feral Harmony	Final Chapter	31.01.2025	MV202502560	3599	20	15,229,584	91,629	46,245,335	5,335,079	108,179	910,103	1,081,591	4,315,897	5,733,696	296	333,173	92472	267	8,721,467	7	5,137,649	75,909	14,476,259	1,179,963	57	0	Asia-Pacific	medium	4	4	0
False	obj1508	train	0	43	T. Kim	Glass Reactor 2025	Open Sky	16.01.2025	MV202502561	3671	94,6	6,758,362	120,374	73,627,050	2,995,700	115,042	110,271	840,782	2,319,177	11,789,027	447	480,357	54357	213	5,243,093	159	33,611,372	47,200	15,423,544	4,495,254	57	0	Americas	small	1	2	3
False	obj1509	train	0	81	S. Patel	Binary Sunset 2025 4	Final Chapter	01.08.2025	MV202502562	2019	61,4	3,786,930	96,225	77,351,161	2,286,569	32,231	1,357,056	541,516	1,948,753	2,432,552	11	222,082	84681	104	1,697,907	98	12,817,858	71,004	4,300,373	3,658,609	6	0	Europe	large	3	1	2
False	obj1510	train	0	50	W. Stone	Final Orbit 2025	Open Sky	17.08.2025	MV202502563	2225	71,2	7,910,696	21,944	79,764,577	6,124,354	155,998	1,185,561	1,144,430	3,558,400	13,691,522	10	217,041	29739	122	3,397,921	146	28,705,951	45,004	22,545,386	1,242,889	30	0	Americas	small	1	3	2
False	obj1511	train	0	51	C. Wright	Lunar Cartography 2025 4	Dark Matter	27.11.2025	MV202502564	2117	25,2	13,570,606	22,002	9,946,838	2,276,493	78,802	590,385	946,821	1,852,336	1,558,775	281	99,826	53032	154	5,343,315	192	20,643,139	24,772	4,835,640	1,951,629	54	1	Europe	small	1	4	0
False	obj1512	train	0	36	I. Hassan	Paper Kingdom	Universe Zero	15.12.2025	MV202502565	707	106,2	4,160,847	71,694	73,971,469	1,671,717	35,353	383,134	137,532	321,430	1,888,893	469	296,810	97199	213	6,949,795	135	10,590,598	98,444	21,051,846	1,701,814	67	0	Americas	large	0	2	4
False	obj1513	train	0	88	R. Silva	Neon Horizon 2025 2	Legacy Cycle	07.01.2025	MV202502575	4330	56,2	858,018	159,931	8,332,732	664,675	25,415	267,049	158,227	344,002	3,616,933	442	458,646	12961	176	5,000,885	156	16,762,993	13,286	19,535,807	1,229,778	53	0	Latin America	large	4	0	1
False	obj1514	train	0	75	R. Silva	Lunar Cartography 2025	Standalone	12.11.2025	MV202502576	1888	83,2	2,092,335	166,925	28,332,788	712,474	21,927	1,046,153	142,648	550,747	31,392	27	9,629	66465	280	2,024,293	193	35,515,969	86,753	2,843,746	1,696,674	45	0	Latin America	large	3	0	3
False	obj1515	train	0	70	L. Nakamura	Velvet Storm 2025 2	Open Sky	24.10.2025	MV202502577	4906	37,3	22,545,933	104,161	54,891,678	2,853,414	74,629	1,390,852	2,317,003	8,840,245	1,964,342	66	497,896	3230	196	6,964,841	55	36,391,678	14,488	17,841,443	3,852,247	64	0	Americas	small	3	4	0
False	obj1516	train	0	79	F. Nguyen	Shadow Circuit 2025	Universe Zero	09.02.2025	MV202502580	72	39,6	6,585,027	31,474	50,378,761	729,434	27,804	1,858,878	1,102,101	1,832,626	7,376,779	413	109,932	28310	240	7,079,132	42	4,551,884	7,491	22,836,442	2,406,799	6	0	Asia-Pacific	large	3	2	1
False	obj1517	train	0	86	Z. Ali	Arctic Pulse	Standalone	13.02.2025	MV202502581	865	109,1	5,328,838	138,898	55,551,548	3,117,411	36,429	1,265,521	966,467	1,573,061	9,835,302	252	172,861	46131	51	6,517,223	126	3,798,267	49,782	9,202,945	3,956,074	22	1	Latin America	small	4	2	4
False	obj1518	train	0	44	G. Murphy	Thunder Archive 2025	Universe Zero	24.09.2025	MV202502582	3077	110,1	4,330,563	59,504	77,345,100	2,239,083	46,635	250,620	688,036	1,637,611	558,142	295	252,907	21975	250	1,648,442	30	11,002,627	48,007	14,872,935	1,155,270	74	0	Europe	medium	1	2	4
False	obj1519	train	0	42	B. Carter	Electric Mirage 4	Prime Story	17.12.2025	MV202502593	958	71,7	3,406,051	197,484	68,780,364	397,094	13,218	1,484,641	863,633	3,407,665	410,445	128	275,456	82193	182	1,921,449	157	4,371,672	80,109	12,004,989	1,543,219	83	0	Asia-Pacific	large	0	1	2
False	obj1520	train	0	78	H. Andersson	Ghost Frequency 2025	Dark Matter	27.05.2025	MV202502594	3956	118,9	408,552	43,208	45,826,511	210,174	8,323	214,381	46,507	70,089	7,825,047	260	93,671	87544	248	597,565	2	29,965,966	46,703	16,150,292	666,462	68	0	Asia-Pacific	large	3	0	4
False	obj1521	train	0	39	Z. Ali	Silent Protocol 2025	Universe Zero	18.05.2025	MV202502595	1028	66,6	6,700,355	50,555	8,705,623	2,363,113	31,293	800,842	205,965	365,268	17,754,610	315	344,912	71334	102	3,956,901	167	4,017,801	30,715	12,162,908	3,467,932	98	0	Latin America	small	0	2	2
False	obj1522	train	0	56	K. Olsen	Binary Sunset 4	Dark Matter	23.11.2025	MV202502596	4988	76,3	2,237,247	171,048	69,590,469	1,290,453	22,783	674,409	471,161	1,169,319	14,813,498	240	47,936	4573	81	3,580,217	196	22,749,604	74,117	4,113,871	4,359,274	26	0	Americas	large	2	1	2
False	obj1523	train	0	92	G. Murphy	Thunder Archive	Dark Matter	10.12.2025	MV202502599	2624	48	6,361,736	112,075	71,017,758	2,455,475	92,738	274,812	1,758,112	2,694,446	11,129,389	196	227,104	79019	265	1,121,584	188	16,300,645	2,478	27,245,116	2,516,337	8	0	Europe	medium	4	2	1
False	obj1524	train	0	48	Z. Ali	Desert Oracle 2025	Open Sky	17.10.2025	MV202502611	4581	22,1	1,603,216	7,695	78,835,359	155,092	5,660	1,038,603	226,641	503,276	9,166,268	274	181,903	43027	222	9,782,638	192	27,353,065	72,754	29,719,610	3,336,507	32	1	Latin America	small	1	0	0
False	obj1525	train	0	84	A. Volkov	Shadow Circuit 2025	Prime Story	16.07.2025	MV202502612	1062	112,7	13,401,791	191,631	76,152,836	2,634,944	101,243	170,322	1,750,338	6,216,139	18,043,900	296	148,632	27488	243	1,313,720	176	37,426,903	7,797	6,865,433	1,200,599	59	1	Americas	large	4	4	4
False	obj1526	train	0	44	C. Wright	Blue Static 2025	Origin Arc	16.06.2025	MV202502613	3820	48,9	2,666,153	173,424	57,199,835	1,780,911	78,869	617,021	544,068	983,807	19,269,511	78	479,429	80626	211	2,244,916	138	14,462,901	39,648	14,331,355	4,536,646	12	0	Europe	small	1	1	1
False	obj1527	train	0	69	W. Stone	Burning Atlas	Legacy Cycle	14.07.2025	MV202502615	2484	96,4	6,928,893	79,987	15,729,807	659,782	27,218	1,732,947	1,386,946	2,145,445	10,298,882	1	123,899	84244	72	5,917,100	183	40,096,208	43,552	17,384,306	3,040,272	72	0	Americas	small	3	2	3
False	obj1528	train	0	52	S. Patel	Parallel Lines 2025	Legacy Cycle	01.01.2025	MV202502616	3302	28,8	2,723,595	188,361	19,850,078	450,765	8,486	1,901,538	807,859	2,265,070	1,559,017	35	36,723	1573	283	6,298,902	69	49,770,136	32,040	7,441,655	351,555	68	1	Europe	large	1	1	0
False	obj1529	train	0	56	O. Dubois	Violet Engine 2025	Final Chapter	18.06.2025	MV202502617	2131	100,1	2,883,614	177,150	25,831,334	1,480,084	60,954	1,556,366	607,992	2,155,175	13,674,047	408	273,446	88363	266	3,393,029	164	26,095,976	23,598	16,265,713	315,229	22	0	Latin America	large	2	1	4
False	obj1530	train	0	87	A. Volkov	Feral Harmony 2025 4	Dark Matter	27.12.2025	MV202502618	1423	49,2	6,791,374	52,577	65,370,421	4,886,440	227,983	533,479	1,461,899	2,876,383	14,822,553	429	63,136	26777	279	7,214,905	158	25,598,368	87,982	23,427,898	4,065,681	77	0	Americas	large	4	2	1
False	obj1531	train	0	40	J. Martinez	Parallel Lines 2025	New Dawn	24.05.2025	MV202502619	3991	68,5	2,661,130	26,332	62,403,882	1,365,238	38,185	393,153	212,257	514,696	11,018,087	181	357,112	6811	176	406,327	11	11,723,786	30,655	21,337,988	2,740,766	84	0	Europe	large	0	1	2
False	obj1532	train	0	88	K. Olsen	Nova Protocol 2025	Legacy Cycle	05.08.2025	MV202502629	938	89,9	1,920,343	23,879	65,203,279	1,082,504	45,099	1,208,266	469,707	850,722	13,877,640	352	29,071	97146	259	4,781,254	105	9,845,802	36,425	19,683,687	29,975	24	1	Americas	large	4	0	3
False	obj1533	train	0	32	C. Wright	Crimson Archive 2025	Dark Matter	13.10.2025	MV202502630	506	24,6	885,579	146,976	25,967,876	170,048	4,245	284,357	198,849	303,866	1,384,506	494	135,955	48656	121	2,496,409	183	1,579,392	57,187	410,121	2,736,418	92	0	Europe	small	0	0	0
False	obj1534	train	0	71	W. Stone	Velvet Storm	Final Chapter	05.07.2025	MV202502631	3133	104,4	1,648,886	158,120	74,532,360	765,250	12,228	569,024	130,329	297,234	15,294,530	104	258,941	23149	85	4,342,517	84	5,378,506	28,663	18,700,088	1,805,649	52	0	Americas	small	3	0	4
False	obj1535	train	0	92	F. Nguyen	Aurora Debt 2025	Prime Story	29.04.2025	MV202502632	3072	77,4	4,618,843	76,177	44,143,041	536,605	5,811	1,235,008	268,659	834,183	7,918,537	90	61,427	91256	21	5,390,026	21	2,723,082	90,270	9,432,876	2,466,714	53	0	Asia-Pacific	large	4	2	2
False	obj1536	train	0	74	K. Olsen	Neon Horizon 2025	Universe Zero	07.01.2025	MV202502633	4488	40	3,616,259	156,293	73,423,563	1,351,744	42,114	509,546	794,259	2,280,937	15,477,965	188	39,963	56774	73	3,974,582	195	27,322,314	79,517	15,621,753	4,116,336	95	0	Americas	large	3	1	1
False	obj1537	train	0	89	Q. Jensen	Obsidian Heart 2025	New Dawn	24.03.2025	MV202502635	711	65,8	1,012,986	61,568	69,761,228	541,548	20,361	1,253,147	244,954	336,180	3,842,485	46	255,519	76746	240	6,867,645	149	6,108,123	92,812	22,003,082	4,263,370	99	1	Americas	medium	4	0	2
False	obj1538	train	0	90	H. Andersson	White Noise	Chronicles Saga	16.06.2025	MV202502647	1513	76,8	482,201	64,943	78,882,083	120,933	2,948	1,106,618	96,867	329,953	10,234,610	463	493,474	49545	209	4,007,799	97	45,423,640	14,924	16,420,653	4,856,387	45	1	Asia-Pacific	large	4	0	2
False	obj1539	train	0	55	C. Wright	Binary Sunset 2025	Open Sky	15.06.2025	MV202502648	1585	39,7	3,797,436	17,176	3,304,486	1,618,757	64,785	1,145,590	95,606	308,401	8,083,646	98	38,680	40493	239	3,467,361	44	22,630,544	79,919	9,521,915	456,639	89	0	Europe	small	1	1	1
False	obj1540	train	0	66	Y. Tanaka	Ocean of Stars 2025	Dark Matter	04.12.2025	MV202502649	1284	35,9	7,782,306	47,796	42,627,857	2,009,582	32,315	1,998,822	354,730	884,198	6,970,324	498	350,290	31873	101	6,328,744	195	43,442,859	28,405	22,869,919	4,904,749	61	0	Asia-Pacific	medium	2	3	0
False	obj1541	train	0	90	B. Carter	Violet Engine 2025 2	Chronicles Saga	23.04.2025	MV202502650	845	58	706,350	193,851	57,976,291	312,028	11,799	468,609	118,235	243,247	12,478,736	390	72,714	49030	202	1,442,798	135	49,379,051	787	4,740,676	84,315	83	0	Asia-Pacific	large	4	0	1
False	obj1542	train	0	73	R. Silva	Kinetic Prayer 2025	Open Sky	13.06.2025	MV202502654	2608	116,8	4,244,343	53,394	46,097,469	3,001,683	118,644	138,756	479,342	1,916,279	5,939,963	469	375,720	24053	144	5,532,159	106	46,690,860	80,573	12,575,844	32,196	5	0	Latin America	large	3	2	4
False	obj1543	train	0	79	B. Carter	Hyperion Rise 2025	New Dawn	02.11.2025	MV202502655	916	114,8	22,318,097	191,770	7,185,591	17,168,309	593,617	312,172	5,909,084	23,110,362	6,901,816	463	76,059	80204	155	472,055	154	32,971,038	40,257	11,611,475	115,678	75	1	Asia-Pacific	large	3	4	4
False	obj1544	train	0	46	O. Dubois	Crystal Fault 2025	Prime Story	04.03.2025	MV202502665	254	21,3	1,160,034	19,610	66,053,784	286,548	10,435	1,368,808	53,422	166,892	6,661,692	178	306,323	24771	258	3,715,559	180	34,683,062	59,571	13,310,217	4,079,622	40	0	Latin America	large	1	0	0
False	obj1545	train	0	83	S. Patel	Final Orbit 2025	Universe Zero	10.11.2025	MV202502666	178	72,4	23,240,321	102,913	67,485,641	9,217,595	382,360	1,468,819	5,889,832	21,776,423	11,064,162	384	496,915	96312	93	9,683,655	8	36,212,683	84,020	29,379,761	4,072,330	86	0	Europe	large	4	4	2
False	obj1546	train	0	68	C. Wright	Hollow Crown 2025	Dark Matter	07.01.2025	MV202502667	3890	83,7	430,689	45,403	41,742,316	112,380	4,471	1,255,144	59,873	101,271	3,581,682	308	89,975	8644	106	2,413,027	56	2,060,306	46,282	18,193,145	3,377,479	10	0	Europe	small	2	0	3
False	obj1547	train	0	33	E. Brooks	Jade Frequency 2025	Dark Matter	24.09.2025	MV202502668	3267	92,9	4,700,505	54,134	38,408,843	2,314,227	97,016	403,665	512,467	1,471,377	12,743,834	391	157,163	45051	62	5,595,650	70	43,673,649	69,714	4,168,909	719,960	46	0	Americas	small	0	2	3
False	obj1548	train	0	30	P. Singh	Burning Atlas	Chronicles Saga	23.11.2025	MV202502669	3716	54,9	95,871	152,211	51,385,071	36,511	625	1,351,069	13,685	16,502	90,957	405	398,065	57096	166	817,883	35	29,864,351	18,963	5,068,858	2,110,188	81	0	Latin America	small	0	0	1
False	obj1549	train	0	75	L. Nakamura	Obsidian Heart 2025	Universe Zero	25.09.2025	MV202502670	549	103,9	8,862,371	28,231	50,694,710	6,588,737	135,748	511,788	126,817	298,609	15,995,479	391	155,696	73492	231	6,580,126	76	32,790,936	26,778	17,054,247	2,530,690	75	1	Americas	small	3	3	4
False	obj1550	train	0	57	T. Kim	Echo Chamber 2025	New Dawn	08.03.2025	MV202502671	1728	27,3	3,134,171	148,047	38,729,330	500,007	23,356	1,183,542	494,760	728,373	18,014,495	379	220,078	81252	71	3,907,175	182	9,708,548	51,722	3,812,520	2,175,087	72	0	Americas	small	2	1	0
False	obj1551	train	0	79	Z. Ali	Blue Static	Dark Matter	10.07.2025	MV202502672	3516	111,5	8,745,850	110,654	966,632	3,097,290	84,999	16,518	1,291,618	2,927,966	2,495,067	342	164,969	18578	180	1,473,568	44	27,933,203	73,142	7,391,916	740,254	85	0	Latin America	small	3	3	4
False	obj1552	train	0	82	I. Hassan	Thunder Archive 4	Prime Story	05.06.2025	MV202502673	3059	73,1	1,927,640	23,616	55,112,400	1,121,899	28,165	1,639,378	136,470	374,414	2,059,776	424	83,393	6429	85	3,611,786	38	33,623,594	58,345	739,399	763,385	21	1	Americas	large	4	0	2
False	obj1553	train	0	84	J. Martinez	Ember Valley 2025 2	Chronicles Saga	24.02.2025	MV202502641	1664	48,3	9,144,302	53,860	3,262,384	464,520	14,041	528,866	426,295	725,556	13,462,753	473	123,710	92361	94	1,875,912	186	25,650,074	32,035	20,434,805	4,774,859	66	0	Europe	large	4	3	1
False	obj1554	train	0	45	R. Silva	Thunder Archive 2025	Prime Story	01.05.2025	MV202502642	4679	87,8	27,051,365	193,704	53,009,161	11,936,301	243,929	311,206	3,700,944	6,046,333	6,216,251	432	360,731	97318	62	9,977,552	190	37,191,079	69,618	29,519,617	4,267,550	46	1	Latin America	large	1	4	3
False	obj1555	train	0	34	F. Nguyen	White Noise 2	Final Chapter	08.08.2025	MV202502644	3486	87,9	2,034,985	176,250	54,458,820	857,670	28,195	1,039,953	348,328	1,372,728	14,925,707	287	360,016	79463	234	3,819,296	142	26,713,563	32,189	24,874,947	4,786,455	64	0	Asia-Pacific	large	0	0	3
False	obj1556	train	0	81	Z. Ali	Deep Current 2025	New Dawn	25.01.2025	MV202502646	2884	94,6	2,889,982	108,023	78,151,009	1,143,969	20,805	1,365,931	353,509	515,698	11,766,869	255	476,616	15234	128	2,646,299	133	32,457,585	58,898	15,151,496	3,437,702	62	0	Latin America	small	3	1	3
False	obj1557	train	0	48	Y. Tanaka	Hollow Crown	Legacy Cycle	25.09.2025	MV202502656	4368	58,1	1,642,903	183,790	54,410,519	92,051	1,227	1,956,440	132,814	319,347	11,568,557	234	410,074	29791	126	2,698,479	137	35,467,069	49,367	5,460,992	234,474	46	0	Asia-Pacific	medium	1	0	1
False	obj1558	train	0	90	W. Stone	Infinite Margin	Dark Matter	24.10.2025	MV202502657	4188	88,1	14,138,516	153,063	75,396,695	8,958,667	208,743	958,876	3,846,204	7,946,503	14,254,119	195	103,582	28834	298	7,079,231	163	1,841,110	36,246	26,469,663	1,084,376	55	0	Americas	small	4	4	3
False	obj1559	train	0	74	Y. Tanaka	Shadow Circuit	Origin Arc	03.09.2025	MV202502659	3674	59,6	3,849,040	44,493	59,456,523	1,844,409	85,889	895,337	1,140,025	2,778,697	19,298,269	54	266,052	55039	73	3,714,418	68	43,770,516	10,053	279,152	489,572	93	0	Asia-Pacific	medium	3	1	2
False	obj1560	train	0	59	L. Nakamura	Burning Atlas	Legacy Cycle	03.04.2025	MV202502661	1656	36,2	7,708,081	153,129	72,000,553	5,643,921	79,578	1,220,401	906,211	1,399,185	1,966,792	347	134,762	80565	286	5,311,028	88	32,841,034	48,625	15,735,685	1,557,467	83	0	Americas	small	2	3	0
False	obj1561	train	0	65	J. Martinez	White Noise 2025	Dark Matter	09.12.2025	MV202502674	2394	51,2	386,257	12,401	23,017,602	232,419	8,825	1,891,977	54,085	118,162	5,726,800	217	473,310	73756	282	5,141,135	140	8,888,886	16,855	12,473,466	193,953	37	1	Europe	large	2	0	1
False	obj1562	train	0	44	O. Dubois	Digital Saints 2025	Legacy Cycle	21.12.2025	MV202502675	3363	62,7	4,648,799	138,002	4,942,547	2,865,643	58,912	1,757,454	98,307	286,485	10,875,263	184	173,959	5001	280	9,865,551	124	43,346,718	40,872	10,954,959	2,640,502	94	0	Latin America	large	1	2	2
False	obj1563	train	0	64	G. Murphy	Parallel Lines 2025	Chronicles Saga	03.04.2025	MV202502677	1887	56,5	15,774,570	71,972	38,077,022	11,534,826	488,489	551,832	1,931,173	2,989,223	17,084,007	8	436,622	48150	20	3,655,595	172	43,388,905	35,951	27,429,783	1,420,448	82	0	Europe	medium	2	4	1
False	obj1564	train	0	65	F. Nguyen	Crystal Fault	Chronicles Saga	19.06.2025	MV202502679	4287	105,3	1,250,472	51,808	7,131,062	270,487	3,636	1,880,561	249,266	586,358	16,900,593	377	244,162	98631	170	9,051,232	189	4,252,214	20,578	22,124,622	1,003,814	65	0	Asia-Pacific	large	2	0	4
False	obj1565	train	0	59	N. Fischer	Paper Kingdom	Chronicles Saga	14.08.2025	MV202502680	1202	113,2	4,240,112	19,109	20,361,337	2,426,666	52,108	1,042,701	502,481	1,202,008	10,565,024	367	340,895	34970	11	3,938,554	7	19,013,323	57,488	8,081,895	4,670,852	44	1	Europe	small	2	2	4
False	obj1566	train	0	74	J. Martinez	Ember Valley 2025 4	Final Chapter	13.01.2025	MV202502681	3219	51,3	22,565,716	7,586	546,215	10,084,334	390,995	250,451	5,628,011	15,404,013	11,076,922	353	25,016	25646	82	7,214,521	171	30,096,917	59,965	17,622,748	4,549,836	49	0	Europe	large	3	4	1
False	obj1567	train	0	44	N. Fischer	Ember Valley 2025	Standalone	14.09.2025	MV202502682	1741	118,8	3,148,109	197,174	36,186,613	1,637,083	50,132	180,326	413,260	1,259,437	6,331,819	47	32,424	1917	208	1,865,111	77	16,054,022	73,527	10,859,276	1,792,269	90	0	Europe	small	1	1	4
False	obj1568	train	0	77	V. Popov	Arctic Pulse 2025	Legacy Cycle	27.05.2025	MV202502692	1398	74,5	4,880,132	61,947	59,908,825	760,132	36,249	1,275,604	1,024,982	3,200,774	13,788,581	45	79,218	84879	200	7,637,987	74	28,151,882	59,094	9,312,660	1,717,964	38	0	Latin America	large	3	2	2
False	obj1569	train	0	85	E. Brooks	Midnight Cartel 2025	Chronicles Saga	25.02.2025	MV202502693	3281	23,9	17,806,784	94,829	35,366,612	4,193,456	194,746	1,640,714	1,821,568	4,715,431	17,468,862	88	314,493	17113	52	3,320,576	155	15,281,689	24,223	18,341,759	1,171,329	64	0	Americas	small	4	4	0
False	obj1570	train	0	78	I. Hassan	Quantum Rain 3	Dark Matter	28.10.2025	MV202502695	606	109,9	5,178,746	119,218	5,088,108	3,917,834	55,900	281,059	635,374	900,078	8,994,641	405	436,248	42822	81	8,802,061	154	4,432,925	68,744	6,235,271	1,269,479	42	1	Americas	large	3	2	4
False	obj1571	train	0	37	P. Singh	Hyperion Rise 2025	Prime Story	06.09.2025	MV202502699	4297	108,8	3,690,582	166,372	22,606,429	2,426,027	24,871	1,967,445	560,937	975,773	19,721,380	366	143,371	60857	177	8,893,850	31	13,627,361	79,913	19,955,585	3,678,758	17	1	Latin America	small	0	1	4
False	obj1572	train	0	33	E. Brooks	Jade Frequency 2025	Open Sky	18.06.2025	MV202502700	3711	52,2	15,742,246	77,665	69,329,424	6,743,502	69,688	1,208,241	2,682,129	5,285,151	18,374,949	63	254,764	98830	110	7,916,782	153	32,773,506	40,347	25,207,249	4,750,493	94	0	Americas	small	0	4	1
False	obj1573	train	0	91	M. Chen	Jade Frequency 2025	New Dawn	06.10.2025	MV202502710	2507	84,8	3,331,484	36,790	64,496,702	1,379,619	22,643	561,199	412,578	881,495	10,449,689	27	358,037	71482	147	338,802	180	47,516,521	26,906	4,350,851	1,298,757	64	1	Asia-Pacific	large	4	1	3
False	obj1574	train	0	43	P. Singh	Last Signal 2025	New Dawn	16.10.2025	MV202502712	4742	17	903,809	71,700	73,489,921	136,949	2,911	783,447	168,997	588,678	12,156,975	418	483,217	76077	30	7,888,867	88	23,825,847	83,514	12,602,450	4,561,772	3	0	Latin America	small	1	0	0
False	obj1575	train	0	75	B. Carter	Glass Reactor 2025	Origin Arc	20.03.2025	MV202502713	3981	101,2	8,496,967	20,649	9,220,391	4,970,315	142,990	705,381	471,291	632,623	6,102,062	197	26,325	76074	163	8,166,578	140	1,203,173	79,071	3,942,006	541,410	69	0	Asia-Pacific	large	3	3	4
False	obj1576	train	0	39	M. Chen	Burning Atlas 2025	Legacy Cycle	18.06.2025	MV202502714	228	101,3	1,165,374	76,490	50,889,325	584,811	17,487	1,292,335	277,937	984,818	6,114,959	184	424,361	66306	249	4,815,899	188	10,979,829	20,251	21,821,668	2,551,094	22	0	Asia-Pacific	large	0	0	4
False	obj1577	train	0	92	B. Carter	Quantum Rain	Standalone	31.12.2025	MV202502716	2443	81,1	4,887,669	27,489	58,234,529	3,841,747	188,405	611,518	1,123,099	1,919,509	16,554,157	291	434,846	91753	176	8,252,772	190	4,178,726	18,785	29,679,160	3,895,379	26	1	Asia-Pacific	large	4	2	3
False	obj1578	train	0	54	O. Dubois	Carbon Dreams 2025	Open Sky	16.09.2025	MV202502717	715	111,2	1,570,963	102,472	27,150,743	1,226,062	58,212	219,736	216,771	273,265	15,152,516	385	136,105	26317	243	9,582,744	173	1,029,259	99,203	5,510,558	2,787,585	93	0	Latin America	large	1	0	4
False	obj1579	train	0	31	K. Olsen	Quantum Rain 2025	Dark Matter	24.03.2025	MV202502718	3021	71,3	20,822,636	93,078	19,578,557	2,179,349	97,615	1,794,875	2,731,205	10,607,661	4,210,391	129	92,786	63109	15	6,296,742	58	23,849,988	21,200	13,432,838	522,447	95	0	Americas	large	0	4	2
False	obj1580	train	0	94	E. Brooks	Jade Frequency 2025	Dark Matter	12.03.2025	MV202502730	3102	24,5	16,902,643	196,932	58,859,239	13,346,831	306,722	1,680,765	3,529,805	4,688,109	2,788,125	223	442,039	59133	137	7,344,232	186	29,807,214	39,003	21,843,660	3,405,884	21	0	Americas	small	4	4	0
False	obj1581	train	0	60	G. Murphy	Ghost Frequency 2025	Universe Zero	01.09.2025	MV202502733	3883	84,1	9,692,459	70,774	79,408,982	1,263,608	45,581	1,753,018	480,679	612,565	7,415,415	234	34,276	51927	42	5,627,352	132	1,958,805	3,728	8,141,048	1,018,676	6	0	Europe	medium	2	3	3
False	obj1582	train	0	34	T. Kim	Nova Protocol 2025	New Dawn	28.01.2025	MV202502734	1087	107,9	1,218,155	124,814	21,192,692	316,095	5,755	152,040	279,990	1,098,646	16,685,771	210	451,663	53707	170	7,500,581	42	31,537,383	96,970	7,475,296	4,206,093	83	0	Americas	small	0	0	4
False	obj1583	train	0	75	Q. Jensen	Hyperion Rise 2025	Standalone	29.11.2025	MV202502735	4845	113,5	1,558,683	95,574	47,285,548	740,477	13,906	691,023	17,210	59,007	3,116,570	441	356,409	37390	57	757,527	78	42,408,751	5,646	27,075,508	4,885,600	84	0	Americas	medium	3	0	4
False	obj1584	train	0	82	T. Kim	Midnight Cartel 2025	Universe Zero	15.02.2025	MV202502736	4183	26,6	2,715,750	195,219	72,387,670	965,570	31,775	1,004,421	213,576	808,031	17,080,719	105	433,927	4418	214	1,468,910	145	36,042,085	48,011	4,964,323	2,041,348	17	0	Americas	small	4	1	0
False	obj1585	train	0	94	S. Patel	Obsidian Heart	Open Sky	15.05.2025	MV202502747	4848	57,4	7,778,219	83,369	73,371,267	1,275,112	40,705	1,398,297	1,301,985	3,669,245	13,845,603	35	274,238	96337	145	8,243,889	129	5,833,481	93,008	18,152,807	4,657,445	72	0	Europe	large	4	3	1
False	obj1586	train	0	35	A. Volkov	Electric Mirage 2025	Open Sky	27.05.2025	MV202502749	2373	113,3	11,029,018	30,728	50,935,212	8,615,655	269,525	1,422,517	2,331,676	4,702,896	3,522,164	299	45,030	72140	292	8,641,929	7	24,707,421	15,569	7,514,689	4,591,441	27	0	Americas	large	0	3	4
False	obj1587	train	0	46	A. Volkov	Glass Reactor 2025	Origin Arc	14.06.2025	MV202502750	3579	73,2	2,831,872	122,330	47,064,044	1,833,100	54,078	1,058,772	208,261	434,395	18,953,418	244	83,628	78426	46	3,716,908	189	23,480,414	26,484	586,305	4,178,268	75	0	Americas	large	1	1	2
False	obj1588	train	0	43	M. Chen	Golden Ratio 2025	New Dawn	21.10.2025	MV202502753	2637	75	10,120,291	109,819	1,217,464	1,096,631	49,655	110,784	2,897,402	9,907,077	14,460,529	437	208,987	11230	185	3,475,431	94	13,357,786	6,303	2,631,062	397,023	24	0	Asia-Pacific	large	1	3	2
False	obj1589	train	0	53	T. Kim	Infinite Margin 2025	Final Chapter	21.12.2025	MV202502754	1943	96,9	12,965,451	161,913	71,179,739	9,065,381	356,425	803,870	165,111	293,749	5,670,637	130	449,041	14276	44	7,171,072	172	28,701,337	33,543	29,083,141	1,873,729	54	1	Americas	small	1	3	3
False	obj1590	train	0	94	S. Patel	Aurora Debt	Chronicles Saga	16.01.2025	MV202502764	3764	80	3,129,921	145,220	24,652,974	508,706	22,694	216,151	496,503	1,316,297	1,278,470	11	130,984	26816	59	3,122,085	128	23,146,980	93,175	22,676,467	659,208	98	0	Europe	large	4	1	3
False	obj1591	train	0	55	B. Carter	Ember Valley 2025	Origin Arc	05.11.2025	MV202502765	3612	114,7	1,005,475	146,884	68,987,993	571,219	11,625	819,046	189,643	412,915	6,805,383	249	247,875	80126	195	2,137,886	49	39,993,470	78,206	14,396,267	630,522	42	0	Asia-Pacific	large	1	0	4
False	obj1592	train	0	55	F. Nguyen	Red Meridian 2025	Chronicles Saga	05.12.2025	MV202502766	588	91,4	5,178,991	157,375	28,977,092	1,409,126	69,347	1,705,053	522,167	855,273	11,082,560	216	98,722	10956	54	6,791,321	10	27,315,155	65,698	7,294,795	1,423,045	0	1	Asia-Pacific	large	1	2	3
False	obj1593	train	0	53	F. Nguyen	Ocean of Stars 2025	Dark Matter	03.07.2025	MV202502768	2925	64,4	1,265,367	143,561	63,212,910	725,323	30,771	319,182	114,296	406,437	16,008,129	328	355,547	20999	184	6,559,073	102	20,088,217	36,350	5,585,190	467,677	24	0	Asia-Pacific	large	1	0	2
False	obj1594	train	0	41	I. Hassan	Silent Protocol	Prime Story	20.11.2025	MV202502769	3122	101,4	5,694,916	130,653	8,493,468	3,555,181	46,704	1,323,268	1,525,209	2,461,528	1,170,106	23	339,865	16474	184	6,544,401	125	45,594,334	21,801	17,819,634	3,474,290	3	1	Americas	large	0	2	4
False	obj1595	train	0	67	V. Popov	Crimson Archive 2025 2	Prime Story	27.02.2025	MV202502770	4853	56,2	1,697,095	132,771	65,647,495	421,073	13,774	1,697,332	34,659	104,827	13,747,258	52	247,702	84987	197	3,205,258	30	6,157,925	53,785	24,793,026	1,467,327	79	0	Latin America	large	2	0	1
False	obj1596	train	0	77	Q. Jensen	Deep Current	Prime Story	17.05.2025	MV202502771	3642	100,3	2,333,539	71,522	25,878,897	404,280	10,331	600,426	606,400	1,710,698	11,886,929	472	311,519	65856	156	4,570,422	33	28,061,053	88,025	5,396,820	616,686	3	0	Americas	medium	3	1	4
False	obj1597	train	0	37	J. Martinez	Echo Chamber 2025	Dark Matter	10.08.2025	MV202502772	4544	30,7	1,958,482	103,257	41,442,620	1,381,058	51,894	1,939,658	93,912	135,826	406,240	204	441,055	40663	196	3,205,335	15	14,078,984	78,306	12,469,804	2,182,839	83	1	Europe	large	0	0	0
False	obj1598	train	0	48	W. Stone	Aurora Debt 2025	Origin Arc	20.09.2025	MV202502689	118	71,6	1,834,304	189,118	55,082,304	584,407	17,968	474,163	186,570	228,977	17,888,669	122	410,492	15007	125	7,522,585	31	1,974,590	61,239	16,820,082	4,792,460	90	1	Americas	small	1	0	2
False	obj1599	train	0	85	B. Carter	Echo Chamber 2025	Final Chapter	02.10.2025	MV202502690	1403	71,2	8,776,783	64,132	51,936,526	5,946,733	130,913	685,182	2,212,306	8,191,749	13,349,943	269	417,894	64560	100	1,857,693	59	17,488,980	69,607	22,619,641	1,669,587	85	0	Asia-Pacific	large	4	3	2
False	obj1600	train	0	90	K. Olsen	Lunar Cartography 2025	Universe Zero	31.08.2025	MV202502701	2848	117,1	6,637,286	22,673	34,958,268	3,298,567	128,037	1,579,344	1,084,806	2,428,890	7,767,853	30	435,162	1664	294	5,043,973	59	22,836,699	64,797	3,120,446	919,514	11	0	Americas	large	4	2	4
False	obj1601	train	0	70	H. Andersson	Nova Protocol 2025	Origin Arc	14.04.2025	MV202502703	3437	68,4	3,280,477	73,668	54,047,542	1,482,855	39,988	276,448	383,619	599,245	19,726,953	189	445,142	76387	225	3,361,601	7	599,915	86,722	16,515,725	2,993,449	9	0	Asia-Pacific	large	3	1	2
False	obj1602	train	0	32	Y. Tanaka	Shadow Circuit 2025	Legacy Cycle	01.03.2025	MV202502704	1651	113,7	2,364,871	20,410	37,115,577	264,369	12,514	452,898	660,027	2,407,280	14,228,885	253	254,718	24151	144	4,420,545	10	40,961,760	34,988	26,463,175	3,269,366	56	0	Asia-Pacific	medium	0	1	4
False	obj1603	train	0	42	N. Fischer	Deep Current 2025	Chronicles Saga	08.07.2025	MV202502705	2652	78,7	6,637,806	196,164	42,350,729	3,319,146	62,183	728,120	653,700	2,313,376	17,274,736	256	400,150	90992	87	5,838,927	2	45,105,062	86,683	7,368,260	4,384,752	15	1	Europe	small	0	2	3
False	obj1604	train	0	84	T. Kim	City of Glass	Open Sky	16.12.2025	MV202502706	1008	34	4,475,514	21,215	18,834,570	936,716	25,864	147,482	345,964	942,285	7,223,283	245	171,643	38338	53	9,433,684	65	48,354,155	19,494	2,858,558	552,230	27	0	Americas	small	4	2	0
False	obj1605	train	0	35	V. Popov	Silent Protocol 2025	Dark Matter	29.12.2025	MV202502707	4632	90,7	4,396,961	174,608	59,284,085	846,592	29,387	934,288	346,884	463,385	15,504,776	363	48,421	74348	284	5,737,173	110	43,627,150	50,048	14,256,043	1,330,152	12	0	Latin America	large	0	2	3
False	obj1606	train	0	67	I. Hassan	Nova Protocol 2025	New Dawn	04.05.2025	MV202502709	3490	18,9	291,223	42,928	27,092,196	90,055	2,829	1,522,122	47,073	117,346	2,776,728	442	201,088	58078	255	2,171,103	186	46,119,779	56,050	28,956,335	3,217,398	21	1	Americas	large	2	0	0
False	obj1607	train	0	48	J. Martinez	Thunder Archive 2025	Final Chapter	14.10.2025	MV202502723	2252	108,7	10,905,498	93,836	51,006,410	8,690,360	169,769	334,729	1,048,989	4,089,995	4,791,320	18	105,077	3763	64	5,578,459	181	5,212,941	5,136	4,620,799	2,253,379	27	1	Europe	large	1	3	4
False	obj1608	train	0	85	Q. Jensen	Feral Harmony 2025	Chronicles Saga	30.01.2025	MV202502724	4554	84,9	15,893,502	155,133	13,525,576	9,855,899	377,146	181,302	3,362,816	4,801,424	14,370,877	272	485,027	50772	67	8,889,983	42	14,302,734	14,411	12,266,811	1,256,677	25	0	Americas	medium	4	4	3
False	obj1609	train	0	48	J. Martinez	Deep Current 2025	Legacy Cycle	15.05.2025	MV202502725	1741	100	9,270,546	80,027	71,360,716	7,222,530	200,996	324,368	734,782	2,874,759	10,351,451	341	380,641	59441	174	7,945,406	3	6,837,082	81,896	28,940,213	1,561,727	56	0	Europe	large	1	3	4
False	obj1610	train	0	74	I. Hassan	Winter Echo	Final Chapter	11.09.2025	MV202502726	3946	26,4	16,426,503	135,179	43,615,199	7,694,857	383,219	241,219	2,718,101	5,401,064	991,479	478	152,648	84893	57	5,097,481	113	43,594,990	33,232	19,335,555	4,508,691	47	0	Americas	large	3	4	0
False	obj1611	train	0	45	I. Hassan	Burning Atlas	Chronicles Saga	01.07.2025	MV202502727	1458	90	13,345,772	135,045	49,469,868	9,061,580	402,490	396,821	2,590,616	8,833,942	4,991,583	189	29,844	56869	244	4,879,427	192	49,448,830	87,619	29,027,542	795,356	97	1	Americas	large	1	3	3
False	obj1612	train	0	84	P. Singh	Glass Reactor	Dark Matter	26.02.2025	MV202502737	791	116,5	5,761,599	171,011	27,946,775	702,231	8,711	1,732,204	1,059,631	2,331,892	12,463,960	38	464,401	28984	164	4,330,036	178	34,393,873	10,919	27,209,989	1,182,660	26	0	Latin America	small	4	2	4
False	obj1613	train	0	77	F. Nguyen	Jade Frequency 2025	Prime Story	21.11.2025	MV202502739	1475	50,9	20,435,378	191,442	46,888,095	4,561,659	181,662	98,846	3,170,574	12,544,117	14,227,438	389	229,286	1051	145	2,051,430	189	9,379,194	63,375	21,434,720	3,035,524	67	1	Asia-Pacific	large	3	4	1
False	obj1614	train	0	52	N. Fischer	Shadow Circuit 2025	Origin Arc	15.11.2025	MV202502740	3262	104,7	7,833,677	141,331	51,521,582	4,837,428	224,942	278,049	1,507,198	4,203,637	18,712,089	453	359,242	61195	199	4,041,854	111	3,081,621	4,690	4,908,338	4,734,076	39	0	Europe	small	1	3	4
False	obj1615	train	0	60	V. Popov	Final Orbit 2025	Standalone	06.03.2025	MV202502742	1375	49	19,222,644	197,464	59,277,876	8,624,101	266,358	1,856,588	3,527,912	13,554,056	2,860,681	45	356,874	31709	259	3,332,524	163	30,100,118	92,021	27,599,619	3,906,699	84	0	Latin America	large	2	4	1
False	obj1616	train	0	79	G. Murphy	Violet Engine 2025	Standalone	13.06.2025	MV202502743	45	101,2	2,589,352	9,966	2,845,083	1,876,146	36,630	1,093,803	698,394	1,052,690	15,410,967	226	451,888	17385	195	479,339	163	4,475,802	22,344	4,163,769	232,446	66	1	Europe	medium	3	1	4
False	obj1617	train	0	88	R. Silva	Digital Saints 2025	New Dawn	08.07.2025	MV202502757	2345	64	7,613,235	63,790	65,204,040	3,787,983	77,943	234,789	1,799,535	6,191,318	4,201,030	187	198,026	3308	234	441,627	61	29,868,446	25,397	19,106,290	2,796,926	8	0	Latin America	large	4	3	2
False	obj1618	train	0	86	G. Murphy	Quantum Rain 2025	Chronicles Saga	26.12.2025	MV202502758	4964	63,3	2,139,951	133,729	71,642,763	1,080,260	43,002	469,337	217,877	639,169	3,953,177	46	191,104	47111	97	303,197	41	38,410,136	97,670	27,823,026	3,060,207	52	0	Europe	medium	4	0	2
False	obj1619	train	0	57	E. Brooks	Quantum Rain 2025	Chronicles Saga	21.10.2025	MV202502760	1734	108,7	2,276,306	122,136	57,181,085	1,441,268	28,245	141,055	255,771	462,102	8,047,052	473	107,063	33350	146	7,513,732	95	25,188,635	75,013	23,445,671	2,464,247	87	1	Americas	small	2	1	4
False	obj1620	train	0	42	A. Volkov	Kinetic Prayer	Chronicles Saga	09.06.2025	MV202502761	495	26,9	1,891,530	160,411	32,783,852	1,129,036	12,883	1,659,758	465,329	668,979	19,467,537	399	120,463	40692	43	4,096,323	165	4,354,971	84,624	22,705,172	403,498	70	0	Americas	large	0	0	0
False	obj1621	train	0	78	M. Chen	Crimson Archive 2025	Final Chapter	30.01.2025	MV202502762	24	76,5	5,497,504	46,310	59,969,710	711,287	22,224	1,168,634	1,216,892	2,222,925	877,138	57	419,388	32761	105	5,794,028	182	11,109,596	78,633	22,265,249	810,875	13	0	Asia-Pacific	large	3	2	2
False	obj1622	train	0	69	O. Dubois	Feral Harmony 2025	Prime Story	01.06.2025	MV202502763	3624	100,5	4,233,300	161,471	61,759,586	2,112,823	44,333	237,244	939,673	2,786,128	7,071,388	87	23,352	85965	103	8,204,953	63	8,816,626	54,719	6,642,729	1,959,731	43	0	Latin America	large	3	2	4
False	obj1623	train	0	57	R. Silva	Deep Current 2025	Final Chapter	11.10.2025	MV202502773	932	116,4	2,164,786	183,502	40,873,734	521,515	20,585	1,477,650	385,311	1,138,093	6,794,458	314	365,485	95747	166	5,135,247	152	28,634,039	45,140	24,804,609	1,192,729	29	0	Latin America	large	2	0	4
False	obj1624	train	0	78	O. Dubois	Digital Saints 2025 4	Chronicles Saga	14.04.2025	MV202502774	4105	66,9	3,884,101	149,926	29,277,869	490,788	18,593	1,778,884	577,909	1,838,717	10,096,850	234	454,050	86801	166	9,856,136	181	31,958,820	4,260	3,649,238	4,973,464	46	0	Latin America	large	3	1	2
False	obj1625	train	0	73	I. Hassan	Lunar Cartography 2025	Standalone	31.01.2025	MV202502777	2189	50,7	22,462,841	175,167	50,000,180	2,501,874	95,801	1,165,879	773,459	2,758,882	8,451,840	408	319,256	35485	149	1,042,474	78	47,466,774	99,911	9,453,677	96,439	62	0	Americas	large	3	4	1
False	obj1626	train	0	62	P. Singh	Carbon Dreams 2025	Open Sky	14.11.2025	MV202502778	2110	19,2	31,542,996	744	72,811,175	15,236,627	433,297	1,908,264	939,084	2,069,465	3,829,908	157	127,195	99122	37	9,075,783	44	2,647,708	78,641	22,080,786	4,303,093	70	1	Latin America	small	2	4	0
False	obj1627	train	0	83	O. Dubois	Desert Oracle 4	Origin Arc	14.04.2025	MV202502779	4485	58,5	300,400	125,685	31,863,399	140,254	4,444	121,695	88,252	274,081	8,491,829	137	15,067	44964	154	3,137,588	29	42,137,850	54,617	19,240,722	964,413	38	0	Latin America	large	4	0	1
False	obj1628	train	0	90	D. Rossi	Arctic Pulse 2025	Final Chapter	10.07.2025	MV202502792	1334	116,7	8,890,617	61,830	18,961,915	6,347,696	229,905	1,734,381	1,548,868	1,995,183	6,190,347	85	286,556	95694	235	1,628,030	75	42,272,680	49,937	9,335,438	3,344,593	14	0	Latin America	medium	4	3	4
False	obj1629	train	0	56	D. Rossi	Solar Drift 2025	Open Sky	17.04.2025	MV202502793	4984	43,5	1,210,573	86,008	52,179,800	116,256	3,479	1,810,074	107,920	324,757	19,420,930	441	157,975	38577	122	7,901,016	1	37,628,930	93,233	5,223,927	3,387,999	2	1	Latin America	medium	2	0	1
False	obj1630	train	0	76	I. Hassan	Golden Ratio	Standalone	24.11.2025	MV202502795	1809	117,1	11,864,016	172,593	76,952,503	2,004,592	70,241	794,592	2,704,734	7,168,957	13,221,293	468	82,649	46555	57	3,445,165	90	23,538,091	14,635	18,585,536	4,072,020	50	1	Americas	large	3	3	4
False	obj1631	train	0	83	T. Kim	Feral Harmony 2025	Dark Matter	05.12.2025	MV202502796	297	99,8	1,688,461	72,712	16,804,818	562,836	9,691	744,760	300,821	543,143	4,789,195	36	107,241	80828	73	9,822,579	79	23,684,532	19,951	14,600,930	395,733	92	0	Americas	small	4	0	4
False	obj1632	train	0	40	Y. Tanaka	Silver Transit 2025	Standalone	09.11.2025	MV202502799	3193	111,9	3,125,837	86,560	71,161,762	1,828,950	31,494	198,566	186,474	312,617	13,584,581	476	467,278	44694	160	2,107,805	91	27,994,257	734	27,123,855	2,543,996	42	1	Asia-Pacific	medium	0	1	4
False	obj1633	train	0	94	N. Fischer	Ember Valley 2025	Prime Story	22.04.2025	MV202502809	4628	98,3	13,343,031	148,735	5,419,488	7,954,220	309,548	1,394,710	2,818,435	9,736,052	16,710,044	56	419,744	21347	191	6,785,586	163	19,589,270	21,946	17,803,558	2,996,972	2	0	Europe	small	4	3	3
False	obj1634	train	0	52	K. Olsen	Thunder Archive 2025	Final Chapter	25.03.2025	MV202502810	841	45,5	18,168,310	35,756	71,139,938	10,944,885	442,463	1,903,714	3,776,401	15,103,003	15,581,676	380	218,908	59701	62	4,067,344	94	6,011,052	88,877	17,296,391	4,476,317	55	0	Americas	large	1	4	1
False	obj1635	train	0	69	J. Martinez	Golden Ratio	Open Sky	11.07.2025	MV202502812	2724	118,8	7,789,384	198,604	9,991,083	478,706	13,464	1,722,696	390,675	957,474	2,995,287	264	254,859	18180	134	3,894,284	62	40,976,193	63,874	15,739,644	2,153,662	86	0	Europe	large	3	3	4
False	obj1636	train	0	51	Z. Ali	Echo Chamber 3	Universe Zero	28.11.2025	MV202502813	3517	32,1	64,892,792	8,376	40,242,460	24,565,725	1,203,327	1,521,026	14,216,649	50,098,015	10,472,881	466	145,457	61959	261	9,074,307	2	31,473,212	14,451	22,405,405	2,756,922	8	0	Latin America	small	1	4	0
False	obj1637	train	0	40	Z. Ali	Crystal Fault 2025	Open Sky	31.10.2025	MV202502814	3842	89,2	3,460,384	190,053	3,310,851	2,427,120	64,664	606,861	690,597	1,563,065	5,191,571	309	27,522	2110	200	5,067,567	97	18,394,549	88,519	9,910,197	4,398,185	27	0	Latin America	small	0	1	3
False	obj1638	train	0	77	B. Carter	Digital Saints 2025	Open Sky	12.09.2025	MV202502816	2781	51,6	4,785,583	186,945	32,564,909	493,135	8,543	1,455,484	1,267,681	1,524,488	12,186,368	267	149,340	81523	59	4,947,454	63	33,870,607	84,041	11,354,975	761,760	67	0	Asia-Pacific	large	3	2	1
False	obj1639	train	0	67	B. Carter	Northern Code 2025	Universe Zero	22.06.2025	MV202502782	904	58,7	1,846,235	3,896	29,541,315	384,476	14,561	1,946,964	528,924	1,919,281	1,416,369	266	61,174	90045	262	2,274,434	149	17,842,636	78,118	614,189	1,262,159	73	0	Asia-Pacific	large	2	0	1
False	obj1640	train	0	68	O. Dubois	Glass Reactor	Standalone	01.07.2025	MV202502783	2966	37,1	851,939	133,810	25,466,320	272,031	6,804	608,838	76,018	158,555	8,014,389	195	12,140	16458	211	910,935	133	43,774,452	10,785	2,947,211	2,175,859	97	0	Latin America	large	2	0	0
False	obj1641	train	0	82	G. Murphy	Golden Ratio 3	Standalone	11.10.2025	MV202502784	804	66,3	3,120,025	10,228	12,811,932	1,952,272	50,860	467,640	934,634	2,797,356	4,158,279	309	204,163	8276	222	9,138,461	1	2,130,625	61,303	11,636,855	1,467,026	20	0	Europe	medium	4	1	2
False	obj1642	train	0	47	L. Nakamura	City of Glass 4	Chronicles Saga	11.02.2025	MV202502786	3815	95	3,378,545	13,017	42,400,902	1,698,096	21,047	1,170,768	54,661	211,344	15,219,554	393	131,210	26458	285	3,172,713	27	31,662,433	52,843	3,961,141	1,771,270	20	1	Americas	small	1	1	3
False	obj1643	train	0	76	B. Carter	Ocean of Stars 2025	Legacy Cycle	14.12.2025	MV202502788	3425	53,3	1,625,902	161,361	79,210,389	709,077	20,544	813,526	78,628	254,119	1,759,618	237	5,306	30475	21	954,866	9	31,025,076	29,465	26,981,523	2,512,013	61	0	Asia-Pacific	large	3	0	1
False	obj1644	train	0	52	K. Olsen	Obsidian Heart 2025	Origin Arc	08.09.2025	MV202502790	990	78,4	6,066,840	171,686	21,451,160	1,705,605	21,358	1,725,477	533,353	1,198,872	15,067,767	53	438,164	41789	271	9,712,612	112	44,899,536	67,961	25,208,850	3,775,073	63	0	Americas	large	1	2	2
False	obj1645	train	0	63	H. Andersson	Red Meridian 2025	Open Sky	12.05.2025	MV202502800	2628	49,3	7,895,288	60,202	45,975,624	2,734,379	108,234	706,227	261,358	315,424	7,304,601	432	258,280	37874	188	9,078,559	49	43,781,902	77,619	19,012,909	837,250	33	0	Asia-Pacific	large	2	3	1
False	obj1646	train	0	79	T. Kim	Stone Butterfly 2025	Universe Zero	05.06.2025	MV202502802	1800	69,3	1,911,789	140,463	9,500,762	1,281,122	57,923	663,266	480,072	595,060	5,042,460	34	137,024	18176	262	5,732,683	174	16,620,577	27,868	4,462,430	2,505,659	67	0	Americas	small	3	0	2
False	obj1647	train	0	35	A. Volkov	Northern Code 2	Dark Matter	31.10.2025	MV202502803	2250	94,1	10,797,584	21,363	24,243,253	3,012,661	85,161	736,435	1,529,285	2,745,091	11,848,682	336	178,653	45502	232	165,834	165	23,200,353	50,222	25,539,898	953,737	18	0	Americas	large	0	3	3
False	obj1648	train	0	71	S. Patel	Red Meridian 2025	Universe Zero	20.10.2025	MV202502804	2575	66,1	14,218,804	89,256	13,746,190	10,106,734	387,882	197,874	1,526,050	4,215,478	11,612,701	221	168,616	94612	109	4,150,836	52	5,887,484	55,405	21,529,255	4,747,933	52	0	Europe	large	3	4	2
False	obj1649	train	0	68	M. Chen	Ember Valley 2025	Universe Zero	29.12.2025	MV202502805	1259	79,1	230,232	106,524	51,041,769	79,265	1,408	267,286	58,003	152,076	7,540,445	333	388,064	38109	129	2,166,908	20	31,548,482	54,329	8,061,037	2,330,415	84	0	Asia-Pacific	large	2	0	3
False	obj1650	train	0	55	P. Singh	Desert Oracle 2025	Standalone	18.10.2025	MV202502818	2986	41,8	1,860,772	116,616	64,510,927	594,725	28,885	1,600,653	79,874	252,626	9,563,250	129	395,995	93338	108	4,623,137	136	26,548,739	40,545	6,454,814	3,613,312	38	1	Latin America	small	1	0	1
False	obj1651	train	0	92	F. Nguyen	Red Meridian 2025	Dark Matter	08.03.2025	MV202502820	760	49	7,505,133	85,818	55,108,830	2,341,904	47,618	512,489	451,225	1,362,292	5,152,025	278	287,103	41652	70	4,845,039	57	3,196,872	75,756	5,961,286	1,299,942	87	0	Asia-Pacific	large	4	3	1
False	obj1652	train	0	60	Y. Tanaka	Solar Drift	Standalone	24.12.2025	MV202502821	2989	75,5	17,578,208	82,964	12,533,045	10,378,900	440,402	1,712,441	2,608,539	6,766,609	7,319,596	70	130,521	47890	77	1,367,000	198	2,365,492	66,260	12,776,916	1,951,685	42	0	Asia-Pacific	medium	2	4	2
False	obj1653	train	0	47	B. Carter	Silent Protocol 2025	Universe Zero	10.03.2025	MV202502822	2825	95,9	483,315	157,073	42,066,774	46,639	2,265	1,250,963	23,490	92,826	5,502,532	188	143,229	88705	172	6,486,792	96	12,823,598	11,439	1,831,642	2,043,705	93	0	Asia-Pacific	large	1	0	3
False	obj1654	train	0	83	E. Brooks	Aurora Debt 2025	Chronicles Saga	05.11.2025	MV202502823	3486	80,7	8,510,983	92,032	62,792,881	1,492,319	41,671	1,620,130	2,386,853	4,257,708	4,448,604	107	358,519	9375	144	8,496,601	29	23,357,053	56,542	22,193,013	1,663,445	35	0	Americas	small	4	3	3
False	obj1655	train	0	72	G. Murphy	Hyperion Rise	Prime Story	10.06.2025	MV202502824	1588	72,6	670,465	120,028	9,229,801	416,393	4,785	799,636	42,475	60,039	6,752,052	456	258,368	74410	280	5,252,994	90	39,482,408	86,072	29,624,771	4,778,332	14	1	Europe	medium	3	0	2
False	obj1656	train	0	94	J. Martinez	Deep Current	Standalone	11.04.2025	MV202502836	2612	55,1	29,121,390	170,413	32,485,986	10,238,796	160,466	21,413	3,158,283	9,353,337	16,722,129	287	50,212	82650	262	1,346,684	73	16,734,672	76,072	23,716,402	155,721	4	1	Europe	large	4	4	1
False	obj1657	train	0	48	Z. Ali	Digital Saints 2025	Universe Zero	25.08.2025	MV202502837	3303	114,9	2,973,995	198,503	17,323,033	729,212	30,573	1,314,979	687,947	1,615,488	13,986,447	48	369,652	61480	20	8,364,066	189	19,706,687	35,156	17,992,553	4,932,422	14	0	Latin America	small	1	1	4
False	obj1658	train	0	60	E. Brooks	Echo Chamber 2025	New Dawn	20.03.2025	MV202502838	190	25,2	7,757,345	141,754	48,163,792	926,345	38,509	1,568,770	284,999	568,803	3,289,814	76	135,921	54404	18	2,513,555	2	42,704,044	95,189	16,557,191	2,130,284	20	1	Americas	small	2	3	0
False	obj1659	train	0	44	A. Volkov	Frozen Ledger 2025 2	Chronicles Saga	18.05.2025	MV202502839	960	37,9	17,715,347	188,313	71,323,780	8,398,694	391,000	173,989	1,162,662	4,603,400	16,560,679	379	175,574	3987	276	8,451,883	62	41,167,834	38,023	20,257,505	471,617	61	0	Americas	large	1	4	1
False	obj1660	train	0	40	C. Wright	Kinetic Prayer 2025	Legacy Cycle	15.05.2025	MV202502840	831	96	1,170,186	160,040	54,141,283	457,216	9,333	802,623	110,468	217,946	15,572,380	355	266,508	74638	285	2,715,963	153	1,625,249	5,051	3,012,546	4,752,333	6	0	Europe	small	0	0	3
False	obj1661	train	0	85	M. Chen	Broken Compass	New Dawn	24.10.2025	MV202502843	4939	37,1	2,063,024	123,372	44,462,640	807,642	16,700	331,283	358,513	1,365,820	596,472	286	240,189	59926	287	5,318,750	55	36,854,987	36,717	9,115,430	3,511,457	72	1	Asia-Pacific	large	4	0	0
False	obj1662	train	0	69	H. Andersson	Red Meridian	Final Chapter	26.10.2025	MV202502855	4148	19,2	4,155,989	175,807	28,794,231	1,350,610	17,211	1,647,156	1,070,812	3,020,290	9,120,780	158	395,718	74114	284	4,435,132	96	19,265,361	91,410	13,000,937	4,674,020	34	1	Asia-Pacific	large	3	2	0
False	obj1663	train	0	84	S. Patel	Winter Echo	Origin Arc	08.08.2025	MV202502856	3642	95,7	18,452,642	13,709	68,258,447	7,518,999	160,506	674,456	2,507,076	9,869,315	14,931,156	121	128,806	56601	146	5,889,718	72	6,272,168	40,268	21,394,580	823,555	89	0	Europe	large	4	4	3
False	obj1664	train	0	58	R. Silva	Solar Drift	Prime Story	27.02.2025	MV202502857	3064	110,7	2,980,597	76,628	15,339,532	2,127,999	29,547	1,124,030	676,872	1,707,066	17,794,680	121	51,782	96530	195	6,727,676	82	44,624,424	6,812	9,851,832	86,820	52	0	Latin America	large	2	1	4
False	obj1665	train	0	58	T. Kim	Silent Protocol 2025	Chronicles Saga	31.01.2025	MV202502858	471	116,9	4,102,879	146,779	33,373,145	1,759,904	45,970	553,354	863,073	1,773,684	5,666,019	35	84,899	99679	96	2,955,082	186	46,228,311	96,474	28,261,357	555,552	62	0	Americas	small	2	1	4
False	obj1666	train	0	62	A. Volkov	Kinetic Prayer	Standalone	21.09.2025	MV202502862	543	19,1	954,949	156,600	19,412,468	327,227	3,786	580,163	158,163	461,668	3,562,906	240	479,608	5929	167	7,197,879	117	32,732,760	97,714	18,237,760	4,598,009	5	1	Americas	large	2	0	0
False	obj1667	train	0	66	Z. Ali	Jade Frequency 4	Prime Story	03.07.2025	MV202502872	259	52,8	1,756,427	22,017	45,999,414	1,068,485	34,510	788,375	463,750	1,096,198	14,396,445	469	221,838	60715	201	125,098	163	35,566,720	46,933	20,830,046	2,217,732	68	0	Latin America	small	2	0	1
False	obj1668	train	0	58	V. Popov	Violet Engine 2025	Open Sky	06.02.2025	MV202502874	2781	38,6	1,743,438	103,978	41,394,180	603,549	29,301	323,158	79,187	124,967	13,293,856	325	430,441	53246	20	8,526,055	6	12,316,696	5,507	895,825	4,166,398	24	0	Latin America	large	2	0	1
False	obj1669	train	0	47	J. Martinez	Winter Echo 2025	Legacy Cycle	20.07.2025	MV202502875	1060	77,4	11,070,194	198,106	36,464,689	7,916,077	330,015	1,043,815	990,900	2,179,790	5,104,809	380	64,364	38152	232	4,855,986	91	22,398,963	1,790	4,022,484	4,600,685	4	1	Europe	large	1	3	2
False	obj1670	train	0	45	S. Patel	Last Signal 2025	Origin Arc	06.11.2025	MV202502876	3974	54	3,127,584	190,078	37,376,140	1,821,504	55,364	1,100,814	613,654	2,251,665	5,031,950	127	444,854	17694	36	5,159,770	24	13,979,271	65,161	20,446,108	4,865,328	9	0	Europe	large	1	1	1
False	obj1671	train	0	70	A. Volkov	Shadow Circuit 2025	New Dawn	27.09.2025	MV202502877	2193	116,6	17,402,812	192,765	59,577,829	3,745,029	102,580	1,820,047	2,202,563	8,627,406	17,437,068	106	147,838	90200	118	2,510,536	159	42,750,034	85,447	3,964,508	4,491,652	19	0	Americas	large	3	4	4
False	obj1672	train	0	54	K. Olsen	Lunar Cartography	Standalone	06.09.2025	MV202502878	2111	113,6	2,367,349	88,757	53,954,435	883,181	43,231	1,605,090	63,265	119,054	1,771,025	81	441,021	5723	263	103,813	112	49,315,964	46,105	21,245,240	999,611	27	0	Americas	large	1	1	4
False	obj1673	train	0	73	H. Andersson	Paper Kingdom 2025	Open Sky	20.07.2025	MV202502879	4519	114,2	4,740,644	145,708	56,543,403	1,391,054	50,950	1,357,220	352,475	959,148	11,490,277	174	159,730	88038	226	4,117,812	158	19,054,311	40,991	708,761	34,298	96	0	Asia-Pacific	large	3	2	4
False	obj1674	train	0	32	T. Kim	Winter Echo 2025 4	Universe Zero	11.08.2025	MV202502880	4913	95,8	2,611,918	54,883	66,547,888	1,387,078	52,641	110,773	195,476	756,675	4,588,327	123	94,477	66137	259	2,715,467	110	44,875,253	17,110	15,847,728	1,621,392	43	0	Americas	small	0	1	3
False	obj1675	train	0	60	C. Wright	Ocean of Stars	Universe Zero	14.10.2025	MV202502890	1783	60,6	4,802,000	12,827	6,756,623	2,449,907	111,935	498,352	74,851	258,436	11,171,426	280	204,125	60244	224	3,771,036	81	30,322,299	19,441	17,138,092	3,195,253	17	0	Europe	small	2	2	2
False	obj1676	train	0	88	G. Murphy	Carbon Dreams	Open Sky	02.09.2025	MV202502891	4043	35,5	3,534,636	134,441	79,944,679	1,758,645	34,249	1,754,932	783,714	1,814,777	14,170,946	438	391,522	91015	184	5,519,730	169	44,628,979	13,784	29,862,843	3,879,693	25	0	Europe	medium	4	1	0
False	obj1677	train	0	48	B. Carter	Crystal Fault 2025	Open Sky	17.08.2025	MV202502894	3233	101,5	11,682,731	14,493	42,100,600	1,455,095	28,762	1,475,327	3,051,580	9,659,051	3,504,646	14	80,236	36467	89	383,299	163	12,494,162	81,039	21,284,013	3,537,952	43	1	Asia-Pacific	large	1	3	4
False	obj1678	train	0	66	G. Murphy	Blue Static 2025	Standalone	04.09.2025	MV202502896	1081	45,9	5,528,916	108,653	24,375,592	2,708,275	83,407	1,116,488	1,471,636	4,121,540	17,560,079	289	273,659	66590	148	2,052,446	160	32,701,520	42,133	24,433,080	952,259	56	1	Europe	medium	2	2	1
False	obj1679	train	0	49	D. Rossi	Crimson Archive	Chronicles Saga	27.11.2025	MV202502898	550	80,9	2,494,951	64,294	53,698,044	1,817,407	76,157	113,545	338,259	1,310,773	6,130,785	147	64,430	26335	63	6,750,188	121	43,861,964	41,815	12,172,964	2,837,012	23	0	Latin America	medium	1	1	3
False	obj1680	train	0	40	N. Fischer	Feral Harmony 2025 2	Open Sky	27.10.2025	MV202502909	1886	97	7,125,857	54,427	30,941,349	1,948,866	54,661	1,567,735	1,979,999	4,995,986	4,545,019	33	181,993	99663	149	2,226,299	11	37,044,127	80,283	12,843,180	4,353,679	47	0	Europe	small	0	3	3
False	obj1681	train	0	83	H. Andersson	Ghost Frequency	Origin Arc	15.10.2025	MV202502911	1941	59,8	1,527,871	46,125	67,828,577	318,516	5,745	762,676	184,984	670,053	14,056,665	21	487,239	66495	23	6,988,416	86	15,771,082	13,881	6,564,605	1,465,810	0	1	Asia-Pacific	large	4	0	2
False	obj1682	train	0	40	D. Rossi	Neon Horizon	Final Chapter	30.11.2025	MV202502913	4031	22,7	3,144,084	38,784	63,574,271	170,998	5,476	287,667	571,186	914,152	9,874,612	299	31,054	56263	202	9,579,495	123	35,892,125	89,564	11,239,351	3,321,150	51	1	Latin America	medium	0	1	0
False	obj1683	train	0	61	R. Silva	Echo Chamber 2025	Chronicles Saga	30.07.2025	MV202502915	4522	64,4	6,449,387	129,660	29,909,676	3,368,858	56,764	1,199,699	736,820	2,590,030	12,036,634	99	197,263	34478	151	6,641,861	129	5,784,178	68,833	6,823,340	421,833	45	0	Latin America	large	2	2	2
False	obj1684	train	0	90	A. Volkov	Digital Saints 2025	Chronicles Saga	27.11.2025	MV202502829	2676	112,1	1,664,129	157,484	57,723,932	985,668	14,502	1,058,293	23,056	90,154	10,574,260	10	157,097	87001	74	1,936,833	91	33,807,099	49,326	6,584,514	776,740	27	0	Americas	large	4	0	4
False	obj1685	train	0	31	N. Fischer	Iron Garden 4	Chronicles Saga	05.03.2025	MV202502833	1543	59,6	14,607,051	6,260	48,538,012	4,336,290	63,203	37,907	2,119,997	4,698,009	7,227,249	13	166,127	76349	247	2,031,525	102	20,031,912	28,936	22,857,868	94,422	10	0	Europe	small	0	4	2
False	obj1686	train	0	59	J. Martinez	Red Meridian 2025	Origin Arc	09.05.2025	MV202502846	2866	95,4	6,498,055	60,898	41,542,130	3,737,930	65,464	87,164	563,867	1,353,261	15,735,542	384	257,043	86269	222	1,787,842	191	854,531	86,541	16,495,759	251,895	24	0	Europe	large	2	2	3
False	obj1687	train	0	30	Q. Jensen	Thunder Archive 2025	Chronicles Saga	15.12.2025	MV202502847	2461	58,4	26,829,477	14,198	29,859,095	14,166,491	426,263	1,645,622	7,192,553	13,777,238	7,030,576	65	48,795	44692	271	5,036,305	150	12,993,616	82,389	18,665,940	3,096,548	88	0	Americas	medium	0	4	1
False	obj1688	train	0	36	A. Volkov	Violet Engine 2025	Prime Story	10.09.2025	MV202502848	1858	22,4	1,373,845	21,973	74,570,090	903,064	10,125	1,428,157	270,800	837,085	17,905,843	121	468,231	70001	152	3,600,644	5	33,413,036	37,748	13,544,774	2,157,513	41	0	Americas	large	0	0	0
False	obj1689	train	0	78	T. Kim	Frozen Ledger	Universe Zero	17.06.2025	MV202502849	3382	118,8	32,610,854	129,986	42,327,059	16,702,771	350,308	419,381	4,263,799	9,077,141	8,177,351	36	85,304	28878	141	3,065,326	48	5,590,791	2,819	6,928,462	3,930,096	32	0	Americas	small	3	4	4
False	obj1690	train	0	53	T. Kim	Final Orbit	Standalone	05.04.2025	MV202502851	159	40,3	13,276,744	16,382	65,804,915	10,614,628	111,261	982,670	3,627,697	7,197,149	11,914,574	4	411,110	63729	105	3,743,613	196	38,320,920	56,909	10,473,195	2,415,990	86	1	Americas	small	1	3	1
False	obj1691	train	0	38	C. Wright	Digital Saints 2025	Dark Matter	22.04.2025	MV202502853	3115	25,7	25,412,704	86,260	76,142,310	7,967,345	271,267	127,300	5,304,532	15,691,322	3,633,700	236	426,905	77099	104	5,712,310	190	1,008,855	68,795	23,308,774	1,283,548	52	0	Europe	small	0	4	0
False	obj1692	train	0	33	O. Dubois	Quantum Rain	New Dawn	17.06.2025	MV202502863	1681	115,8	1,549,860	120,667	43,321,098	764,184	24,958	1,944,752	61,091	229,581	8,365,474	320	4,557	26742	101	3,840,846	44	28,862,490	83,568	1,477,740	1,706,830	77	0	Latin America	large	0	0	4
False	obj1693	train	0	31	H. Andersson	Desert Oracle 2025	Chronicles Saga	01.07.2025	MV202502866	706	35,8	4,666,585	49,074	67,384,634	2,331,290	90,310	1,545,326	517,358	1,258,028	1,469,255	371	164,874	91029	79	1,798,482	186	36,583,702	11,546	21,842,811	3,147,283	21	0	Asia-Pacific	large	0	2	0
False	obj1694	train	0	47	W. Stone	Broken Compass 2025	Prime Story	07.05.2025	MV202502867	2525	59,7	10,538,011	9,297	55,310,065	635,340	24,385	802,423	3,139,810	9,619,210	16,205,591	365	214,694	1209	82	4,287,078	83	37,597,706	27,907	10,656,086	629,829	56	1	Americas	small	1	3	2
False	obj1695	train	0	69	O. Dubois	Frozen Ledger	Open Sky	24.11.2025	MV202502870	4230	96,2	8,699,424	38,082	64,676,797	1,817,014	76,545	478,580	1,460,508	5,677,329	11,175,228	302	331,899	17546	217	4,842,547	115	10,603,206	35,636	1,500,345	1,411,954	55	1	Latin America	large	3	3	3
False	obj1696	train	0	79	C. Wright	Feral Harmony	Prime Story	05.03.2025	MV202502881	1928	71,5	3,667,985	75,486	58,212,963	1,684,386	40,881	512,582	449,825	1,107,087	12,171,488	169	219,299	37567	86	3,624,257	153	24,810,807	8,509	10,490,708	1,230,244	73	0	Europe	small	3	1	2
False	obj1697	train	0	37	A. Volkov	Infinite Margin 2025	Universe Zero	14.02.2025	MV202502883	3288	32	10,765,156	650	28,256,568	5,131,092	218,619	1,207,903	2,690,199	9,088,964	16,899,286	87	102,353	71734	18	7,724,617	41	27,187,098	17,131	11,050,602	1,660,750	13	0	Americas	large	0	3	0
False	obj1698	train	0	74	J. Martinez	Blue Static 2025 4	Final Chapter	23.06.2025	MV202502884	4984	35,2	8,755,643	95,308	48,656,761	3,571,060	63,639	1,653,751	879,165	2,977,206	6,968,941	365	313,028	45342	15	4,028,294	5	23,198,210	15,046	7,171,502	2,637,396	20	0	Europe	large	3	3	0
False	obj1699	train	0	60	P. Singh	Ocean of Stars 2025	Final Chapter	26.09.2025	MV202502885	4538	24,9	4,978,365	120,994	22,167,675	3,120,251	127,518	307,929	405,685	997,779	19,016,779	278	39,175	86222	90	2,269,687	79	5,472,583	10,852	25,612,879	273,767	96	0	Latin America	small	2	2	0
False	obj1700	train	0	53	E. Brooks	Stone Butterfly 2025 4	Prime Story	08.03.2025	MV202502886	410	23,3	22,926,211	117,175	65,397,560	4,067,651	114,164	819,233	3,207,660	6,854,069	14,288,365	73	204,617	44215	32	2,682,560	54	11,717,217	50,874	9,678,227	1,321,540	2	0	Americas	small	1	4	0
False	obj1701	train	0	43	V. Popov	Crystal Fault 2025	Legacy Cycle	14.12.2025	MV202502887	1515	16,8	7,512,185	138,083	12,552,344	3,239,279	117,276	1,030,713	1,218,261	1,692,998	2,712,608	93	208,265	58317	215	5,455,549	178	7,594,381	53,073	13,409,282	2,701,296	82	0	Latin America	large	1	3	0
False	obj1702	train	0	84	B. Carter	Hyperion Rise	Standalone	24.10.2025	MV202502888	1557	39,2	2,156,134	174,737	35,314,392	1,239,015	54,093	1,918,199	573,858	1,052,560	18,970,509	437	231,246	10460	151	5,050,494	177	19,823,770	23,871	25,673,576	2,641,450	39	0	Asia-Pacific	large	4	0	1
False	obj1703	train	0	76	Z. Ali	Echo Chamber 2025	Universe Zero	25.08.2025	MV202502889	4001	20,4	8,277,735	75,639	783,089	5,197,259	138,322	68,788	181,977	503,347	3,921,936	103	412,642	18909	224	4,340,422	178	1,515,963	24,762	22,195,950	1,774,393	26	1	Latin America	small	3	3	0
False	obj1704	train	0	76	K. Olsen	White Noise	Final Chapter	30.03.2025	MV202502899	876	87,2	19,680,477	132,473	5,442,688	12,179,112	254,979	443,348	3,364,633	10,053,951	1,868,145	76	324,576	43025	142	1,466,517	67	21,335,808	85,644	25,901,927	3,768,901	2	0	Americas	large	3	4	3
False	obj1705	train	0	88	Y. Tanaka	Parallel Lines 2025	Universe Zero	18.01.2025	MV202502901	1219	67,4	984,973	41,855	15,349,035	495,884	20,812	410,834	122,043	185,981	5,754,785	77	114,369	70743	96	7,776,881	59	34,612,701	18,347	331,371	3,443,924	24	0	Asia-Pacific	medium	4	0	2
False	obj1706	train	0	39	R. Silva	Feral Harmony 2025	Final Chapter	14.09.2025	MV202502903	3052	89,1	7,945,300	143,791	23,410,880	5,487,535	82,217	1,940,428	754,285	2,610,655	17,245,893	200	238,844	10109	6	8,938,906	104	25,861,255	25,910	17,075,722	3,024,145	37	0	Latin America	large	0	3	3
False	obj1707	train	0	64	V. Popov	Velvet Storm 2025	Origin Arc	16.06.2025	MV202502904	4491	93,5	3,238,399	148,578	30,485,721	2,381,706	111,684	1,381,056	427,662	1,631,322	12,845,990	453	66,953	4484	112	411,568	126	45,514,445	16,831	9,501,337	4,381,622	90	1	Latin America	large	2	1	3
False	obj1708	train	0	64	C. Wright	Echo Chamber	New Dawn	10.01.2025	MV202502905	3275	28,9	9,088,365	192,489	52,325,576	471,679	22,741	1,204,239	1,913,031	3,135,152	8,663,693	13	377,605	46448	274	2,293,618	186	28,532,645	57,332	9,786,426	1,077,559	21	1	Europe	small	2	3	0
False	obj1709	train	0	61	B. Carter	Parallel Lines 2025	Open Sky	27.06.2025	MV202502906	3211	111,6	1,808,367	99,471	39,198,991	597,610	16,242	873,299	187,254	604,177	15,073,677	250	387,631	16307	268	8,395,874	156	929,417	76,689	27,170,234	4,308,008	12	0	Asia-Pacific	large	2	0	4
False	obj1710	train	0	37	K. Olsen	Parallel Lines 2025	Origin Arc	02.11.2025	MV202502917	208	30,5	1,624,014	182,498	65,820,097	286,697	13,787	1,626,199	171,016	283,206	18,805,759	189	475,398	51814	224	6,326,565	47	32,884,725	84,847	3,397,872	3,782,849	28	0	Americas	large	0	0	0
False	obj1711	train	0	59	W. Stone	Burning Atlas 2025	New Dawn	29.01.2025	MV202502918	4598	51,4	6,726,714	151,957	51,846,488	2,000,439	97,279	1,625,817	1,526,707	2,485,168	14,573,898	182	309,481	79003	194	2,717,270	12	41,597,819	43,301	3,399,467	1,461,222	79	0	Americas	small	2	2	1
False	obj1712	train	0	80	T. Kim	Arctic Pulse 2025	Dark Matter	13.08.2025	MV202502919	4028	113,8	64,419,442	36,389	47,360,805	6,322,523	119,664	1,089,159	5,568,190	8,686,100	13,668,954	40	216,524	63332	72	6,066,714	24	39,995,203	80,723	18,851,509	1,057,429	89	0	Americas	small	3	4	4
False	obj1713	train	0	63	H. Andersson	Silver Transit 2025	New Dawn	21.01.2025	MV202502920	3636	45,7	5,189,486	68,063	6,365,040	2,258,484	82,865	798,933	1,243,764	1,599,986	19,794,366	242	443,140	57892	167	5,078,404	68	10,989,731	59,078	2,721,297	1,001,804	79	1	Asia-Pacific	large	2	2	1
False	obj1714	train	0	91	D. Rossi	Blue Static	Standalone	13.06.2025	MV202502922	1058	34,5	4,725,526	158,315	53,504,201	1,303,831	55,903	281,013	791,194	1,882,858	13,923,766	222	301,138	58855	84	5,599,011	86	12,794,982	95,860	4,628,582	4,180,830	25	1	Latin America	medium	4	2	0
False	obj1715	train	0	71	J. Martinez	Crimson Archive 2025	Chronicles Saga	10.08.2025	MV202502923	4880	18,8	481,892	5,125	15,544,313	60,049	911	141,372	25,527	98,230	15,655,822	337	470,364	20597	155	5,824,336	11	19,445,962	63,170	17,601,225	2,866,914	64	0	Europe	large	3	0	0
False	obj1716	train	0	83	H. Andersson	Ember Valley 2025 4	Origin Arc	15.08.2025	MV202502924	653	15,8	3,332,596	16,648	51,497,187	768,874	21,604	1,512,156	441,322	592,243	9,577,459	129	293,456	7243	255	8,492,157	166	9,901,020	2,880	3,731,324	2,885,411	86	0	Asia-Pacific	large	4	1	0
False	obj1717	train	0	70	N. Fischer	Ember Valley 2025 3	Dark Matter	19.09.2025	MV202502936	1352	41,3	4,548,595	112,059	37,299,319	852,447	38,677	459,247	128,065	161,391	8,911,291	101	426,767	21314	149	4,656,963	159	14,861,543	15,040	28,352,506	1,770,585	96	0	Europe	small	3	2	1
False	obj1718	train	0	36	E. Brooks	Blue Static	New Dawn	19.07.2025	MV202502941	1240	21	13,894,456	9,425	4,297,127	4,003,970	60,904	1,326,228	4,014,349	14,704,205	9,659,354	364	75,789	59928	229	3,095,863	76	34,382,290	88,742	4,165,080	2,004,203	24	0	Americas	small	0	4	0
False	obj1719	train	0	88	L. Nakamura	Glass Reactor 2025	Dark Matter	01.08.2025	MV202502942	643	25,6	20,531,993	54,273	51,998,586	3,025,306	86,705	562,632	3,177,005	7,827,793	6,561,372	84	202,825	94547	107	4,171,361	110	18,873,513	73,714	7,152,412	4,383,048	6	0	Americas	small	4	4	0
False	obj1720	train	0	45	P. Singh	Nova Protocol 2025	Open Sky	26.08.2025	MV202502943	4910	75,4	2,077,514	95,781	35,341,243	1,402,547	37,916	336,042	554,844	1,212,670	11,841,289	428	239,303	62103	58	822,151	97	8,618,215	91,868	21,232,776	2,504,788	23	1	Latin America	small	1	0	2
False	obj1721	train	0	77	I. Hassan	Silver Transit 2025	Standalone	02.07.2025	MV202502955	2811	38,1	15,063,035	57,509	59,658,548	6,670,213	249,773	258,371	1,304,257	4,172,578	9,758,344	277	144,497	5406	299	7,938,749	133	16,853,563	1,625	19,196,295	960,069	19	1	Americas	large	3	4	1
False	obj1722	train	0	71	L. Nakamura	Hyperion Rise 2025	Chronicles Saga	08.10.2025	MV202502956	4577	50,7	8,943,536	152,046	632,147	3,034,433	56,394	275,913	2,648,650	4,419,675	13,077,168	184	65,006	27507	282	7,138,072	99	16,114,596	39,570	21,529,928	4,762,725	22	1	Americas	small	3	3	1
False	obj1723	train	0	72	C. Wright	Ghost Frequency	New Dawn	21.10.2025	MV202502957	330	100,2	2,167,796	608	72,973,267	730,634	25,703	114,028	447,503	1,205,395	15,888,381	385	446,075	19157	203	6,794,650	77	38,145,962	39,161	944,167	4,608,839	96	0	Europe	small	3	0	4
False	obj1724	train	0	76	M. Chen	Winter Echo 2025 3	Open Sky	04.08.2025	MV202502959	424	36,6	4,821,423	161,990	69,342,904	2,112,328	63,512	1,067,556	1,059,049	3,132,081	8,642,209	215	382,209	19670	223	9,697,017	181	29,325,554	68,061	1,279,377	3,501,228	10	0	Asia-Pacific	large	3	2	0
False	obj1725	train	0	45	R. Silva	Violet Engine	Origin Arc	18.06.2025	MV202502960	4839	106,7	3,641,280	68,151	64,086,110	226,507	4,777	783,021	44,034	174,874	5,908,006	336	273,080	11700	83	3,806,078	160	14,697,841	116	29,753,900	2,504,102	51	1	Latin America	large	1	1	4
False	obj1726	train	0	66	R. Silva	Velvet Storm 2025	Universe Zero	26.07.2025	MV202502961	2448	44,7	3,080,425	40,420	45,982,539	1,223,145	31,603	631,525	459,238	1,664,784	12,655,801	82	47,038	80350	52	8,956,317	62	6,269,831	21,964	14,256,127	87,196	44	0	Latin America	large	2	1	1
False	obj1727	train	0	52	J. Martinez	Broken Compass	Origin Arc	17.07.2025	MV202502926	1694	117,8	3,619,704	75,392	33,891,101	2,430,292	47,941	1,132,922	482,822	1,448,885	56,793	223	479,421	14447	96	1,658,948	59	34,700,336	86,030	21,288,201	663,629	85	1	Europe	large	1	1	4
False	obj1728	train	0	88	Y. Tanaka	Iron Garden 2025	Legacy Cycle	12.02.2025	MV202502934	3785	34,8	657,308	58,623	12,283,800	65,565	2,799	1,423,396	7,625	25,261	18,166,673	217	377,246	93434	196	9,576,914	59	35,031,945	7,343	20,942,315	4,027,614	79	1	Asia-Pacific	medium	4	0	0
False	obj1729	train	0	50	E. Brooks	Northern Code 2025	Universe Zero	14.07.2025	MV202502944	118	32,2	1,084,317	135,485	42,064,842	549,355	10,728	901,699	154,392	314,127	19,797,865	146	390,980	81140	263	4,259,929	59	112,684	50,280	7,639,344	1,969,730	43	1	Americas	small	1	0	0
False	obj1730	train	0	77	R. Silva	Final Orbit	Universe Zero	09.04.2025	MV202502945	2334	108,3	17,241,556	141,747	22,353,630	3,548,163	53,298	909,895	3,721,749	12,548,747	3,413,339	111	461,842	81622	56	77,643	55	46,262,599	596	10,034,259	324,302	73	0	Latin America	large	3	4	4
False	obj1731	train	0	36	A. Volkov	Paper Kingdom 2025 2	Chronicles Saga	24.03.2025	MV202502947	4492	114	808,489	70,724	68,281,129	349,048	3,977	1,465,318	174,379	686,104	11,992,195	363	466,225	39094	140	2,967,224	10	18,203,571	18,805	17,617,265	3,723,319	77	1	Americas	large	0	0	4
False	obj1732	train	0	90	C. Wright	Infinite Margin	New Dawn	21.09.2025	MV202502948	4146	112,8	4,959,921	52,180	78,309,302	1,484,693	43,404	1,732,023	476,336	615,458	12,735,983	194	99,323	25279	2	2,718,187	57	8,921,960	26,241	14,356,668	2,108,214	29	1	Europe	small	4	2	4
False	obj1733	train	0	52	E. Brooks	Arctic Pulse 2025	New Dawn	19.05.2025	MV202502952	2602	44,5	22,907,101	194,769	37,588,215	12,217,759	250,369	1,933,676	1,635,767	3,013,512	5,962,388	397	35,456	77109	151	9,912,928	148	18,145,791	64,406	27,960,300	3,938,793	93	0	Americas	small	1	4	1
False	obj1734	train	0	84	S. Patel	Glass Reactor	Prime Story	01.05.2025	MV202502962	4115	63,5	1,046,179	3,927	41,129,070	621,957	30,378	1,790,864	250,382	958,110	15,530,899	337	280,259	80166	92	7,354,003	192	48,895,762	13,780	10,742,249	2,741,547	72	1	Europe	large	4	0	2
False	obj1735	train	0	91	H. Andersson	Infinite Margin	New Dawn	28.09.2025	MV202502963	4970	22,7	54,330,512	41,186	22,821,622	21,928,073	350,133	1,072,682	1,408,554	4,092,241	14,411,590	40	73,313	19001	144	7,737,156	116	15,021,535	67,800	6,875,842	1,730,773	70	0	Asia-Pacific	large	4	4	0
False	obj1736	train	0	58	S. Patel	Infinite Margin	Chronicles Saga	09.09.2025	MV202502964	1384	28,9	3,159,110	192,382	25,354,491	1,134,245	53,801	529,854	245,845	780,528	12,786,606	288	139,178	46488	148	5,622,686	88	1,487,586	12,748	22,830,589	2,856,079	53	0	Europe	large	2	1	0
False	obj1737	train	0	48	D. Rossi	Deep Current 2025	Open Sky	11.12.2025	MV202502965	396	72,8	3,736,163	17,259	50,890,377	509,769	12,676	57,934	37,545	101,946	15,960,397	372	391,357	99610	48	8,036,662	34	28,688,576	30,044	4,812,272	3,849,290	52	0	Latin America	medium	1	1	2
False	obj1738	train	0	42	R. Silva	Paper Kingdom	Universe Zero	26.11.2025	MV202502969	4974	100,2	1,983,243	89,131	13,790,362	1,376,235	15,009	1,910,805	224,574	414,710	16,786,902	387	492,884	59913	153	9,838,156	14	38,835,498	64,386	11,413,263	4,223,933	6	1	Latin America	large	0	0	4
False	obj1739	train	0	51	I. Hassan	Paper Kingdom	Standalone	09.07.2025	MV202502970	834	75,7	2,978,922	173,617	37,864,731	1,981,167	73,686	436,223	445,551	795,498	9,467,513	442	453,910	62226	199	7,247,541	173	13,940,232	84,855	9,551,790	3,870,677	2	0	Americas	large	1	1	2
False	obj1740	train	0	65	P. Singh	Blue Static	Standalone	11.10.2025	MV202502981	3311	79,6	3,771,595	161,894	40,137,066	2,132,751	46,614	35,826	796,771	1,767,443	3,624,986	187	74,552	31315	117	559,743	97	8,916,739	50,306	15,248,366	1,157,256	29	0	Latin America	small	2	1	3
False	obj1741	train	0	69	D. Rossi	Neon Horizon 2025	Legacy Cycle	31.08.2025	MV202502982	3286	58,1	35,204,633	131,974	72,377,109	11,313,971	250,195	1,923,672	880,878	2,323,839	18,850,512	114	116,349	1469	143	4,354,893	196	20,117,794	10,512	1,654,052	1,656,352	0	0	Latin America	medium	3	4	1
False	obj1742	train	0	37	I. Hassan	Lunar Cartography 2025	Open Sky	24.02.2025	MV202502983	3584	87,5	9,443,242	177,532	51,749,158	6,746,715	167,968	1,944,864	296,744	762,618	8,841,664	16	127,338	32006	3	893,412	35	38,670,743	65,320	10,049,064	4,982,546	40	1	Americas	large	0	3	3
False	obj1743	train	0	79	Y. Tanaka	Carbon Dreams 2025	Universe Zero	07.04.2025	MV202502986	2611	118,5	563,947	181,724	5,135,058	449,843	16,387	1,883,769	79,832	272,539	14,395,391	48	40,188	73625	239	9,076,052	139	19,783,889	81,879	21,461,144	949,532	87	0	Asia-Pacific	medium	3	0	4
False	obj1744	train	0	33	O. Dubois	Stone Butterfly 2025	Universe Zero	24.01.2025	MV202502988	2092	58,5	17,200,945	43,010	16,634,104	9,766,869	433,771	897,345	2,929,182	8,518,831	9,236,978	496	369,671	71148	229	7,274,150	52	19,790,775	69,848	11,845,646	4,566,279	71	0	Latin America	large	0	4	1
False	obj1745	train	0	64	S. Patel	Digital Saints 2025 3	Legacy Cycle	16.08.2025	MV202503001	2560	101,7	8,718,452	128,537	77,640,543	2,820,337	102,699	158,239	2,168,592	7,657,155	15,187,392	54	196,115	50348	158	8,792,026	89	22,885,643	14,298	5,519,372	2,577,716	48	0	Europe	large	2	3	4
False	obj1746	train	0	78	G. Murphy	Nova Protocol 2025	New Dawn	02.03.2025	MV202503003	572	32,5	3,975,813	76,085	15,864,068	2,358,158	33,277	1,004,612	255,411	764,473	2,085,192	430	297,957	56390	239	6,857,810	102	16,237,766	38,353	13,667,268	182,583	45	1	Europe	medium	3	1	0
False	obj1747	train	0	35	W. Stone	Hollow Crown	Legacy Cycle	16.09.2025	MV202503011	3165	78	4,219,098	189,490	10,697,867	1,029,172	12,597	852,700	85,399	273,331	4,237,420	201	14,386	90184	11	9,126,825	68	46,743,240	91,042	21,812,763	4,637,925	26	1	Americas	small	0	2	2
False	obj1748	train	0	45	F. Nguyen	Shadow Circuit 2025	New Dawn	27.09.2025	MV202503013	2735	71,4	21,967,764	26,979	61,006,704	3,047,713	150,040	1,585,260	4,023,054	11,938,127	5,625,647	429	420,082	26554	275	9,865,506	50	44,517,911	98,303	15,025,494	1,914,541	8	0	Asia-Pacific	large	1	4	2
False	obj1749	train	0	45	G. Murphy	Electric Mirage 2	Legacy Cycle	02.09.2025	MV202503015	1539	56,1	6,381,576	92,620	35,824,270	1,631,905	38,803	1,366,666	1,170,563	4,586,339	10,001,788	240	449,262	56845	134	8,450,030	5	43,245,006	80,526	20,156,114	2,320,107	38	0	Europe	medium	1	2	1
False	obj1750	train	0	45	D. Rossi	Lunar Cartography 2025	Standalone	20.05.2025	MV202503026	4908	25,4	3,425,198	100,456	13,829,101	2,392,491	113,359	1,645,907	996,030	1,287,835	17,322,594	73	18,579	1928	60	7,934,290	1	34,716,802	97,174	23,898,832	1,411,097	61	0	Latin America	medium	1	1	0
False	obj1751	train	0	34	E. Brooks	Final Orbit 2025	Legacy Cycle	20.01.2025	MV202503027	2578	76,8	29,593,024	64,405	44,256,600	18,698,849	269,546	235,954	8,600,983	16,124,751	19,861,632	415	259,392	4713	48	1,608,954	88	38,782,009	47,892	12,288,917	1,330,381	90	0	Americas	small	0	4	2
False	obj1752	train	0	57	Y. Tanaka	Iron Garden 2025	Universe Zero	05.08.2025	MV202503030	3957	86,9	3,279,653	129,911	26,782,045	2,342,984	63,798	1,648,348	595,068	1,575,420	7,970,042	243	36,174	28206	179	6,051,779	56	19,531,345	56,918	4,939,233	1,245,991	45	0	Asia-Pacific	medium	2	1	3
False	obj1753	train	0	81	Z. Ali	Paper Kingdom 2025	New Dawn	08.01.2025	MV202503031	1177	40,6	903,022	119,071	65,315,355	226,502	4,158	1,460,246	161,527	608,410	10,030,627	191	106,363	9010	42	54,801	50	36,993,544	78,914	4,771,921	2,108,553	30	1	Latin America	small	3	0	1
False	obj1754	train	0	60	C. Wright	Hyperion Rise 2025	Dark Matter	29.04.2025	MV202503044	2210	22,2	2,297,104	92,010	3,649,631	289,579	4,974	55,345	244,573	828,325	10,949,101	480	237,773	26593	123	6,421,235	57	34,743,011	93,834	1,810,257	1,436,837	64	0	Europe	small	2	1	0
False	obj1755	train	0	68	A. Volkov	Arctic Pulse 2025	Universe Zero	22.08.2025	MV202503047	4972	89	20,397,221	130,607	18,561,097	15,579,711	637,160	371,021	4,476,101	17,824,923	8,235,312	417	458,691	17365	144	4,019,334	99	11,143,095	21,444	5,023,884	2,865,023	63	1	Americas	large	2	4	3
False	obj1756	train	0	71	M. Chen	Paper Kingdom 2025 2	Standalone	25.03.2025	MV202503049	1456	69,8	4,251,829	80,828	34,626,570	737,402	24,219	429,739	1,115,067	2,265,448	3,608,721	169	358,564	65819	117	291,207	18	18,482,208	35,443	11,950,882	35,170	17	0	Asia-Pacific	large	3	2	2
False	obj1757	train	0	39	W. Stone	Paper Kingdom	Prime Story	25.04.2025	MV202503050	762	68,9	59,531,521	168,955	29,956,274	44,399,003	1,876,869	1,436,513	7,851,823	17,991,313	7,839,544	435	268,777	77593	137	652,505	89	48,352,503	35,805	5,032,435	349,323	26	0	Americas	small	0	4	2
False	obj1758	train	0	74	Q. Jensen	Desert Oracle 2025	Open Sky	02.04.2025	MV202502972	1857	64,2	1,377,983	188,355	10,285,587	983,952	13,260	268,554	296,937	630,259	17,076,491	25	469,060	54519	220	8,242,816	156	25,303,841	69,130	17,310,675	3,967,226	61	0	Americas	medium	3	0	2
False	obj1759	train	0	89	L. Nakamura	Binary Sunset 2025	Final Chapter	06.09.2025	MV202502973	2423	104,4	5,308,318	64,788	69,410,056	2,318,378	41,194	1,368,711	700,288	909,075	2,339,295	319	55,078	48298	132	9,865,220	154	31,050,657	58,930	7,968,804	3,137,375	72	0	Americas	small	4	2	4
False	obj1760	train	0	61	N. Fischer	Carbon Dreams	Final Chapter	06.02.2025	MV202502975	2648	101	1,218,565	34,015	69,608,355	515,919	15,120	698,632	15,854	47,091	19,633,933	301	7,493	22482	87	7,474,101	144	29,325,495	88,766	8,664,420	2,840,832	25	1	Europe	small	2	0	4
False	obj1761	train	0	45	V. Popov	Stone Butterfly 2025	Prime Story	13.03.2025	MV202502976	4938	87,7	3,539,484	146,678	79,633,984	2,515,362	114,047	1,555,859	40,848	84,989	12,154,838	80	146,257	5031	189	955,793	195	26,976,462	81,727	4,634,693	146,122	21	0	Latin America	large	1	1	3
False	obj1762	train	0	37	C. Wright	Lunar Cartography 2025	New Dawn	31.05.2025	MV202502977	4098	72,6	8,090,154	62,585	6,855,769	4,307,244	84,621	1,443,909	1,797,382	5,142,715	17,392,433	217	93,193	21864	23	1,115,134	31	27,916,613	64,288	22,719,587	2,597,327	50	0	Europe	small	0	3	2
False	obj1763	train	0	94	J. Martinez	Kinetic Prayer 2025	Dark Matter	15.09.2025	MV202502979	4331	105,4	2,684,670	126,851	8,514,588	808,680	33,676	1,163,921	403,702	1,269,225	3,517,252	312	495,914	947	224	1,578,032	75	35,426,152	78,362	28,931,031	2,254,155	61	0	Europe	large	4	1	4
False	obj1764	train	0	90	H. Andersson	City of Glass	Final Chapter	27.05.2025	MV202502989	1461	94,8	766,348	85,012	72,612,354	238,141	7,825	1,950,590	103,830	182,598	12,904,289	52	103,993	6364	212	6,767,200	113	31,293,034	39,521	4,843,462	2,858,908	59	0	Asia-Pacific	large	4	0	3
False	obj1765	train	0	40	Z. Ali	Deep Current 2025	Open Sky	06.08.2025	MV202502991	339	22,4	6,014,046	86,242	78,353,386	1,373,268	43,434	1,554,021	780,277	966,506	7,881,517	158	54,370	50439	3	7,212,647	18	47,396,890	97,961	27,039,123	1,179,574	86	0	Latin America	small	0	2	0
False	obj1766	train	0	69	K. Olsen	Golden Ratio 2025	Chronicles Saga	04.06.2025	MV202502993	2525	90,4	2,131,088	187,510	50,536,388	908,633	34,128	1,551,127	626,629	1,747,669	18,203,931	327	315,671	21063	86	7,550,817	69	7,637,507	89,588	29,636,013	4,002,832	43	0	Americas	large	3	0	3
False	obj1767	train	0	80	O. Dubois	Midnight Cartel	Open Sky	08.02.2025	MV202502995	3197	74	1,739,370	37,324	67,073,664	1,365,701	62,957	153,475	499,380	1,151,301	15,281,479	291	92,664	39346	240	7,929,290	47	21,898,602	46,552	3,664,212	432,979	2	0	Latin America	large	3	0	2
False	obj1768	train	0	50	Z. Ali	Ghost Frequency	Final Chapter	26.02.2025	MV202502996	352	107,5	2,475,062	9,345	73,551,069	1,774,051	53,909	1,506,552	572,340	1,169,344	14,740,938	314	323,649	86494	272	981,792	5	7,728,948	90,137	17,568,525	1,032,294	39	0	Latin America	small	1	1	4
False	obj1769	train	0	71	F. Nguyen	Solar Drift 2025	Dark Matter	20.08.2025	MV202502997	4612	92,8	2,112,669	108,818	43,020,294	1,685,527	21,491	210,324	171,085	308,863	16,437,333	416	420,617	65815	188	6,736,402	14	46,323,912	15,957	2,451,595	4,299,875	38	0	Asia-Pacific	large	3	0	3
False	obj1770	train	0	86	N. Fischer	Obsidian Heart 2025	Open Sky	27.05.2025	MV202503017	4244	46,5	92,362,331	165,601	9,063,320	60,028,030	1,598,537	482,223	5,356,595	18,215,995	5,643,946	382	463,754	14817	64	922,643	58	25,496,248	84,574	21,228,514	4,725,753	24	1	Europe	small	4	4	1
False	obj1771	train	0	89	D. Rossi	Parallel Lines 2	Chronicles Saga	29.05.2025	MV202503019	2500	54,9	5,056,144	117,270	32,994,187	526,625	21,707	869,526	551,344	1,205,922	14,687,125	493	42,379	28605	207	955,858	10	41,607,877	87,552	27,353,299	1,071,298	90	1	Latin America	medium	4	2	1
False	obj1772	train	0	38	L. Nakamura	Electric Mirage 2025	Legacy Cycle	05.06.2025	MV202503020	2001	61,1	10,343,795	29,958	75,715,947	2,354,622	41,896	1,199,450	1,118,145	3,003,450	19,491,053	171	22,292	86417	219	9,615,654	85	18,237,840	53,984	25,348,467	849,817	40	0	Americas	small	0	3	2
False	obj1773	train	0	31	I. Hassan	Red Meridian	Standalone	25.07.2025	MV202503023	1688	86	3,698,285	107,993	70,846,133	1,600,182	53,093	1,506,203	123,035	160,827	5,456,759	4	487,494	19512	34	4,761,295	92	3,483,999	82,082	20,557,877	3,076,169	27	1	Americas	large	0	1	3
False	obj1774	train	0	49	N. Fischer	Ghost Frequency 4	Chronicles Saga	02.08.2025	MV202503034	2521	83,3	4,005,448	192,188	32,118,092	317,126	6,424	1,212,683	801,876	3,134,909	14,182,375	196	16,744	39134	49	4,727,635	11	12,314,912	52,532	29,190,219	4,789,323	8	1	Europe	small	1	1	3
False	obj1775	train	0	40	M. Chen	Lunar Cartography 2025	Dark Matter	26.04.2025	MV202503037	2642	96,7	1,903,995	40,266	16,214,787	843,415	15,626	751,935	199,886	602,239	10,097,618	93	204,189	53407	278	8,175,781	2	31,634,368	50,114	10,659,556	4,275,654	16	0	Asia-Pacific	large	0	0	3
False	obj1776	train	0	87	D. Rossi	Nova Protocol	Final Chapter	16.03.2025	MV202503038	2445	29,6	5,138,056	28,382	74,641,555	2,182,882	84,686	679,087	606,005	1,613,700	8,695,807	53	16,034	80757	1	7,820,644	125	23,490,127	73,407	5,035,052	1,193,432	60	1	Latin America	medium	4	2	0
False	obj1777	train	0	78	J. Martinez	Glass Reactor 2025	Standalone	25.09.2025	MV202503040	1623	20,4	1,375,570	157,857	30,852,900	313,077	10,092	1,448,452	338,608	1,295,046	19,370,382	229	48,959	14639	137	5,732,273	183	1,816,409	63,743	14,002,108	4,871,035	2	0	Europe	large	3	0	0
False	obj1778	train	0	85	I. Hassan	Red Meridian	Origin Arc	16.05.2025	MV202503054	1720	54,2	5,332,616	117,136	31,252,590	655,031	7,845	1,899,822	844,652	2,584,077	3,839,968	363	79,993	80952	172	9,020,891	113	824,967	46,532	3,020,874	626,910	50	0	Americas	large	4	2	1
False	obj1779	train	0	56	Y. Tanaka	Silver Transit 2025	Universe Zero	29.11.2025	MV202503055	2701	54	3,127,200	181,558	22,723,751	2,409,249	63,897	915,182	772,885	1,740,926	7,665,267	299	50,337	17615	240	5,449,466	66	25,875,854	67,388	28,777,527	1,246,739	31	0	Asia-Pacific	medium	2	1	1
False	obj1780	train	0	75	S. Patel	Northern Code 2025	Chronicles Saga	22.07.2025	MV202503056	475	88,2	1,598,464	146,084	67,691,415	684,469	16,532	1,718,502	471,683	1,310,475	8,924,682	413	486,989	40146	153	3,474,552	77	48,531,416	24,030	2,632,517	3,705,071	68	1	Europe	large	3	0	3
False	obj1781	train	0	43	I. Hassan	Ghost Frequency 2025	Final Chapter	03.12.2025	MV202503057	573	46,7	3,445,518	179,566	19,131,694	1,344,435	17,688	485,792	213,254	334,244	5,002,616	399	308,310	90290	67	7,316,249	90	39,480,802	42,971	7,815,090	3,351,096	66	0	Americas	large	1	1	1
False	obj1782	train	0	63	Q. Jensen	Velvet Storm 2025	New Dawn	12.05.2025	MV202503059	3701	24	16,282,011	141,943	78,436,722	1,141,697	15,494	338,312	4,552,719	9,448,405	8,253,070	90	258,315	87059	107	2,195,616	9	43,992,511	40,777	5,842,025	2,662,752	0	0	Americas	medium	2	4	0
False	obj1783	train	0	47	M. Chen	Solar Drift 2025 2	Prime Story	25.12.2025	MV202503060	1861	71,8	1,857,789	137,995	49,881,442	1,198,616	16,597	399,121	170,168	345,603	1,036,690	89	479,580	33372	16	4,060,785	169	27,828,902	92,945	14,187,816	697,511	21	0	Asia-Pacific	large	1	0	2
False	obj1784	train	0	81	P. Singh	Ocean of Stars	Origin Arc	16.10.2025	MV202503072	2395	95,3	1,117,950	117,230	79,222,213	563,900	13,991	352,042	58,303	205,887	15,929,743	45	362,476	13487	263	7,430,602	60	8,902,735	80,780	13,750,675	3,292,602	36	1	Latin America	small	3	0	3
False	obj1785	train	0	56	Q. Jensen	Blue Static 2025	Final Chapter	10.10.2025	MV202503073	596	38,1	13,499,481	173,733	32,540,232	6,641,791	187,915	813,384	1,709,239	5,982,481	14,214,576	168	27,578	94892	96	7,627,673	171	22,917,373	29,904	4,018,220	4,820,924	13	0	Americas	medium	2	4	1
False	obj1786	train	0	78	A. Volkov	Kinetic Prayer 2025	Final Chapter	15.03.2025	MV202503077	1919	95,1	17,038,083	167,134	45,470,482	8,744,471	416,123	1,627,879	3,207,106	9,825,441	11,898,599	13	321,513	10102	298	3,719,928	175	43,876,852	29,650	18,358,506	752,454	78	0	Americas	large	3	4	3
False	obj1787	train	0	39	Y. Tanaka	Obsidian Heart	Prime Story	14.10.2025	MV202503089	514	50,3	29,807,415	136,043	63,689,053	19,783,274	700,433	588,655	6,234,556	23,536,290	15,932,224	424	437,496	35543	284	5,550,725	8	19,467,084	15,722	14,641,245	429,252	15	1	Asia-Pacific	medium	0	4	1
False	obj1788	train	0	32	E. Brooks	Parallel Lines	New Dawn	27.12.2025	MV202503090	3269	88,9	47,967,751	174,803	29,587,862	3,529,573	76,314	188,407	14,072,350	23,930,831	15,234,159	168	224,006	78307	265	9,821,059	154	32,264,810	8,474	14,721,172	148,767	18	0	Americas	small	0	4	3
False	obj1789	train	0	64	V. Popov	Crystal Fault 2025	Legacy Cycle	06.07.2025	MV202503091	1400	27,7	5,018,421	131,195	4,412,454	3,007,732	36,820	450,899	928,032	3,316,898	1,243,199	13	82,406	98360	199	1,328,307	103	22,565,890	99,038	29,048,359	4,884,719	32	0	Latin America	large	2	2	0
False	obj1790	train	0	58	A. Volkov	Final Orbit 2025	Open Sky	24.12.2025	MV202503092	2385	114,1	5,129,721	152,583	57,643,962	1,890,382	27,456	851,308	1,353,145	2,173,730	9,142,875	261	82,232	45045	74	7,430,101	78	4,966,352	19,484	25,200,643	4,550,854	60	0	Americas	large	2	2	4
False	obj1791	train	0	45	F. Nguyen	Golden Ratio 3	Open Sky	04.07.2025	MV202503093	2436	42,2	2,087,624	122,707	44,456,894	474,803	13,019	1,376,905	75,598	178,596	5,656,941	305	106,706	81079	21	3,663,589	11	8,585,810	27,650	29,499,046	2,630,632	23	0	Asia-Pacific	large	1	0	1
False	obj1792	train	0	63	D. Rossi	Nova Protocol 2025 3	Universe Zero	30.03.2025	MV202503094	2236	118,5	861,909	35,454	25,807,403	321,781	7,272	1,152,774	103,123	193,412	6,827,469	77	290,284	53020	64	9,043,536	165	16,485,820	84,459	18,918,043	4,440,220	44	0	Latin America	medium	2	0	4
False	obj1793	train	0	90	B. Carter	Ember Valley	New Dawn	13.05.2025	MV202503095	3459	70,2	2,121,488	18,243	5,398,458	427,371	8,145	442,316	607,297	1,102,146	7,441,152	203	284,173	67489	84	6,737,272	84	28,005,817	76,830	3,717,986	1,381,182	0	0	Asia-Pacific	large	4	0	2
False	obj1794	train	0	60	S. Patel	Neon Horizon 2025	Universe Zero	14.11.2025	MV202503096	3591	96	3,328,155	128,013	47,170,405	1,220,061	17,484	1,568,094	382,893	1,154,137	10,926,838	373	335,344	60318	287	7,179,551	62	18,960,370	32,555	19,874,345	3,069,615	72	0	Europe	large	2	1	3
False	obj1795	train	0	53	Q. Jensen	Desert Oracle 2025	Standalone	08.06.2025	MV202503106	3855	75,9	714,186	13,190	39,618,891	440,161	18,482	1,332,707	199,936	288,028	8,079,152	14	52,207	74262	177	8,904,984	148	20,216,779	60,959	8,355,957	2,304,171	16	0	Americas	medium	1	0	2
False	obj1796	train	0	54	D. Rossi	Jade Frequency 4	Universe Zero	27.05.2025	MV202503109	3896	97,6	8,188,078	18,119	61,998,615	2,791,643	45,413	604,153	775,848	3,087,186	7,729,485	423	427,362	23102	148	4,713,245	42	3,306,391	74,149	10,263,213	2,843,340	93	0	Latin America	medium	1	3	3
False	obj1797	train	0	40	B. Carter	Shadow Circuit 2025	Final Chapter	26.03.2025	MV202503110	506	108,1	1,849,216	180,331	18,361,880	1,453,491	57,796	340,053	228,960	280,215	4,408,919	497	7,920	53315	178	7,801,640	123	29,461,541	79,586	27,406,143	2,428,914	28	0	Asia-Pacific	large	0	0	4
False	obj1798	train	0	92	O. Dubois	Lunar Cartography 2025	Open Sky	19.11.2025	MV202503113	3348	99,5	11,046,364	126,428	69,274,952	8,099,351	262,091	1,066,238	2,817,166	11,093,800	1,492,498	106	136,777	28930	71	7,430,487	95	4,003,097	75,172	8,970,872	2,823,943	34	0	Latin America	large	4	3	3
False	obj1799	train	0	60	B. Carter	Final Orbit 2025	Chronicles Saga	27.12.2025	MV202503114	1598	113,5	5,375,190	183,345	61,081,393	1,998,246	64,305	1,659,279	300,887	992,999	19,606,851	3	5,596	11586	100	5,241,857	151	5,604,139	60,089	2,897,557	3,924,583	41	0	Asia-Pacific	large	2	2	4
False	obj1800	train	0	88	F. Nguyen	Hollow Crown 2025	New Dawn	13.12.2025	MV202503065	2095	32,8	2,480,956	177,832	63,516,397	1,674,557	75,920	594,603	203,125	763,672	8,702,598	483	370,616	60671	217	82,575	38	6,289,690	37,546	26,837,578	378,901	80	0	Asia-Pacific	large	4	1	0
False	obj1801	train	0	46	T. Kim	Broken Compass 2025	Universe Zero	10.10.2025	MV202503066	969	26,9	36,974,807	76,320	68,229,057	3,227,464	134,348	87,254	7,985,189	30,542,270	9,743,391	298	359,367	83481	234	3,531,337	38	14,293,174	48,866	11,925,725	4,125,224	22	0	Americas	small	1	4	0
False	obj1802	train	0	47	K. Olsen	Violet Engine	Legacy Cycle	09.05.2025	MV202503067	3298	70,3	2,664,997	29,162	21,394,115	1,409,319	57,555	1,943,635	181,209	715,542	15,889,119	9	49,323	59515	172	2,055,052	94	32,487,360	67,513	19,511,523	3,140,048	75	0	Americas	large	1	1	2
False	obj1803	train	0	65	A. Volkov	Velvet Storm 2025	Chronicles Saga	09.11.2025	MV202503068	1931	93	11,878,657	158,527	62,325,348	3,925,973	156,472	1,437,877	898,397	1,973,985	6,988,643	346	461,815	5578	78	3,370,669	11	39,885,472	66,322	19,548,033	1,091,667	75	1	Americas	large	2	3	3
False	obj1804	train	0	94	G. Murphy	Hyperion Rise 2025 4	Standalone	24.12.2025	MV202503082	984	63,3	876,391	12,281	6,021,871	360,118	7,966	398,320	97,935	200,717	11,699,026	209	105,905	15339	150	5,437,709	22	7,608,054	74,094	12,115,120	3,832,142	4	1	Europe	medium	4	0	2
False	obj1805	train	0	65	G. Murphy	Violet Engine 2025	New Dawn	03.01.2025	MV202503083	930	55	7,276,749	155,530	64,045,464	3,694,365	40,086	1,747,897	1,326,039	2,473,016	7,388,519	446	131,025	25798	122	4,984,026	188	35,490,487	60,046	3,733,444	4,695,845	29	0	Europe	medium	2	3	1
False	obj1806	train	0	68	R. Silva	Deep Current	Standalone	10.04.2025	MV202503084	1779	40,7	5,304,362	115,765	56,713,381	2,764,073	90,586	594,432	398,994	957,465	4,703,565	107	43,855	40264	3	5,821,688	163	7,799,036	36,211	29,809,183	3,201,927	75	1	Latin America	large	2	2	1
False	obj1807	train	0	69	B. Carter	Midnight Cartel 2025	Legacy Cycle	13.07.2025	MV202503085	4115	110,1	6,341,578	131,239	27,328,749	1,461,868	37,469	513,612	1,465,422	5,251,275	12,609,790	288	56,670	61263	128	9,952,299	139	8,919,873	18,039	2,961,734	1,109,176	96	1	Asia-Pacific	large	3	2	4
False	obj1808	train	0	79	R. Silva	Neon Horizon 2025	Open Sky	29.05.2025	MV202503086	4288	51,3	4,248,611	51,375	44,038,988	2,429,650	57,559	210,597	252,718	964,635	4,529,699	336	120,734	96983	194	1,014,801	113	47,606,747	45,972	13,118,816	2,115,543	64	0	Latin America	large	3	2	1
False	obj1809	train	0	38	H. Andersson	City of Glass 2025	Universe Zero	09.05.2025	MV202503097	2257	48,7	1,678,861	127,868	68,217,450	120,239	4,169	73,026	391,198	1,253,963	15,997,957	258	388,766	87673	54	625,837	82	7,198,176	58,200	29,000,137	4,428,317	2	0	Asia-Pacific	large	0	0	1
False	obj1810	train	0	56	M. Chen	Infinite Margin 2025	Chronicles Saga	09.04.2025	MV202503098	2873	101,7	9,857,027	33,830	72,586,299	4,040,019	99,315	827,394	586,607	1,102,050	1,184,938	456	115,028	84868	284	1,178,346	35	40,891,608	88,198	2,293,890	4,258,353	48	0	Asia-Pacific	large	2	3	4
False	obj1811	train	0	49	I. Hassan	Desert Oracle	Legacy Cycle	12.06.2025	MV202503100	2284	87,6	9,135,569	22,941	35,170,651	5,840,823	86,845	828,701	2,130,675	3,713,134	19,592,378	46	165,075	51778	2	7,701,073	55	49,177,368	88,179	24,575,853	1,078,319	48	0	Americas	large	1	3	3
False	obj1812	train	0	67	G. Murphy	Feral Harmony	Chronicles Saga	07.01.2025	MV202503116	2930	63,6	59,759,024	14,761	68,826,305	3,581,212	87,896	1,776,714	12,596,057	44,169,399	4,834,875	15	128,938	33620	96	3,622,501	4	41,889,783	82,427	6,994,340	2,176,868	30	1	Europe	medium	2	4	2
False	obj1813	train	0	65	H. Andersson	Digital Saints 2025 2	Universe Zero	01.06.2025	MV202503117	3460	19,3	1,111,429	53,589	78,742,340	585,572	29,054	1,415,380	116,190	238,303	13,532,283	110	362,524	84722	10	7,751,251	72	28,371,735	28,587	4,703,862	4,040,017	83	0	Asia-Pacific	large	2	0	0
False	obj1814	train	0	51	Y. Tanaka	Infinite Margin	Chronicles Saga	18.02.2025	MV202503118	1146	84,5	12,391,534	118,149	14,025,453	4,091,603	131,962	979,518	2,734,217	4,122,930	12,618,164	51	19,072	45135	168	767,196	115	38,281,306	91,149	3,110,648	293,351	85	0	Asia-Pacific	medium	1	3	3
False	obj1815	train	0	79	R. Silva	Nova Protocol 2025 4	Open Sky	06.01.2025	MV202503121	2108	83,6	5,207,369	156,575	46,288,067	2,446,877	81,485	95,093	753,629	2,725,650	7,587,071	362	403,383	82938	146	2,239,623	172	39,322,497	22,306	28,026,079	4,917,287	64	1	Latin America	large	3	2	3
False	obj1816	train	0	67	S. Patel	Winter Echo	Open Sky	13.01.2025	MV202503133	4103	102,3	24,301,055	87,664	56,224,443	11,118,997	274,754	1,224,220	7,049,850	25,086,960	7,563,315	208	107,653	14850	130	5,273,460	106	47,906,645	56,249	11,395,195	476,614	24	1	Europe	large	2	4	4
False	obj1817	train	0	70	E. Brooks	Blue Static	Prime Story	19.06.2025	MV202503134	43	40,7	18,108,066	150,289	32,083,113	12,458,391	383,011	445,566	4,111,599	14,452,916	12,697,042	447	378,183	71958	106	177,553	112	8,579,429	23,936	27,379,129	3,472,762	90	1	Americas	small	3	4	1
False	obj1818	train	0	41	P. Singh	Obsidian Heart 2025	Legacy Cycle	06.02.2025	MV202503137	3888	95,4	2,230,437	176,997	64,290,048	1,626,784	43,113	486,595	414,133	1,433,960	877,327	75	59,108	15823	159	626,716	199	19,581,191	18,716	12,769,098	1,013,721	22	0	Latin America	small	0	1	3
False	obj1819	train	0	51	B. Carter	Frozen Ledger 2025	Universe Zero	17.07.2025	MV202503138	2870	44	9,130,942	175,621	61,692,373	1,565,999	49,353	855,753	640,468	2,094,180	8,055,129	224	168,909	21848	103	3,556,148	154	10,239,941	13,134	609,445	2,253,709	95	1	Asia-Pacific	large	1	3	1
False	obj1820	train	0	81	M. Chen	Obsidian Heart 2025	Origin Arc	05.10.2025	MV202503139	2948	110,7	4,044,118	152,810	12,946,678	2,955,771	147,121	791,724	465,595	1,759,628	4,932,406	30	323,906	81692	185	1,157,073	55	27,979,743	32,610	9,442,348	2,431,367	99	0	Asia-Pacific	large	3	1	4
False	obj1821	train	0	69	T. Kim	Paper Kingdom 2025	Dark Matter	19.09.2025	MV202503141	3723	91,3	19,295,771	154,429	9,014,784	12,650,507	476,474	556,870	4,587,245	10,127,586	9,927,807	324	432,032	25568	25	2,199,240	70	1,948,095	71,948	19,407,980	1,195,886	85	0	Americas	small	3	4	3
False	obj1822	train	0	90	R. Silva	Golden Ratio 2025 2	New Dawn	09.11.2025	MV202503153	3343	118	2,470,685	190,971	43,142,176	294,409	7,903	154,527	605,385	1,387,275	9,578,751	66	104,163	77073	231	4,463,640	108	39,806,970	72,853	10,139,832	3,623,504	4	0	Latin America	large	4	1	4
False	obj1823	train	0	78	W. Stone	Aurora Debt 2025	Chronicles Saga	26.01.2025	MV202503154	4504	93,7	10,933,743	89,858	7,118,253	7,706,500	325,200	229,354	253,796	754,300	14,623,985	219	36,431	99992	163	5,559,950	33	34,720,113	19,096	2,579,608	3,474,646	9	1	Americas	small	3	3	3
False	obj1824	train	0	56	H. Andersson	Neon Horizon 2025	Final Chapter	21.03.2025	MV202503157	308	42,3	1,245,383	41,054	19,978,805	275,633	8,982	1,349,103	47,630	190,049	285,182	349	156,257	52747	122	8,122,949	164	20,925,950	70,928	9,960,994	3,249,710	13	0	Asia-Pacific	large	2	0	1
False	obj1825	train	0	35	C. Wright	Neon Horizon 2025	Chronicles Saga	19.12.2025	MV202503158	4624	93,1	2,928,165	168,938	45,567,810	1,968,665	22,732	1,963,536	623,109	2,320,064	15,247,063	349	82,298	17309	50	3,609,493	165	43,134,972	75,897	23,733,839	696,232	81	0	Europe	small	0	1	3
False	obj1826	train	0	82	P. Singh	Hyperion Rise 3	Origin Arc	26.11.2025	MV202503159	295	36,4	5,557,474	174,461	54,505,878	455,466	8,188	982,643	203,681	613,935	4,555,293	367	278,736	85680	131	6,650,869	160	40,650,242	97,043	20,984,028	123,351	50	0	Latin America	small	4	2	0
False	obj1827	train	0	85	L. Nakamura	Lunar Cartography 2025	Open Sky	28.12.2025	MV202503169	261	35,6	27,505,530	142,273	41,200,375	3,050,565	69,440	680,065	2,739,873	5,991,793	7,232,078	147	280,291	4429	201	4,920,806	74	39,545,382	53,763	13,967,657	62,678	95	0	Americas	small	4	4	0
False	obj1828	train	0	54	W. Stone	Binary Sunset	Chronicles Saga	28.12.2025	MV202503172	3348	50	7,419,966	101,172	41,609,178	4,595,367	148,952	1,704,486	1,798,102	5,638,606	17,734,578	304	235,080	14068	153	9,996,143	195	18,404,333	8,055	15,471,310	322,047	67	0	Americas	small	1	3	1
False	obj1829	train	0	54	M. Chen	Feral Harmony 2025	Legacy Cycle	17.11.2025	MV202503173	2567	80	2,732,217	196,146	52,751,075	1,098,300	24,216	1,671,671	75,721	113,765	12,670,972	447	291,028	8589	30	8,021,203	53	4,498,909	19,282	13,690,101	1,510,689	85	0	Asia-Pacific	large	1	1	3
False	obj1830	train	0	81	B. Carter	Crimson Archive	New Dawn	27.02.2025	MV202503175	3758	93,4	4,092,566	74,605	34,065,415	1,485,168	68,866	556,418	494,904	1,368,854	614,809	374	180,148	1118	63	7,840,406	128	26,632,883	35,818	23,885,776	3,799,249	39	0	Asia-Pacific	large	3	1	3
False	obj1831	train	0	83	N. Fischer	Hollow Crown 2025	Dark Matter	28.04.2025	MV202503188	3344	74,4	3,720,796	87,455	48,322,204	524,442	12,402	1,416,008	46,393	177,303	14,225,530	269	81,445	96277	148	5,473,675	185	32,749,411	98,589	21,193,527	2,356,557	73	0	Europe	small	4	1	2
False	obj1832	train	0	64	E. Brooks	Last Signal 2025	Final Chapter	11.09.2025	MV202503189	2498	39,1	884,583	114,548	2,923,465	49,161	1,818	628,708	123,015	248,038	13,256,216	56	78,830	82718	82	9,634,150	53	2,965,803	16,000	2,630,849	4,940,580	49	0	Americas	small	2	0	1
False	obj1833	train	0	64	K. Olsen	Glass Reactor 2025	Final Chapter	05.07.2025	MV202503191	2974	117,3	12,330,645	140,198	12,877,007	7,730,798	211,622	1,871,427	2,917,680	6,295,397	15,576,755	282	106,646	77657	35	9,420,539	185	1,614,535	399	21,258,382	4,903,483	7	0	Americas	large	2	3	4
False	obj1834	train	0	83	M. Chen	Paper Kingdom 2025	Final Chapter	06.07.2025	MV202503192	1291	20,4	20,234,656	87,148	31,658,681	6,176,834	229,353	676,641	5,002,543	13,867,119	1,287,521	121	44,592	4717	69	8,535,948	91	19,487,407	61,993	29,124,643	1,073,707	41	1	Asia-Pacific	large	4	4	0
False	obj1835	train	0	54	I. Hassan	Stone Butterfly 2025	Prime Story	28.10.2025	MV202503193	4919	112,4	12,030,086	103,325	73,965,612	5,436,041	236,092	523,015	2,158,268	5,568,836	6,148,945	286	279,126	26729	286	2,406,764	158	3,007,223	76,946	10,701,899	1,305,206	1	0	Americas	large	1	3	4
False	obj1836	train	0	50	J. Martinez	Hyperion Rise 2025	Chronicles Saga	17.08.2025	MV202503124	3183	79,7	16,933,065	76,922	32,940,827	4,780,563	155,218	379,236	1,918,061	7,171,917	10,781,344	196	65,671	56525	287	5,234,313	154	4,152,224	95,979	2,996,720	4,205,158	93	0	Europe	large	1	4	3
False	obj1837	train	0	81	J. Martinez	Shadow Circuit 2025	Standalone	17.01.2025	MV202503127	1008	96,5	3,752,182	142,877	22,604,796	213,682	10,003	760,959	336,302	1,085,470	5,443,366	475	113,741	82827	164	7,730,177	37	21,542,316	74,018	23,942,118	2,751,097	27	0	Europe	large	3	1	3
False	obj1838	train	0	82	M. Chen	Deep Current 2025	Universe Zero	19.10.2025	MV202503129	857	115,8	7,718,501	45,051	26,361,288	4,869,152	90,722	321,801	232,937	920,420	11,435,891	71	191,109	68034	122	5,932,855	64	44,393,899	17,040	7,664,843	4,682,186	44	0	Asia-Pacific	large	4	3	4
False	obj1839	train	0	46	I. Hassan	Digital Saints 2025	Origin Arc	01.07.2025	MV202503142	2726	105,7	4,250,786	114,346	31,078,181	2,641,474	42,005	1,624,051	252,761	581,242	891,311	45	281,104	44146	238	8,166,357	9	15,267,352	90,942	15,065,393	2,556,427	19	1	Americas	large	1	2	4
False	obj1840	train	0	45	Q. Jensen	Blue Static	Prime Story	29.08.2025	MV202503143	2345	58,1	17,488,720	147,116	47,390,899	6,216,057	188,801	1,802,997	3,016,707	10,281,774	5,381,404	450	390,956	25591	161	572,158	193	33,485,038	79,449	7,725,769	4,818,922	83	0	Americas	medium	1	4	1
False	obj1841	train	0	93	P. Singh	Final Orbit	Universe Zero	12.07.2025	MV202503145	3142	107	5,704,619	79,513	48,790,461	3,202,689	54,136	1,352,337	675,215	2,236,787	13,823,380	451	452,076	34513	287	2,342,253	98	25,047,096	82,776	9,733,449	3,422,225	93	0	Latin America	small	4	2	4
False	obj1842	train	0	89	Y. Tanaka	Crystal Fault 2	Origin Arc	07.04.2025	MV202503146	3785	69,4	6,110,254	63,638	69,622,647	1,167,277	51,152	722,572	1,114,739	2,754,668	7,679,715	290	40,534	60235	224	4,608,856	92	17,909,134	46,796	8,421,476	3,089,907	38	0	Asia-Pacific	medium	4	2	2
False	obj1843	train	0	92	C. Wright	Carbon Dreams 2025	Dark Matter	13.04.2025	MV202503148	2806	81,8	9,870,941	72,172	56,471,023	5,526,989	229,797	261,638	2,007,320	5,262,353	10,718,882	335	358,033	3302	97	2,488,557	171	35,318,493	81,321	20,645,941	2,208,671	44	0	Europe	small	4	3	3
False	obj1844	train	0	32	J. Martinez	Arctic Pulse 2025	Chronicles Saga	17.02.2025	MV202503149	4653	77,3	7,375,699	38,309	31,273,355	4,877,088	221,167	1,838,075	1,827,310	4,767,453	13,450,248	251	373,738	35031	43	5,216,647	158	5,881,545	14,085	1,933,723	3,680,327	67	1	Europe	large	0	3	2
False	obj1845	train	0	56	W. Stone	Red Meridian 2025 4	Dark Matter	23.09.2025	MV202503161	2754	97,2	14,527,115	37,544	22,424,478	2,863,488	43,927	1,290,284	2,157,621	7,668,338	15,171,933	333	184,525	18076	106	2,541,404	76	19,350,221	82,975	11,602,273	1,215,029	48	0	Americas	small	2	4	3
False	obj1846	train	0	48	D. Rossi	Aurora Debt	Final Chapter	28.09.2025	MV202503162	1664	43,3	10,018,656	41,899	22,949,784	7,078,017	106,126	1,082,872	783,309	1,912,388	16,753,809	320	404,261	39457	86	6,020,448	199	7,939,006	79,481	14,565,524	3,414,048	73	1	Latin America	medium	1	3	1
False	obj1847	train	0	45	C. Wright	Paper Kingdom 2025 2	Chronicles Saga	22.04.2025	MV202503163	4925	90,9	2,040,435	193,614	9,378,854	1,389,522	40,558	434,786	423,317	1,202,369	10,701,674	119	172,602	5350	22	7,812,395	166	7,704,947	45,342	14,634,588	1,948,593	23	1	Europe	small	1	0	3
False	obj1848	train	0	91	B. Carter	Glass Reactor	Final Chapter	30.06.2025	MV202503165	4663	111,8	15,402,121	168,744	58,338,266	4,614,870	121,240	1,818,280	515,495	1,582,385	18,433,111	119	96,631	62411	185	8,991,958	38	4,914,970	94,659	9,990,165	1,017,100	49	1	Asia-Pacific	large	4	4	4
False	obj1849	train	0	59	V. Popov	Silent Protocol 2025 4	Chronicles Saga	05.07.2025	MV202503167	1658	42,4	24,660,802	202	55,800,324	8,333,919	244,335	664,528	1,162,166	2,234,722	18,393,267	229	379,954	68615	164	5,690,093	55	8,444,322	99,958	18,627,078	3,834,887	56	0	Latin America	large	2	4	1
False	obj1850	train	0	81	C. Wright	Last Signal 2025 4	Chronicles Saga	22.01.2025	MV202503168	2142	35,3	20,697,489	178,288	29,049,992	3,998,157	103,091	654,717	4,315,212	14,707,844	4,503,560	336	327,723	7189	119	2,116,135	92	34,644,901	88,807	3,272,933	882,852	37	1	Europe	small	3	4	0
False	obj1851	train	0	31	F. Nguyen	Burning Atlas 2025	Chronicles Saga	09.11.2025	MV202503178	2265	72,4	40,891,746	109,106	39,621,081	31,219,415	1,174,916	1,107,581	6,516,257	10,028,539	15,541,719	35	310,578	78439	39	8,865,051	29	17,056,619	346	15,846,712	4,394,301	59	0	Asia-Pacific	large	0	4	2
False	obj1852	train	0	66	F. Nguyen	Desert Oracle	Chronicles Saga	10.04.2025	MV202503179	56	97,3	1,491,714	176,344	73,802,898	726,299	12,508	1,057,281	398,164	709,994	348,877	466	134,990	38400	48	1,429,999	127	41,200,531	66,291	4,479,799	2,941,685	24	0	Asia-Pacific	large	2	0	3
False	obj1853	train	0	88	O. Dubois	Hollow Crown 2025	Legacy Cycle	04.09.2025	MV202503183	3970	28,6	1,213,744	42,108	30,429,649	368,318	5,442	748,193	262,421	953,640	57,341	402	479,637	25965	113	3,076,301	41	4,407,063	55,680	20,616,557	1,219,523	53	0	Latin America	large	4	0	0
False	obj1854	train	0	62	B. Carter	Stone Butterfly 2025 3	Universe Zero	23.11.2025	MV202503184	4526	79,3	9,871,020	104,808	34,847,699	4,978,778	216,068	1,196,240	1,691,003	6,425,952	7,513,081	175	466,080	21319	86	5,706,238	123	18,238,283	41,811	26,347,841	1,077,532	17	1	Asia-Pacific	large	2	3	3
False	obj1855	train	0	64	F. Nguyen	Winter Echo 2025	Standalone	31.07.2025	MV202503185	4191	84,9	7,116,076	46,827	24,386,286	2,676,952	52,901	1,113,428	1,388,060	3,693,171	4,197,658	495	373,547	71265	64	2,233,300	21	16,703,300	68,982	22,687,053	1,431,543	35	0	Asia-Pacific	large	2	3	3
False	obj1856	train	0	72	O. Dubois	Desert Oracle 2025 4	Origin Arc	11.02.2025	MV202503197	232	104,1	15,583,573	166,870	45,305,405	9,609,642	159,001	1,513,501	3,611,312	4,338,205	18,804,749	370	495,237	382	77	6,033,253	165	27,344,155	14,816	1,540,697	3,386	66	0	Latin America	large	3	4	4
False	obj1857	train	0	41	V. Popov	Binary Sunset 2025	Prime Story	05.05.2025	MV202503198	419	74,5	3,789,401	180,917	72,118,794	651,865	27,983	419,254	887,775	1,610,211	15,355,832	149	21,481	5988	16	2,375,847	163	33,176,402	16,714	15,951,842	4,037,149	40	0	Latin America	large	0	1	2
False	obj1858	train	0	77	F. Nguyen	Binary Sunset 2025	Standalone	07.06.2025	MV202503199	4561	107,4	3,274,801	52,489	65,280,121	2,175,871	87,131	1,600,615	928,009	1,120,068	14,732,604	310	181,404	8167	272	807,404	25	4,835,713	21,205	156,067	795,767	50	0	Asia-Pacific	large	3	1	4
False	obj1859	train	0	52	F. Nguyen	Feral Harmony 2025	Universe Zero	25.05.2025	MV202503201	3130	87,3	549,808	108,261	57,062,558	231,167	11,337	593,906	140,694	318,741	1,937,509	332	451,723	29113	88	3,952,401	100	25,326,525	43,077	4,642,940	1,956,680	71	1	Asia-Pacific	large	1	0	3
False	obj1860	train	0	55	G. Murphy	Electric Mirage 2025 3	Universe Zero	14.03.2025	MV202503204	2511	84,3	10,116,684	6,403	44,518,348	5,333,973	144,782	566,575	1,090,864	2,220,473	5,901,565	171	474,582	35538	223	610,394	87	44,316,233	52,396	21,997,034	1,683,974	74	0	Europe	medium	1	3	3
False	obj1861	train	0	47	D. Rossi	Ocean of Stars 2025 4	Chronicles Saga	30.08.2025	MV202503214	197	94,1	1,108,676	194,504	49,149,230	137,198	5,485	1,278,198	170,245	536,809	14,213,855	280	381,800	2162	217	7,265,284	117	23,199,628	60,419	28,987,482	2,015,734	36	1	Latin America	medium	1	0	3
False	obj1862	train	0	62	R. Silva	Broken Compass 2025	Legacy Cycle	10.04.2025	MV202503215	2427	53,9	5,222,689	40,687	20,917,249	1,772,745	50,199	190,273	1,127,324	3,965,926	17,055,011	235	465,320	88064	251	9,737,234	114	17,397,916	89,867	15,040,332	4,826,048	91	0	Latin America	large	2	2	1
False	obj1863	train	0	78	F. Nguyen	Thunder Archive 2025	Final Chapter	04.08.2025	MV202503217	718	67,7	2,625,828	195,864	18,305,926	1,077,054	48,428	709,679	547,089	2,048,750	8,024,268	397	72,765	52569	235	2,398,438	96	32,610,091	3,945	54,783	3,015,452	84	0	Asia-Pacific	large	3	1	2
False	obj1864	train	0	76	A. Volkov	Crystal Fault 2	Dark Matter	10.03.2025	MV202503218	3793	73,2	3,357,950	16,233	20,011,759	286,335	8,947	1,922,798	619,211	2,310,151	6,139,440	343	211,411	42648	242	1,618,474	141	16,833,935	50,270	11,315,796	3,068,796	47	1	Americas	large	3	1	2
False	obj1865	train	0	36	F. Nguyen	Electric Mirage 2025	Open Sky	18.10.2025	MV202503219	4735	103,3	8,933,937	68,429	62,276,458	2,965,066	72,561	711,095	2,508,223	3,535,791	17,154,749	372	228,078	99170	109	9,386,420	63	172,305	73,164	27,858,238	226,892	63	1	Asia-Pacific	large	0	3	4
False	obj1866	train	0	50	N. Fischer	Northern Code 2025	Standalone	14.03.2025	MV202503220	3313	20,6	2,967,204	125,063	38,208,534	821,154	28,904	200,807	468,216	1,076,422	10,839,937	54	477,300	94573	212	353,886	195	30,559,775	9,811	28,166,639	4,546,221	81	0	Europe	small	1	1	0
False	obj1867	train	0	75	O. Dubois	Obsidian Heart	Open Sky	24.10.2025	MV202503221	2118	102,3	10,989,108	68,850	22,954,656	5,257,949	161,846	909,867	1,705,986	4,972,427	3,031,880	165	427,303	8997	22	8,387,396	193	39,587,165	44,802	16,744,919	4,026,176	57	0	Latin America	large	3	3	4
False	obj1868	train	0	73	T. Kim	Frozen Ledger 2025 4	Standalone	28.04.2025	MV202503233	1246	58,7	1,773,708	112,165	738,871	387,944	12,758	1,772,237	357,648	1,261,970	19,388,450	116	199,302	14204	111	3,665,200	30	47,262,552	57,787	25,558,557	1,665,403	33	1	Americas	small	3	0	1
False	obj1869	train	0	51	Z. Ali	Parallel Lines 2025	Chronicles Saga	24.02.2025	MV202503234	1041	59,2	9,400,716	106,959	53,319,167	3,183,271	131,904	1,455,329	1,245,575	2,055,486	5,806,797	206	375,765	50374	206	9,442,668	105	38,864,610	90,844	1,000,486	4,933,544	15	0	Latin America	small	1	3	2
False	obj1870	train	0	48	O. Dubois	Jade Frequency	Open Sky	28.04.2025	MV202503235	1029	57,9	19,289,264	74,577	67,529,646	5,711,652	206,091	682,095	2,750,198	3,399,073	10,244,904	244	329,482	48611	25	4,634,939	78	39,586,221	43,314	22,408,891	503,259	65	1	Latin America	large	1	4	1
False	obj1871	train	0	31	Z. Ali	Crimson Archive 2025	Origin Arc	13.06.2025	MV202503236	1715	30,2	739,716	4,090	5,779,567	587,177	18,799	803,982	118,121	432,288	8,757,264	196	13,984	3297	153	2,979,322	187	38,165,221	40,831	17,211,549	411,392	99	0	Latin America	small	0	0	0
False	obj1872	train	0	71	W. Stone	Iron Garden	Open Sky	20.08.2025	MV202503237	2848	116,9	7,296,791	70,921	38,621,099	5,599,593	164,572	1,072,183	272,535	828,753	978,828	289	244,750	80480	31	322,118	5	30,034,919	76,430	9,184,412	1,243,281	6	0	Americas	small	3	3	4
False	obj1873	train	0	80	S. Patel	Paper Kingdom 2025	Final Chapter	17.06.2025	MV202503239	4622	68,9	1,160,411	9,661	13,505,594	319,906	15,110	492,004	210,413	667,915	9,443,049	454	260,336	53075	34	5,098,937	17	47,388,463	22,158	26,713,384	806,996	21	0	Europe	large	3	0	2
False	obj1874	train	0	75	Q. Jensen	Golden Ratio 2025	New Dawn	14.07.2025	MV202503240	4683	100,5	1,226,503	134,849	21,264,434	585,910	7,026	388,636	366,684	690,206	17,696,023	20	192,422	69939	281	4,992,379	13	43,673,207	32,153	5,654,535	4,493,291	8	1	Americas	medium	3	0	4
False	obj1875	train	0	47	O. Dubois	Ocean of Stars 2025	Final Chapter	30.04.2025	MV202503250	1706	43,1	12,870,633	160,997	33,484,629	8,877,235	424,391	738,444	1,855,018	5,903,291	14,291,577	444	122,843	3737	13	6,642,567	101	14,129,881	2,833	4,785,231	2,704,836	87	1	Latin America	large	1	3	1
False	obj1876	train	0	37	L. Nakamura	Broken Compass	Dark Matter	14.09.2025	MV202503251	328	80,9	4,599,787	164,517	28,920,773	1,615,392	26,605	38,373	937,890	1,349,762	444,630	251	17,354	76101	119	4,041,910	152	12,630,307	69,700	6,172,713	3,294,274	27	0	Americas	small	0	2	3
False	obj1877	train	0	38	W. Stone	Iron Garden 2025	Prime Story	08.10.2025	MV202503253	4521	47,2	72,828,438	113,278	67,591,502	50,359,400	2,352,786	708,832	3,737,092	10,598,304	10,059,981	55	381,013	45572	19	2,782,165	89	42,945,027	94,787	27,882,903	2,352,788	18	1	Americas	small	0	4	1
False	obj1878	train	0	71	J. Martinez	Lunar Cartography 2025	Open Sky	04.07.2025	MV202503254	3107	104,2	8,412,268	57,702	30,468,760	4,739,767	124,409	228,734	1,320,664	3,357,451	19,621,944	282	412,911	42370	46	2,694,322	83	28,689,710	68,487	17,864,365	1,655,812	71	0	Europe	large	3	3	4
False	obj1879	train	0	71	A. Volkov	Ember Valley 2025	Standalone	31.12.2025	MV202503255	1707	109,7	33,250,192	121,630	50,222,943	24,194,148	360,722	1,082,013	4,343,160	15,919,751	8,536,307	18	358,890	59324	91	826,736	113	40,599,372	20,154	15,695,333	4,333,403	13	0	Americas	large	3	4	4
False	obj1880	train	0	88	T. Kim	Crimson Archive	Open Sky	10.07.2025	MV202503257	1559	15,8	1,757,083	155,063	41,583,204	116,122	5,543	1,524,655	203,745	312,287	11,654,970	290	160,554	41245	226	9,271,534	11	14,079,237	36,470	10,336,846	4,593,882	56	0	Americas	small	4	0	0
False	obj1881	train	0	81	L. Nakamura	Thunder Archive 2025	Final Chapter	05.07.2025	MV202503258	826	63,7	13,555,097	34,234	44,601,968	8,399,051	214,041	1,929,962	1,296,990	2,793,195	1,490,862	47	205,461	8804	192	6,972,758	12	19,411,946	39,079	5,691,512	1,384,101	12	0	Americas	small	3	4	2
False	obj1882	train	0	72	A. Volkov	Hollow Crown 2025	Origin Arc	16.05.2025	MV202503208	3330	22	1,237,184	174,264	43,567,946	138,178	5,492	1,122,040	259,152	425,718	15,833,955	396	395,675	95963	92	7,445,820	23	9,373,938	99,124	25,901,684	3,963,830	73	1	Americas	large	3	0	0
False	obj1883	train	0	56	L. Nakamura	Thunder Archive 2025	Open Sky	31.07.2025	MV202503209	4213	83,2	1,772,450	33,933	26,412,903	430,180	17,084	88,865	187,940	686,897	17,084,274	487	282,418	98470	83	8,451,451	28	49,261,403	50,662	12,169,677	2,473,084	88	0	Americas	small	2	0	3
False	obj1884	train	0	59	A. Volkov	Final Orbit 2025 2	Chronicles Saga	31.03.2025	MV202503210	3257	91	2,447,734	3,674	34,666,187	1,354,308	32,143	1,179,428	73,007	194,841	14,599,530	139	2,066	75410	171	6,544,492	54	36,098,361	7,429	26,638,854	1,124,785	6	1	Americas	large	2	1	3
False	obj1885	train	0	52	P. Singh	Northern Code 2025	Prime Story	30.07.2025	MV202503211	1063	23,2	24,626,454	178,676	67,929,327	4,655,410	187,888	136,280	5,795,843	13,359,088	6,571,136	14	336,660	49301	155	8,784,266	0	26,214,292	21,062	24,997,827	3,121,472	91	0	Latin America	small	1	4	0
False	obj1886	train	0	75	F. Nguyen	Shadow Circuit 2025 4	Origin Arc	05.09.2025	MV202503213	2730	27	812,383	28,582	59,578,272	526,393	7,591	869,917	215,691	638,358	1,295,244	75	83,865	67274	30	4,846,635	38	24,865,721	72,289	5,667,267	380,271	17	0	Asia-Pacific	large	3	0	0
False	obj1887	train	0	42	N. Fischer	Burning Atlas 2025	Open Sky	10.08.2025	MV202503223	210	58,9	1,335,210	184,633	32,259,462	1,042,387	39,781	1,683,891	304,534	921,606	19,179,004	484	108,970	40562	261	1,026,718	27	11,326,907	3,344	6,061,467	443,671	15	1	Europe	small	0	0	1
False	obj1888	train	0	48	Y. Tanaka	Shadow Circuit	Chronicles Saga	08.03.2025	MV202503224	2267	111,7	80,667,848	15,903	55,132,931	44,383,457	879,828	399,034	20,735,388	54,797,552	14,055,760	492	162,494	15170	15	7,475,062	84	37,345,408	88,020	21,708,285	3,428,610	24	0	Asia-Pacific	medium	1	4	4
False	obj1889	train	1	86	Y. Tanaka	Quantum Rain 2025	Legacy Cycle	04.06.2025	MV202503225	1881	77,7	118,568,143	77,374	12,826,551	44,260,014	1,867,294	1,521,670	34,880,912	97,293,723	10,468,712	159	197,372	56865	4	7,884,425	44	10,313,198	28,743	4,614,641	1,287,297	80	0	Asia-Pacific	medium	4	4	2
False	obj1890	train	0	49	R. Silva	Hyperion Rise 2025 2	Origin Arc	26.08.2025	MV202503226	3810	90,6	46,381,659	9,577	66,800,997	23,975,147	728,153	1,259,406	1,320,707	2,473,400	10,603,882	227	241,751	36670	80	4,152,154	94	41,393,273	87,856	10,808,540	2,028,733	3	0	Latin America	large	1	4	3
False	obj1891	train	0	65	G. Murphy	Iron Garden 2025	Origin Arc	19.06.2025	MV202503227	4868	66,7	15,468,410	152,483	27,905,115	1,612,865	53,476	1,268,475	169,641	307,938	9,305,534	443	389,142	10671	236	4,473,406	182	20,590,622	42,912	24,942,276	1,711,072	25	0	Europe	medium	2	4	2
False	obj1892	train	0	85	F. Nguyen	Parallel Lines	Prime Story	16.12.2025	MV202503228	2766	89,4	1,705,047	133,236	7,062,969	346,432	8,875	1,931,914	250,603	550,112	9,250,006	51	410,508	58092	186	1,313,709	123	29,675,609	64,612	9,333,200	1,722,538	17	1	Asia-Pacific	large	4	0	3
False	obj1893	train	0	93	A. Volkov	Echo Chamber	Standalone	29.05.2025	MV202503229	157	15,5	4,939,604	83,541	60,341,869	643,378	24,315	855,041	143,590	310,090	441,649	376	154,146	79731	33	7,299,821	86	8,366,567	15,817	25,718,320	4,378,260	9	0	Americas	large	4	2	0
False	obj1894	train	0	58	B. Carter	Desert Oracle 2025	Universe Zero	20.10.2025	MV202503231	707	57,4	17,669,661	186,956	61,070,576	13,294,522	242,622	1,010,904	1,870,042	4,532,728	11,342,769	152	243,283	80806	211	4,632,582	98	34,393,181	35,526	3,097,360	2,762,036	90	0	Asia-Pacific	large	2	4	1
False	obj1895	train	0	84	L. Nakamura	Crystal Fault 2025 3	Dark Matter	07.11.2025	MV202503242	3756	117,8	4,623,678	160,096	50,655,039	2,174,684	33,415	916,202	1,114,349	2,650,809	14,004,669	408	440,581	68827	161	7,531,871	34	35,567,468	73,126	24,972,197	1,924,161	74	1	Americas	small	4	2	4
False	obj1896	train	0	63	N. Fischer	Iron Garden 2025	New Dawn	13.12.2025	MV202503243	2716	89	10,290,610	84,001	53,902,769	3,573,657	177,444	1,683,581	1,363,580	3,791,335	15,024,477	124	445,905	65255	104	2,013,705	150	27,551,468	44,419	29,493,756	3,120,654	37	1	Europe	small	2	3	3
False	obj1897	train	0	38	E. Brooks	Paper Kingdom 2025 2	Chronicles Saga	19.11.2025	MV202503245	207	30,4	7,592,206	29,191	64,633,609	4,122,854	82,778	1,910,377	533,773	803,971	12,046,065	184	342,964	78582	215	3,481,035	175	7,178,904	16,040	18,139,234	334,166	73	1	Americas	small	0	3	0
False	obj1898	train	0	87	B. Carter	Deep Current	Dark Matter	09.04.2025	MV202503246	1024	99,7	29,605,565	100,846	58,252,507	18,023,515	850,660	256,579	4,027,531	15,438,185	7,949,949	107	353,938	97671	138	7,634,203	182	26,940,141	2,091	25,395,364	839,863	99	0	Asia-Pacific	large	4	4	4
False	obj1899	train	0	41	D. Rossi	Arctic Pulse 2025	Prime Story	10.01.2025	MV202503247	1386	56,5	14,510,615	198,423	68,623,816	11,515,019	532,505	1,035,803	3,419,724	12,034,731	19,959,045	211	287,318	23404	263	5,159,252	78	6,694,817	21,478	29,668,381	4,702,565	7	0	Latin America	medium	0	4	1
False	obj1900	train	0	84	G. Murphy	Hyperion Rise 2025	New Dawn	07.07.2025	MV202503249	2226	109,2	3,580,666	36,033	73,982,743	1,682,926	79,792	161,149	1,034,805	2,545,041	12,057,735	253	78,101	34181	13	4,619,240	186	8,388,838	66,725	23,049,619	4,865,294	53	0	Europe	medium	4	1	4
False	obj1901	train	0	93	P. Singh	Thunder Archive 2025 4	New Dawn	27.03.2025	MV202503259	3586	81,8	1,787,972	118,665	52,203,079	933,917	42,407	13,401	443,533	772,239	2,912,524	283	44,756	33782	47	3,318,551	191	18,802,725	37,984	1,112,646	3,422,829	82	1	Latin America	small	4	0	3
False	obj1902	train	0	37	N. Fischer	Echo Chamber 2	Standalone	13.01.2025	MV202503261	406	72,2	4,554,830	120,597	64,638,511	2,082,328	83,151	1,637,884	58,500	92,173	16,577,006	311	126,105	76517	209	8,256,786	64	4,627,505	4,578	10,429,817	3,423,726	61	1	Europe	small	0	2	2
False	obj1903	train	0	93	Q. Jensen	Jade Frequency	Universe Zero	18.04.2025	MV202503263	4709	97,1	4,034,468	120,421	61,391,661	2,192,252	50,170	1,047,958	585,386	1,440,199	4,598,763	384	386,092	22436	190	7,168,291	12	23,173,422	31,970	27,624,341	3,685,364	99	0	Americas	medium	4	1	3
False	obj1904	train	0	50	H. Andersson	Midnight Cartel 2025	Origin Arc	23.10.2025	MV202503264	611	45,1	1,507,652	69,471	3,488,465	541,928	5,701	74,073	377,680	601,027	11,175,006	461	277,444	79528	184	241,268	96	41,123,372	21,381	20,068,038	2,269,413	38	0	Asia-Pacific	large	1	0	1
False	obj1905	train	0	45	R. Silva	Quantum Rain 2025	Dark Matter	18.01.2025	MV202503265	1191	108,7	1,237,706	42,676	70,333,500	969,646	25,456	1,994,316	314,832	897,896	3,253,973	322	219,126	78912	68	4,985,295	175	29,991,309	78,442	11,939,299	3,666,862	60	1	Latin America	large	1	0	4
False	obj1906	train	0	93	H. Andersson	Ocean of Stars 2025	New Dawn	13.05.2025	MV202503267	1655	110,6	3,853,418	2,836	78,328,792	2,916,385	72,492	70,548	782,750	1,598,938	700,710	42	148,193	52432	28	4,494,265	145	22,571,578	77,465	26,480,417	639,770	27	1	Asia-Pacific	large	4	1	4
False	obj1907	train	0	53	Q. Jensen	Ember Valley 2025	Chronicles Saga	31.08.2025	MV202503277	3865	25,2	5,092,266	66,923	60,860,489	908,286	34,671	225,271	408,271	812,782	3,423,225	200	385,358	44263	280	8,583,402	115	29,265,909	93,440	27,287,325	4,946,568	47	1	Americas	medium	1	2	0
False	obj1908	train	0	89	H. Andersson	Burning Atlas 2025 4	Legacy Cycle	10.03.2025	MV202503278	3267	77,3	26,851,622	92,665	5,112,555	14,920,306	529,808	82,453	7,829,783	27,673,806	879,408	438	207,973	94186	22	8,081,489	108	41,273,839	81,424	16,008,257	2,981,004	69	0	Asia-Pacific	large	4	4	2
False	obj1909	train	0	75	A. Volkov	Ember Valley 4	Dark Matter	01.03.2025	MV202503279	3555	98,3	8,946,153	129,412	24,829,968	7,140,136	264,912	809,550	1,190,670	4,519,583	18,333,054	375	336,133	15133	58	5,717,876	90	8,391,246	45,046	29,776,506	64,029	77	1	Americas	large	3	3	3
False	obj1910	train	0	90	T. Kim	Echo Chamber 2025	Legacy Cycle	15.07.2025	MV202503280	4917	15,9	10,376,759	50,043	14,634,569	7,794,938	306,598	422,813	652,742	1,372,081	7,677,050	365	61,687	71254	17	8,122,933	41	1,880,697	98,779	20,433,972	2,724,694	0	0	Americas	small	4	3	0
False	obj1911	train	0	59	Q. Jensen	Thunder Archive	Standalone	09.04.2025	MV202503281	1064	59,3	42,339,931	32,487	40,521,181	25,892,530	611,584	1,920,142	10,885,852	31,745,791	887,464	322	209,811	72477	242	9,359,104	194	19,879,543	78,802	25,917,191	3,194,213	23	1	Americas	medium	2	4	2
False	obj1912	train	0	87	F. Nguyen	Quantum Rain	Chronicles Saga	15.08.2025	MV202503282	3232	68,3	5,962,397	176,711	34,879,595	4,253,832	74,906	1,563,834	1,068,681	2,056,740	504,438	50	236,511	66485	163	6,076,256	18	20,727,433	12,490	17,496,428	2,877,931	51	0	Asia-Pacific	large	4	2	2
False	obj1913	train	0	31	R. Silva	Paper Kingdom	Legacy Cycle	08.08.2025	MV202503283	2003	105,4	14,786,207	148,570	52,849,469	1,864,017	78,926	1,923,199	2,421,333	3,966,859	1,578,747	450	233,200	22782	87	8,268,348	28	48,820,952	61,612	29,321,732	1,401,078	1	0	Latin America	large	0	4	4
False	obj1914	train	0	81	L. Nakamura	Hyperion Rise	Dark Matter	24.05.2025	MV202503296	1456	88	1,429,368	41,813	37,616,302	918,250	16,816	1,888,603	315,267	402,069	7,277,250	353	270,246	89534	204	8,160,517	20	33,985,641	11,798	29,774,612	3,039,659	32	1	Americas	small	4	0	3
False	obj1915	train	0	55	P. Singh	Northern Code 2025 4	Open Sky	20.05.2025	MV202503297	4928	21,1	12,874,838	187,388	77,432,358	721,548	7,603	1,516,705	3,251,485	6,465,385	2,333,780	462	369,594	88083	274	9,473,980	149	16,727,782	6,345	11,169,675	4,053,995	97	0	Latin America	small	1	3	0
False	obj1916	train	0	88	T. Kim	Hyperion Rise	Legacy Cycle	16.09.2025	MV202503298	764	82,3	4,820,482	44,454	34,872,896	1,223,892	22,816	1,540,410	493,456	1,711,499	10,067,563	99	319,034	19634	177	3,821,880	46	405,068	85,474	7,955,136	1,879,211	37	0	Americas	small	4	2	3
False	obj1917	train	0	78	N. Fischer	Northern Code 2025	Origin Arc	01.08.2025	MV202503301	3261	59,1	10,642,622	25,961	41,314,676	3,767,665	88,542	1,606,140	2,903,520	5,978,701	15,494,348	47	437,936	60653	46	8,082,780	72	18,568,280	10,070	2,388,457	4,089,900	78	0	Europe	small	3	3	2
False	obj1918	train	0	87	R. Silva	Digital Saints 2025	Origin Arc	01.01.2025	MV202503314	641	84,2	9,225,852	96,603	61,959,307	1,528,946	37,576	1,090,391	755,662	2,879,787	3,071,132	5	319,662	48270	135	2,866,239	102	6,328,046	67,856	11,233,722	3,708,171	82	0	Latin America	large	4	3	3
False	obj1919	train	0	66	I. Hassan	Desert Oracle 2025	Open Sky	14.08.2025	MV202503315	381	62,6	4,069,431	79,129	77,211,453	1,805,785	78,267	1,145,402	1,071,907	3,648,900	5,065,448	269	303,978	41055	91	1,531,762	183	11,966,544	76,672	24,592,434	850,475	99	0	Americas	large	2	1	2
False	obj1920	train	0	37	W. Stone	Violet Engine 2025	Standalone	21.07.2025	MV202503316	3298	115,6	30,277,264	149,700	35,674,192	19,761,591	359,497	1,834,377	4,768,857	6,971,887	16,325,346	285	333,513	19556	285	1,771,768	145	43,630,741	71,338	19,466,776	1,113,311	75	0	Americas	small	0	4	4
False	obj1921	train	0	70	N. Fischer	Silver Transit 3	Legacy Cycle	14.05.2025	MV202503317	2505	76,3	5,489,125	97,329	20,504,143	3,877,270	106,444	1,219,998	105,991	252,619	4,508,214	430	302,473	90013	171	1,443,858	139	24,608,520	70,915	24,829,459	3,718,560	87	0	Europe	small	3	2	2
False	obj1922	train	0	80	W. Stone	Echo Chamber	Universe Zero	20.04.2025	MV202503318	1761	89,5	11,818,636	106,589	16,160,472	2,930,218	131,825	122,931	687,939	832,897	8,298,302	10	474,865	16899	16	372,907	93	16,480,324	78,921	15,046,377	1,290,901	45	1	Americas	small	3	3	3
False	obj1923	train	0	84	D. Rossi	Lunar Cartography 2025 3	Legacy Cycle	03.08.2025	MV202503319	2403	95,9	1,802,867	178,749	28,353,550	419,402	17,293	1,374,332	34,276	101,957	2,003,860	139	295,472	4984	23	5,085,628	126	38,586,964	80,185	4,212,381	159,306	60	0	Latin America	medium	4	0	3
False	obj1924	train	0	44	R. Silva	Red Meridian 4	Open Sky	05.05.2025	MV202503320	3668	47	12,634,134	114,605	72,636,990	4,127,122	47,123	690,581	3,166,423	5,684,942	1,137,599	8	171,803	65751	70	562,077	37	38,378,430	89,850	22,777,632	3,297,641	58	1	Latin America	large	1	3	1
False	obj1925	train	0	62	S. Patel	Deep Current 2025	Dark Matter	25.04.2025	MV202503332	4233	117,8	49,884,401	78,359	40,387,480	4,197,542	104,714	401,276	5,804,070	20,977,242	18,700,760	240	55,933	47717	116	3,962,966	33	19,369,252	55,956	9,320,093	130,870	84	1	Europe	large	2	4	4
False	obj1926	train	0	36	D. Rossi	Parallel Lines 2025	Standalone	24.04.2025	MV202503335	3262	54	22,953,292	81,898	45,385,171	8,541,755	153,155	869,414	4,244,786	6,406,894	9,192,717	429	73,574	63497	30	3,574,038	157	10,551,254	81,338	16,217,696	3,319,405	84	1	Latin America	medium	0	4	1
False	obj1927	train	0	68	S. Patel	Glass Reactor 2025	Final Chapter	12.04.2025	MV202503337	1427	52,3	30,941,881	153,984	67,086,543	13,158,710	521,528	686,742	5,363,673	11,560,101	12,120,952	89	36,793	30104	59	9,173,455	141	40,747,373	92,308	14,084,523	2,728,275	87	1	Europe	large	2	4	1
False	obj1928	train	0	53	B. Carter	Jade Frequency 2025 3	Universe Zero	30.01.2025	MV202503338	1640	39,3	10,291,988	156,572	18,238,249	4,410,725	102,107	158,041	2,911,223	6,842,502	7,716,544	438	51,487	46695	262	3,829,605	150	10,555,632	78,676	23,307,985	51,942	81	1	Asia-Pacific	large	1	3	1
False	obj1929	train	0	53	E. Brooks	Electric Mirage 2025	New Dawn	07.09.2025	MV202503339	4217	80,1	6,209,945	15,533	1,236,910	2,543,022	63,463	1,295,683	649,681	851,364	6,001,763	498	81,835	29081	294	4,653,124	31	41,005,978	64,422	11,030,296	2,148,603	81	0	Americas	small	1	2	3
False	obj1930	train	0	61	G. Murphy	Red Meridian 4	Legacy Cycle	01.05.2025	MV202503268	4758	43,5	667,840	95,598	18,085,122	489,443	7,002	771,177	10,974	13,916	9,047,433	347	147,120	41767	68	1,287,748	30	17,245,503	33,328	24,254,203	613,974	57	1	Europe	medium	2	0	1
False	obj1931	train	0	75	D. Rossi	Echo Chamber 2025 3	Prime Story	02.09.2025	MV202503270	2879	67,2	2,329,095	140,808	76,269,528	777,079	28,284	1,910,334	154,260	442,882	4,140,898	33	217,531	40953	7	2,292,494	167	33,019,927	31,696	14,904,034	4,143,972	0	0	Latin America	medium	3	1	2
False	obj1932	train	0	67	G. Murphy	Stone Butterfly 2025	Dark Matter	22.05.2025	MV202503271	1520	39,8	6,241,639	62,754	72,012,441	3,720,525	88,852	1,734,866	1,276,043	1,913,006	1,545,839	201	437,275	57140	37	415,773	65	28,642,424	24,636	24,723,188	2,352,150	79	0	Europe	medium	2	2	1
False	obj1933	train	0	51	Q. Jensen	Frozen Ledger 2025	Origin Arc	20.04.2025	MV202503272	2943	49,4	2,201,803	106,262	55,711,325	141,024	5,138	1,557,436	489,957	1,359,721	3,747,857	108	119,603	46616	77	6,356,681	36	45,899,767	74,866	9,789,733	2,442,698	71	0	Americas	medium	1	1	1
False	obj1934	train	0	49	D. Rossi	Final Orbit	Universe Zero	12.01.2025	MV202503274	3383	45,8	6,999,898	185,201	17,390,051	4,843,386	135,592	686,505	2,021,535	5,898,770	10,743,430	122	343,047	6198	299	5,775,423	89	2,032,277	68,395	25,602,975	4,742,849	53	0	Latin America	medium	1	2	1
False	obj1935	train	0	75	Y. Tanaka	Winter Echo 2025	Prime Story	15.02.2025	MV202503275	588	27,2	2,036,766	197,514	32,433,355	107,789	3,863	1,079,115	565,369	1,469,807	12,522,549	221	366,445	58535	44	418,044	175	27,280,301	25,813	2,926,831	2,804,235	89	0	Asia-Pacific	medium	3	0	0
False	obj1936	train	0	42	Y. Tanaka	Crystal Fault	Dark Matter	24.05.2025	MV202503276	1448	32	23,216,377	163,686	53,300,209	10,037,096	294,136	1,451,892	1,135,814	2,484,178	15,181,132	227	377,870	27278	250	9,589,744	66	25,062,770	13,445	8,018,216	4,659,541	10	0	Asia-Pacific	medium	0	4	0
False	obj1937	train	0	68	F. Nguyen	Arctic Pulse 2025	Open Sky	22.05.2025	MV202503287	994	48,7	3,178,998	36,282	70,791,290	2,213,793	98,587	1,283,970	505,448	1,267,596	9,541,143	353	313,292	44970	296	3,416,408	88	27,303,751	75,656	23,271,558	1,944,998	50	0	Asia-Pacific	large	2	1	1
False	obj1938	train	0	73	N. Fischer	Iron Garden	Open Sky	29.06.2025	MV202503292	3415	114,9	2,183,350	118,617	33,746,306	675,198	13,451	1,569,691	117,876	306,391	2,216,558	454	31,672	60703	74	5,577,886	17	21,549,729	34,692	16,205,220	2,520,408	45	1	Europe	small	3	0	4
False	obj1939	train	0	37	I. Hassan	Feral Harmony 2025	Prime Story	20.05.2025	MV202503293	3482	42,2	12,233,861	92,058	5,578,982	2,337,058	42,166	1,963,132	2,850,635	5,410,198	13,049,967	369	419,409	85525	119	8,436,444	138	9,223,723	38,739	25,311,607	3,678,367	61	0	Americas	large	0	3	1
False	obj1940	train	0	93	Z. Ali	Nova Protocol	Standalone	17.02.2025	MV202503294	2514	85	15,654,153	175,379	15,755,510	5,952,227	196,221	816,548	1,402,252	3,662,924	3,579,993	208	247,425	52570	143	5,659,088	24	34,582,651	55,240	28,610,277	1,941,404	65	0	Latin America	small	4	4	3
False	obj1941	train	0	37	I. Hassan	Iron Garden	Universe Zero	01.12.2025	MV202503304	3618	63,4	10,437,300	65,512	40,214,024	5,142,933	168,729	1,942,842	2,872,252	5,428,063	384,072	342	412,634	28852	207	7,659,286	6	49,822,375	70,452	361,656	606,704	27	1	Americas	large	0	3	2
False	obj1942	train	0	74	I. Hassan	Violet Engine	Legacy Cycle	18.06.2025	MV202503305	2317	18,4	1,397,611	57,837	39,210,063	718,347	8,277	1,681,639	350,074	726,967	10,584,461	330	369,163	24383	105	4,321,008	68	2,419,534	95,535	10,644,889	2,042,327	8	0	Americas	large	3	0	0
False	obj1943	train	0	57	Q. Jensen	Paper Kingdom	Origin Arc	08.07.2025	MV202503309	3174	17,4	5,594,059	183,993	37,867,259	684,032	33,902	251,007	804,204	1,152,942	3,148,943	110	93,284	53397	68	9,988,213	34	12,273,311	77,451	20,481,565	1,786,225	76	1	Americas	medium	2	2	0
False	obj1944	train	0	58	Z. Ali	Golden Ratio	Open Sky	09.10.2025	MV202503310	4869	79,5	5,875,315	96,904	65,199,728	3,711,515	91,611	1,887,643	923,045	2,453,960	18,118,377	333	352,358	64021	193	4,347,761	149	29,504,198	88,564	20,649,037	1,133,996	74	0	Latin America	small	2	2	3
False	obj1945	train	0	36	P. Singh	Iron Garden	New Dawn	28.05.2025	MV202503311	4150	116,5	1,457,471	174,835	1,605,738	1,070,134	24,392	336,776	99,042	298,760	18,520,106	127	354,773	9605	174	4,548,732	116	24,918,665	93,433	12,555,974	4,906,864	96	1	Latin America	small	0	0	4
False	obj1946	train	0	64	Z. Ali	Final Orbit 2025	Prime Story	03.12.2025	MV202503323	2872	117,8	9,103,014	131,847	73,028,553	5,748,443	201,413	1,487,548	2,034,408	6,168,187	3,866,048	411	214,809	30583	274	5,546,895	21	29,548,435	11,852	10,482,130	541,129	82	0	Latin America	small	2	3	4
False	obj1947	train	0	45	F. Nguyen	Solar Drift 4	Origin Arc	07.10.2025	MV202503326	621	82,3	6,943,552	145,226	41,141,657	4,128,446	77,792	337,937	308,867	447,792	907,964	388	274,613	54280	160	8,621,309	168	39,234,836	14,124	16,870,382	4,125,057	89	0	Asia-Pacific	large	1	2	3
False	obj1948	train	0	48	C. Wright	Echo Chamber 2025	Universe Zero	05.10.2025	MV202503327	3332	57,8	30,241,988	3,142	8,846,514	1,845,920	72,553	422,797	6,246,570	24,329,136	6,059,640	307	414,095	16195	106	2,837,788	130	1,447,927	5,696	912,329	1,834,209	18	1	Europe	small	1	4	1
False	obj1949	train	0	81	S. Patel	White Noise 3	Dark Matter	28.05.2025	MV202503329	1615	107,2	5,870,571	173,394	8,229,121	2,090,823	24,673	1,050,111	993,141	1,339,658	10,580,413	209	299,434	56490	265	4,091,212	127	22,986,097	99,401	22,633,710	3,849,769	78	1	Europe	large	4	2	4
False	obj1950	train	0	35	T. Kim	Quantum Rain	New Dawn	10.11.2025	MV202503330	78	40,8	2,308,964	127,340	42,539,868	1,767,980	26,795	1,418,534	441,608	1,577,976	15,654,143	254	164,299	65210	111	3,151,767	84	26,395,391	45,966	29,592,773	4,354,568	74	1	Americas	small	0	1	1
False	obj1951	train	0	87	B. Carter	Iron Garden 2025	Legacy Cycle	11.09.2025	MV202503342	1051	64,4	23,070,726	58,206	43,210,038	16,758,299	405,684	1,617,384	5,179,656	7,669,548	7,767,768	345	60,815	22172	194	4,677,526	138	28,229,550	51,634	22,985,242	2,530,500	46	1	Asia-Pacific	large	4	4	2
False	obj1952	train	0	69	F. Nguyen	Northern Code 2025	Chronicles Saga	23.07.2025	MV202503343	4612	58	1,517,068	26,618	33,743,434	112,031	4,942	1,816,864	100,560	375,256	8,925,680	445	118,899	12910	289	3,509,005	104	36,423,527	15,490	308,703	1,727,766	62	0	Asia-Pacific	large	3	0	1
False	obj1953	train	0	62	E. Brooks	Nova Protocol 2025	Open Sky	28.02.2025	MV202503345	3340	33,4	1,006,794	10,013	47,228,953	668,846	27,713	775,958	38,147	107,192	15,845,933	169	290,948	83075	97	1,315,524	176	8,479,745	48,346	21,844,192	2,166,549	34	1	Americas	small	2	0	0
False	obj1954	train	0	80	W. Stone	Silver Transit 4	Legacy Cycle	12.09.2025	MV202503347	109	65,6	15,820,613	50,112	27,500,619	4,737,297	188,374	1,064,717	2,836,446	6,819,472	11,520,728	45	418,289	54048	198	270,919	124	23,566,071	18,233	1,053,798	2,010,085	52	0	Americas	small	3	4	2
False	obj1955	train	0	50	G. Murphy	Midnight Cartel 2025	Final Chapter	30.05.2025	MV202503348	4205	96,8	3,264,250	1,233	8,292,946	1,340,782	35,333	1,350,558	266,972	708,627	13,369,418	230	18,558	4547	132	2,985,318	69	40,602,166	3,140	13,589,209	4,501,892	10	0	Europe	medium	1	1	3
False	obj1956	train	0	46	Q. Jensen	Burning Atlas	Origin Arc	05.10.2025	MV202503360	4530	117,7	4,839,555	185,881	14,438,818	2,712,341	102,199	1,880,377	1,445,105	5,045,611	666,669	432	65,396	45501	257	8,365,097	119	27,406,110	56,212	2,956,653	2,968,910	87	0	Americas	medium	1	2	4
False	obj1957	train	0	38	V. Popov	Violet Engine 2025 3	Open Sky	07.09.2025	MV202503361	562	107,3	861,024	90,019	5,779,239	407,570	10,355	1,974,612	206,182	817,800	8,057,189	145	242,190	9464	53	4,005,499	89	32,335,558	37,581	13,755,349	1,487,284	34	0	Latin America	large	0	0	4
False	obj1958	train	0	84	W. Stone	Red Meridian	Universe Zero	24.06.2025	MV202503362	2164	81,5	3,680,590	115,774	30,395,292	1,847,897	26,239	180,876	1,037,324	1,785,566	16,256,111	207	43,317	12988	182	9,090,000	70	20,306,591	77,366	4,983,055	3,245,236	91	0	Americas	small	4	1	3
False	obj1959	train	0	75	J. Martinez	Deep Current 2025	Origin Arc	05.11.2025	MV202503363	4611	105,4	2,944,884	169,432	52,531,030	1,589,667	59,976	1,546,771	283,997	625,477	2,367,340	7	196,617	7274	71	5,724,385	57	34,137,401	57,822	24,229,159	1,540,608	24	1	Europe	large	3	1	4
False	obj1960	train	0	51	L. Nakamura	Velvet Storm	Legacy Cycle	25.04.2025	MV202503365	641	56,7	2,007,783	53,809	53,498,961	159,201	3,098	1,603,466	425,858	1,310,041	4,858,741	242	491,713	1356	215	1,014,966	124	11,726,925	26,518	7,501,002	4,596,848	23	1	Americas	small	1	0	1
False	obj1961	train	0	94	A. Volkov	Hyperion Rise 2025	New Dawn	19.04.2025	MV202503366	4371	88,1	7,563,704	79,554	40,982,039	5,570,207	87,111	1,669,708	1,373,764	3,747,273	7,002,295	66	456,668	64727	265	8,324,102	184	8,840,568	8,177	6,087,508	873,403	55	0	Americas	large	4	3	3
False	obj1962	train	0	64	O. Dubois	Crimson Archive 2	Open Sky	20.10.2025	MV202503376	2477	115,2	1,645,274	98,907	63,589,391	148,041	2,872	612,778	27,364	101,711	7,603,636	216	260,880	11193	153	5,840,012	148	13,677,668	10,319	14,142,234	3,301,281	15	0	Latin America	large	2	0	4
False	obj1963	train	0	48	E. Brooks	Golden Ratio 2025	Standalone	10.04.2025	MV202503378	2818	27,6	21,389,705	70,143	72,839,927	1,854,739	25,132	1,394,682	1,008,197	3,926,740	18,645,272	381	255,034	31330	33	6,273,736	38	25,528,106	65,703	9,214,375	3,586,350	66	0	Americas	small	1	4	0
False	obj1964	train	0	90	R. Silva	Burning Atlas	Open Sky	21.06.2025	MV202503379	48	88,9	4,257,435	2,890	44,360,592	2,669,369	73,091	900,237	588,183	1,355,688	2,470,046	374	60,202	45999	92	4,362,634	34	22,623,354	98,068	22,532,794	357,923	92	1	Latin America	large	4	2	3
False	obj1965	train	0	81	R. Silva	Iron Garden 2025	Chronicles Saga	27.10.2025	MV202503380	553	36,1	2,302,026	141,484	53,312,255	607,030	28,619	1,801,713	293,758	1,174,451	870,908	278	50,489	8331	260	9,805,169	197	32,472,612	91,337	29,312,095	4,694,517	40	1	Latin America	large	4	1	0
False	obj1966	train	0	93	H. Andersson	Parallel Lines 2025 2	Open Sky	01.11.2025	MV202503382	4011	31,3	1,826,516	77,753	46,654,058	984,074	34,019	793,684	164,775	427,120	5,403,643	374	368,312	18938	132	5,127,258	61	24,219,789	78,434	7,847,869	613,340	69	1	Asia-Pacific	large	4	0	0
False	obj1967	train	0	36	A. Volkov	Burning Atlas 2025 3	Standalone	19.08.2025	MV202503384	4159	34,8	13,344,622	26,963	67,633,080	9,678,257	254,829	429,197	3,941,712	4,861,151	64,943	102	410,771	79236	76	2,695,091	101	3,835,314	88,360	14,657,784	3,257,795	69	0	Americas	large	0	3	0
False	obj1968	train	0	35	J. Martinez	Digital Saints 2025	Prime Story	14.05.2025	MV202503394	1922	62,7	6,405,268	94,572	33,226,013	3,888,079	158,279	1,426,197	196,262	557,387	8,570,994	395	66,949	13913	57	4,820,521	32	34,164,946	59,853	16,721,846	4,586,192	89	1	Europe	large	0	2	2
False	obj1969	train	0	74	M. Chen	Midnight Cartel 2025	Dark Matter	15.04.2025	MV202503396	917	119,3	4,873,774	52,375	57,244,890	1,972,089	45,806	117,050	1,255,895	3,838,116	5,376,094	169	284,882	33530	196	3,205,662	106	14,468,694	99,366	21,012,740	662,324	26	0	Asia-Pacific	large	3	2	4
False	obj1970	train	0	92	T. Kim	Thunder Archive	Final Chapter	29.08.2025	MV202503397	4508	95,4	8,040,558	144,880	55,063,319	1,991,100	45,093	1,389,663	1,012,285	1,323,295	14,254,776	183	155,230	82245	12	3,472,306	69	38,721,113	58,325	21,285,173	1,568,863	39	0	Americas	small	4	3	3
False	obj1971	train	0	52	H. Andersson	Glass Reactor 2025	Legacy Cycle	19.02.2025	MV202503398	337	111	2,658,825	39,782	23,693,777	762,005	31,766	946,378	435,578	1,318,446	8,997,595	420	60,835	81606	78	9,096,686	122	3,144,000	7,697	15,131,715	4,551,118	14	0	Asia-Pacific	large	1	1	4
False	obj1972	train	0	59	C. Wright	City of Glass	Origin Arc	07.02.2025	MV202503399	107	67	1,102,564	124,390	15,596,971	554,783	15,491	1,874,373	168,071	438,308	6,116,990	261	479,061	17380	169	6,472,297	150	45,837,153	50,414	602,068	3,786,623	34	0	Europe	small	2	0	2
False	obj1973	train	0	47	E. Brooks	Hyperion Rise	Legacy Cycle	24.07.2025	MV202503400	3242	111,7	876,827	159,351	5,738,939	221,790	10,294	717,242	37,515	66,039	14,769,610	268	324,962	26104	278	1,102,504	66	30,760,323	58,060	5,545,767	4,519,967	27	1	Americas	small	1	0	4
False	obj1974	train	0	46	K. Olsen	Obsidian Heart 2025	New Dawn	25.05.2025	MV202503401	1849	86,4	3,298,656	87,498	30,133,202	2,394,628	39,063	1,377,378	383,464	730,795	14,825,979	62	35,058	26975	103	6,955,840	161	44,921,699	54,352	15,291,157	529,941	60	0	Americas	large	1	1	3
False	obj1975	train	0	43	Y. Tanaka	Glass Reactor 2025	Chronicles Saga	13.09.2025	MV202503402	3440	57,1	10,828,530	12,466	77,136,695	2,037,668	95,463	539,229	2,332,849	4,702,768	5,834,489	257	72,957	15354	141	3,659,709	53	5,081,987	3,164	17,317,679	4,496,527	34	0	Asia-Pacific	medium	1	3	1
False	obj1976	train	0	54	J. Martinez	Broken Compass 2025	Standalone	12.11.2025	MV202503349	2989	45,8	3,697,637	114,627	6,068,038	2,192,077	29,947	560,637	970,841	3,804,012	6,435,305	3	113,005	50418	170	1,598,343	65	42,225,946	92,249	26,849,269	388,585	1	0	Europe	large	1	1	1
False	obj1977	train	0	51	V. Popov	Burning Atlas 2025	Origin Arc	10.08.2025	MV202503350	544	115,3	3,510,373	34,740	71,842,198	432,686	11,445	950,206	43,010	111,644	653,813	226	259,453	43663	102	6,917,661	30	16,319,590	90,875	6,506,304	4,028,445	86	0	Latin America	large	1	1	4
False	obj1978	train	0	43	A. Volkov	Kinetic Prayer 2025 4	Prime Story	01.01.2025	MV202503351	4518	46,6	10,054,035	162,020	15,088,895	6,361,631	250,878	1,169,915	2,111,849	3,410,276	6,647,775	339	204,486	85828	120	2,984,804	134	21,177,220	18,514	5,819,103	1,876,344	64	1	Americas	large	1	3	1
False	obj1979	train	0	73	I. Hassan	Midnight Cartel	Open Sky	25.04.2025	MV202503353	4337	72	2,130,866	857	18,514,024	1,333,430	55,212	718,246	55,655	112,814	3,308,034	214	372,289	63896	262	2,558,005	173	40,084,042	82,910	26,436,833	3,891,326	66	0	Americas	large	3	0	2
False	obj1980	train	0	84	P. Singh	Silver Transit 2025	New Dawn	04.05.2025	MV202503354	759	34,1	4,663,239	198,320	20,443,223	1,292,505	46,265	883,111	118,061	391,394	6,178,690	410	166,127	58861	13	613,248	17	31,202,269	16,955	29,818,167	2,699,478	34	1	Latin America	small	4	2	0
False	obj1981	train	0	46	F. Nguyen	Lunar Cartography 2025	Dark Matter	29.12.2025	MV202503355	202	53,1	29,078,082	117,222	46,762,692	9,872,650	211,375	83,834	8,223,090	14,381,639	19,612,085	475	413,436	18045	16	4,205,499	72	42,358,373	19,976	25,949,057	2,711,739	61	1	Asia-Pacific	large	1	4	1
False	obj1982	train	0	47	P. Singh	Iron Garden 2025	New Dawn	03.09.2025	MV202503356	4108	35,1	6,374,727	104,913	17,024,750	529,264	13,003	1,634,271	1,515,027	4,682,943	7,022,213	14	241,289	35585	227	8,920,511	63	28,251,009	5,673	10,611,997	2,893,549	50	0	Latin America	small	1	2	0
False	obj1983	train	0	72	J. Martinez	Last Signal 2025	New Dawn	21.09.2025	MV202503367	3621	17,1	2,472,354	150,247	34,341,690	686,579	9,299	1,973,775	331,082	913,758	2,423,261	466	97,575	63366	196	2,528,552	92	268,192	12,352	9,153,184	1,860,689	68	0	Europe	large	3	1	0
False	obj1984	train	0	92	I. Hassan	Quantum Rain	Legacy Cycle	05.08.2025	MV202503369	3287	80,4	4,265,145	41,071	57,947,799	535,572	24,819	1,301,468	132,545	490,583	4,059,074	479	158,275	63203	268	1,907,105	59	39,000,021	38,404	23,303,626	4,070,756	91	0	Americas	large	4	2	3
False	obj1985	train	0	82	C. Wright	Final Orbit 2025	Prime Story	30.04.2025	MV202503371	1340	45,2	59,441,538	199,800	33,245,476	14,147,377	574,408	1,806,620	14,613,584	57,000,480	18,865,091	395	158,286	1132	139	1,657,344	121	14,246,028	23,523	4,483,599	109,656	98	0	Europe	small	4	4	1
False	obj1986	train	0	58	H. Andersson	Thunder Archive	Chronicles Saga	13.04.2025	MV202503373	799	38,8	7,473,782	162,986	61,433,167	2,440,621	106,600	1,584,826	1,714,637	4,069,402	11,154,398	136	370,243	5638	137	1,304,893	124	36,700,790	82,945	19,267,902	3,889,557	76	0	Asia-Pacific	large	2	3	1
False	obj1987	train	0	68	J. Martinez	Blue Static 2025	Prime Story	25.06.2025	MV202503375	2329	37,9	4,631,630	60,791	36,824,060	1,161,181	50,198	1,012,676	805,333	2,896,719	288,345	420	35,029	95733	216	8,996,362	36	1,106,199	95,262	3,069,850	4,182,577	7	0	Europe	large	2	2	1
False	obj1988	train	0	64	T. Kim	Crystal Fault 2025	New Dawn	09.02.2025	MV202503386	1513	94,1	4,355,846	51,299	46,392,539	1,897,142	23,497	792,846	727,205	2,151,271	1,268,394	383	157,631	36117	131	6,486,541	44	23,746,768	51,542	5,708,494	777,724	84	0	Americas	small	2	2	3
False	obj1989	train	0	41	B. Carter	Nova Protocol	Standalone	10.04.2025	MV202503388	1386	103,6	15,379,413	176,432	38,819,924	9,259,925	140,104	943,373	3,914,507	15,488,756	14,671,981	43	226,357	20025	77	8,475,867	30	16,568,886	85,815	22,426,963	3,018,200	64	0	Asia-Pacific	large	0	4	4
False	obj1990	train	0	54	V. Popov	Nova Protocol 2025	Legacy Cycle	14.09.2025	MV202503392	3640	87,6	2,896,380	195,853	3,749,079	1,596,266	61,692	537,733	379,033	1,403,643	13,589,524	326	129,937	40433	266	7,978,163	86	12,731,298	52,884	7,576,811	2,389,403	27	0	Latin America	large	1	1	3
False	obj1991	train	0	70	B. Carter	City of Glass 2025 3	Origin Arc	25.12.2025	MV202503393	1596	95,9	1,605,890	92,141	19,735,639	1,065,254	35,559	709,226	452,450	1,544,844	13,953,057	424	393,274	55183	197	5,383,209	5	10,399,881	49,704	16,252,236	4,857,572	72	0	Asia-Pacific	large	3	0	3
False	obj1992	train	0	81	S. Patel	Crimson Archive 2025 4	Dark Matter	02.11.2025	MV202503403	4337	103,3	2,050,322	134,896	75,825,965	373,637	11,201	1,630,317	101,624	231,632	4,548,064	37	111,279	9446	244	2,123,429	130	48,678,490	65,606	17,731,216	6,872	91	0	Europe	large	4	0	4
False	obj1993	train	0	48	Y. Tanaka	Paper Kingdom 2025	New Dawn	19.03.2025	MV202503404	544	98,4	22,870,304	22,076	64,387,290	15,952,856	360,827	1,886,785	5,069,925	20,262,244	12,099,747	224	42,085	35950	297	8,736,801	186	12,900,641	44,604	12,579,339	3,090,098	60	0	Asia-Pacific	medium	1	4	3
False	obj1994	train	0	32	B. Carter	Final Orbit 2025	Final Chapter	07.12.2025	MV202503405	3807	85,4	5,111,595	128,784	15,321,025	3,353,778	38,886	935,546	54,239	81,533	17,688,573	188	328,294	1229	195	961,784	57	33,915,214	51,229	4,702,634	4,714,283	15	1	Asia-Pacific	large	0	2	3
False	obj1995	train	0	67	M. Chen	Kinetic Prayer 2025	Open Sky	30.09.2025	MV202503406	472	107,9	3,802,296	131,551	42,523,747	2,655,322	104,525	1,739,869	737,509	1,771,163	7,138,231	274	229,273	28393	259	9,669,133	20	15,584,906	78,722	23,087,118	2,847,136	52	0	Asia-Pacific	large	2	1	4
False	obj1996	train	0	66	P. Singh	Ocean of Stars 2	Prime Story	12.11.2025	MV202503407	3536	38,4	12,937,892	109,401	12,785,235	1,746,065	72,596	1,238,458	228,134	442,127	2,449,452	271	331,417	70528	151	9,662,812	42	33,893,285	50,432	26,168,038	2,422,470	20	1	Latin America	small	2	3	1
False	obj1997	train	0	76	Z. Ali	White Noise	Open Sky	01.06.2025	MV202503408	4515	77,1	4,140,273	156,973	17,432,821	3,175,581	59,255	1,729,383	622,044	1,724,181	2,029,673	386	150,486	83359	33	1,666,649	165	14,051,972	36,214	21,360,612	4,704,671	83	0	Latin America	small	3	2	2
False	obj1998	train	0	76	O. Dubois	Stone Butterfly 2025	New Dawn	28.03.2025	MV202503409	295	47,4	3,058,544	172,354	11,763,601	1,304,672	52,790	1,385,435	95,726	280,942	5,140,979	196	231,012	41664	255	2,052,580	31	12,556,693	91,685	22,143,331	1,884,036	16	0	Latin America	large	3	1	1
False	obj1999	train	0	81	H. Andersson	Arctic Pulse 2025	Universe Zero	15.04.2025	MV202503422	247	110,5	1,742,121	121,099	35,444,772	1,032,073	51,478	1,576,190	82,618	112,430	15,072,521	23	141,932	37005	39	2,658,803	112	39,579,984	88,474	25,715,672	4,002,800	64	0	Asia-Pacific	large	4	0	4
False	obj2000	train	0	62	Z. Ali	Final Orbit 2025 2	Chronicles Saga	03.03.2025	MV202503423	1789	39,4	1,723,651	63,585	46,803,342	1,024,678	40,447	300,733	347,622	554,830	12,659,591	185	172,042	70633	182	7,950,865	152	16,528,206	65,891	20,153,294	1,123,654	18	1	Latin America	small	2	0	1
False	obj2001	train	0	74	E. Brooks	Iron Garden 2025	Legacy Cycle	14.02.2025	MV202503424	270	39,1	42,330,322	7,665	10,848,709	33,839,829	1,590,619	552,650	9,072,523	11,544,916	14,306,072	431	401,001	9322	173	4,758,749	189	26,544,349	29,368	2,385,054	3,006,915	88	0	Americas	small	3	4	1
False	obj2002	train	0	93	N. Fischer	Hollow Crown 2025	Universe Zero	06.12.2025	MV202503425	2132	24,2	22,761,710	57,339	17,885,657	9,332,727	143,131	1,888,184	874,530	1,739,822	10,945,218	329	92,331	7450	163	1,547,526	136	34,277,364	11,440	24,478,702	2,603,828	2	1	Europe	small	4	4	0
False	obj2003	train	0	36	L. Nakamura	Kinetic Prayer 2025	Chronicles Saga	09.01.2025	MV202503426	2672	43,1	10,998,922	110,644	50,100,314	3,840,815	81,765	518,483	3,047,758	5,175,601	19,139,917	142	9,922	79157	91	1,232,768	125	38,035,058	30,981	18,282,860	1,965,723	88	0	Americas	small	0	3	1
False	obj2004	train	0	72	N. Fischer	Feral Harmony 2025	Standalone	19.12.2025	MV202503427	3600	68,7	16,432,081	100,282	24,582,167	1,128,391	19,977	359,378	1,517,868	2,622,032	17,295,017	66	164,494	86560	278	5,252,745	175	40,639,307	99,205	6,529,047	1,574,934	87	0	Europe	small	3	4	2
False	obj2005	train	0	87	L. Nakamura	Ember Valley 2025 4	Final Chapter	24.02.2025	MV202503428	3154	75,8	5,165,265	128,472	57,740,954	705,627	32,873	1,242,164	709,812	2,123,174	800,248	337	420,507	9184	173	181,107	155	38,317,396	73,350	12,395,386	4,190,174	32	1	Americas	small	4	2	2
False	obj2006	train	0	92	I. Hassan	Ocean of Stars 4	Legacy Cycle	05.05.2025	MV202503439	1779	50,4	3,172,352	79,662	23,540,975	2,297,652	114,323	252,792	132,661	483,788	10,160,174	397	487,236	32133	23	2,239,640	143	37,786,175	19,208	23,948,180	2,382,175	23	1	Americas	large	4	1	1
False	obj2007	train	0	74	H. Andersson	Parallel Lines 2025	New Dawn	08.12.2025	MV202503441	345	15,5	7,019,896	41,804	43,860,953	1,411,337	39,632	1,494,397	1,505,925	5,030,108	10,122,623	423	5,891	45983	201	2,569,377	173	23,990,261	17,512	11,940,575	2,335,930	52	0	Asia-Pacific	large	3	2	0
False	obj2008	train	1	82	N. Fischer	Last Signal 2025	Legacy Cycle	19.08.2025	MV202503444	2497	66,4	215,268,832	31,554	78,527,936	135,957,438	3,493,284	825,710	50,168,257	110,709,104	14,745,205	415	330,364	31104	66	1,366,454	76	32,564,744	44,865	22,493,401	3,090,346	37	0	Europe	small	4	4	2
False	obj2009	train	0	75	R. Silva	Final Orbit 2025	Origin Arc	24.11.2025	MV202503445	1110	60,4	16,902,644	22,300	28,103,697	6,636,023	218,813	1,511,424	3,354,519	4,210,675	7,596,371	191	13,516	16241	72	9,478,430	162	43,231,029	26,030	18,276,769	2,610,792	9	0	Latin America	large	3	4	2
False	obj2010	train	0	58	Q. Jensen	Winter Echo 2025	Final Chapter	04.05.2025	MV202503446	3983	72,5	1,332,777	140,730	50,792,140	730,504	29,990	356,717	249,213	327,746	8,245,232	83	39,012	55943	204	934,736	153	3,250,426	12,720	1,949,148	3,579,575	62	0	Americas	medium	2	0	2
False	obj2011	train	0	54	B. Carter	Binary Sunset 2025	Universe Zero	25.12.2025	MV202503457	73	18,8	21,404,141	180,234	1,241,066	9,211,162	414,968	407,483	5,228,462	18,129,516	5,728,973	142	73,664	34588	293	3,709,781	126	18,130,735	10,825	8,725,892	701,488	1	1	Asia-Pacific	large	1	4	0
False	obj2012	train	0	48	O. Dubois	Blue Static 2025	New Dawn	01.05.2025	MV202503458	4179	16,4	5,999,151	135,862	22,790,890	3,574,880	81,550	1,960,097	1,361,216	3,512,907	16,673,947	215	152,389	84166	94	4,122,244	92	21,035,512	35,432	3,031,418	417,059	48	1	Latin America	large	1	2	0
False	obj2013	train	0	58	E. Brooks	Last Signal 2025	Dark Matter	25.06.2025	MV202503459	1104	115	10,060,423	139,279	22,636,521	3,223,326	50,354	330,903	2,017,735	6,437,729	17,956,583	465	10,954	96648	195	9,523,491	90	17,204,416	40,217	20,893,031	2,911,771	59	1	Americas	small	2	3	4
False	obj2014	train	0	80	Y. Tanaka	Silent Protocol 2025 3	Standalone	26.06.2025	MV202503460	4016	50	3,368,391	145,234	16,632,798	349,014	5,956	73,924	80,335	183,970	18,053,479	121	329,820	54085	256	573,003	186	48,118,789	82,476	22,598,572	418,786	87	0	Asia-Pacific	medium	3	1	1
False	obj2015	train	0	78	D. Rossi	City of Glass 2	Dark Matter	27.06.2025	MV202503461	2349	98,6	8,893,114	186,727	7,302,737	5,035,833	121,729	243,268	1,150,321	3,681,990	5,886,327	153	263,601	48712	243	9,165,696	49	42,431,728	34,916	26,818,583	3,119,631	51	0	Latin America	medium	3	3	3
False	obj2016	train	0	89	P. Singh	Silent Protocol 2025	Prime Story	25.08.2025	MV202503463	1144	41,1	11,182,674	154,372	65,807,236	8,489,849	164,010	840,882	141,799	215,534	14,217,381	138	205,188	54528	49	2,144,325	107	27,534,813	2,118	2,251,079	1,865,575	24	0	Latin America	small	4	3	1
False	obj2017	train	0	65	O. Dubois	Thunder Archive	Dark Matter	24.04.2025	MV202503464	575	119,7	2,454,633	157,250	53,076,347	402,197	14,384	1,295,588	70,634	228,641	19,660,027	284	95,932	85263	59	4,796,592	196	40,762,741	26,591	25,022,252	1,239,848	29	0	Latin America	large	2	1	4
False	obj2018	train	0	61	W. Stone	Neon Horizon 2025	Final Chapter	15.01.2025	MV202503475	3378	114	6,646,553	122,822	11,355,312	1,021,804	24,312	1,493,511	1,218,010	2,284,404	13,560,272	383	6,927	87149	54	3,115,993	47	39,471,464	23,890	3,912,387	1,484,812	46	1	Americas	small	2	2	4
False	obj2019	train	0	56	G. Murphy	Hollow Crown 3	New Dawn	30.10.2025	MV202503479	1676	91,5	9,422,215	83,352	5,368,374	3,165,547	99,188	1,173,985	117,908	328,328	8,975,900	390	380,528	9731	244	1,475,207	62	7,533,200	70,773	13,628,015	1,366,628	78	1	Europe	medium	2	3	3
False	obj2020	train	0	84	N. Fischer	Feral Harmony 2025	Open Sky	08.09.2025	MV202503480	701	51,3	13,803,494	178,321	59,713,328	10,319,347	301,963	27,771	3,740,400	5,208,469	9,593,145	236	25,468	41650	145	7,936,887	19	23,513,054	49,386	29,517,918	736,597	35	0	Europe	small	4	4	1
False	obj2021	train	0	89	E. Brooks	Burning Atlas 2025	Chronicles Saga	05.07.2025	MV202503481	2997	55,7	14,208,991	116,120	54,654,831	8,893,554	362,290	1,909,033	1,121,314	2,749,379	1,979,155	52	294,451	14661	204	4,346,635	2	42,280,654	53,559	14,127,756	3,973,254	81	0	Americas	small	4	4	1
False	obj2022	train	0	71	Y. Tanaka	Crimson Archive	Dark Matter	05.03.2025	MV202503482	2413	79,5	33,681,593	147,516	23,636,769	10,569,220	430,654	169,917	356,581	919,963	2,246,370	445	122,184	96880	40	9,864,324	60	46,772,353	14,846	18,527,034	3,720,419	1	0	Asia-Pacific	medium	3	4	3
False	obj2023	train	0	84	P. Singh	Crystal Fault 2025	New Dawn	14.12.2025	MV202503413	525	46,8	4,641,208	52,567	22,399,980	1,344,532	41,140	865,097	250,292	593,175	1,253,425	77	454,332	77467	33	7,856,689	161	36,455,838	75,949	14,758,276	737,409	19	0	Latin America	small	4	2	1
False	obj2024	train	0	35	J. Martinez	Violet Engine 2025	Prime Story	28.06.2025	MV202503414	33	56,6	13,856,752	129,817	71,725,213	10,516,862	422,092	1,566,176	3,426,484	7,547,250	5,971,487	33	260,205	55075	236	2,888,495	182	28,430,493	67,365	3,930,400	2,116,454	95	0	Europe	large	0	4	1
False	obj2025	train	0	38	S. Patel	Shadow Circuit	Legacy Cycle	21.02.2025	MV202503419	4168	76,3	7,052,532	125,354	14,950,523	1,300,983	20,370	1,355,950	2,056,973	5,709,929	2,443,147	84	265,659	21790	106	2,040,516	111	17,060,728	43,772	10,924,078	3,805,072	85	0	Europe	large	0	2	2
False	obj2026	train	0	64	S. Patel	Ember Valley	Legacy Cycle	07.12.2025	MV202503420	4034	42,1	341,698	69,316	20,284,123	25,929	303	1,342,235	17,723	64,672	17,240,598	72	24,787	30036	175	9,855,203	135	46,161,360	25,730	4,423,540	22,024	6	0	Europe	large	2	0	1
False	obj2027	train	0	41	E. Brooks	Deep Current 2025	New Dawn	25.04.2025	MV202503430	407	108,6	11,511,451	178,408	38,389,830	4,193,802	62,625	895,302	2,234,467	3,177,043	1,973,741	91	133,347	30155	125	3,334,006	115	8,975,691	64,596	14,238,402	411,513	45	0	Americas	small	0	3	4
False	obj2028	train	0	47	E. Brooks	Blue Static 2025	Final Chapter	08.05.2025	MV202503431	557	69,6	14,983,266	122,827	76,771,296	2,011,828	38,252	559,583	4,277,060	11,533,258	7,978,554	384	28,221	67296	81	2,618,133	82	38,170,145	75,667	21,738,393	4,034,449	53	0	Americas	small	1	4	2
False	obj2029	train	0	33	Y. Tanaka	Glass Reactor 2	Chronicles Saga	22.02.2025	MV202503432	425	101,5	21,855,334	77,357	75,510,540	4,485,085	90,831	1,001,961	600,841	2,308,796	1,023,734	397	336	64046	105	9,091,549	24	10,968,577	65,922	20,989,352	2,880,471	66	0	Asia-Pacific	medium	0	4	4
False	obj2030	train	0	40	F. Nguyen	Midnight Cartel 2025 2	Final Chapter	21.11.2025	MV202503436	4883	112,4	24,912,025	113,605	25,182,007	1,518,794	43,319	221,736	1,468,686	4,532,970	8,679,075	347	40,439	67834	142	4,119,595	39	19,641,911	66,379	26,254,016	4,887,892	73	1	Asia-Pacific	large	0	4	4
False	obj2031	train	0	32	O. Dubois	Hollow Crown 2025 4	Standalone	17.02.2025	MV202503437	4793	78,5	5,340,604	75,745	10,256,361	1,284,299	26,525	602,819	552,921	1,559,463	10,969,482	241	22,274	31717	153	9,919,499	4	5,243,871	5,294	750,665	2,958,834	90	1	Latin America	large	0	2	3
False	obj2032	train	0	30	E. Brooks	Nova Protocol	Universe Zero	06.06.2025	MV202503448	1443	60,3	1,176,681	131,520	45,800,216	897,106	11,025	959,715	56,399	118,035	8,412,020	203	206,210	70064	144	1,548,393	168	29,994,609	4,531	28,169,580	2,346,088	64	1	Americas	small	0	0	2
False	obj2033	train	0	36	M. Chen	Obsidian Heart	Final Chapter	27.04.2025	MV202503449	924	50,4	18,628,971	115,538	375,762	8,046,063	363,888	271,698	5,219,665	13,208,395	17,736,014	222	422,511	78384	128	2,791,784	17	21,429,328	30,045	26,146,730	158,349	60	0	Asia-Pacific	large	0	4	1
False	obj2034	train	0	37	R. Silva	Obsidian Heart 2025	Chronicles Saga	15.12.2025	MV202503450	3445	89,6	71,246,087	169,690	14,284,661	29,239,353	765,033	385,927	16,171,831	43,340,413	3,949,669	29	413,710	60253	116	4,454,385	85	49,633,623	88,335	16,129,323	2,361,665	96	0	Latin America	large	0	4	3
False	obj2035	train	0	59	Q. Jensen	Ocean of Stars 2025	Prime Story	13.01.2025	MV202503452	2730	68,5	5,805,557	172,384	46,310,698	3,417,574	113,439	955,802	318,989	1,219,891	4,832,636	208	229,402	70075	78	4,162,059	142	23,083,377	57,059	27,703,612	2,238,719	97	0	Americas	medium	2	2	2
False	obj2036	train	0	81	O. Dubois	Binary Sunset	Chronicles Saga	09.06.2025	MV202503455	2580	110,6	1,057,689	116,441	40,731,289	537,692	19,547	313,984	20,331	75,725	676,759	418	420,719	55670	146	7,729,214	45	9,671,317	68,783	9,541,751	4,670,754	57	0	Latin America	large	4	0	4
False	obj2037	train	0	34	L. Nakamura	Echo Chamber	Standalone	30.08.2025	MV202503466	1529	95,6	4,471,525	30,655	64,549,448	1,068,877	47,279	1,289,017	730,045	1,564,574	7,819,989	150	196,936	72091	116	6,624,743	51	37,583,735	53,447	12,564,501	4,193,511	49	0	Americas	small	0	2	3
False	obj2038	train	0	76	Z. Ali	Ghost Frequency 3	Standalone	30.11.2025	MV202503468	920	70,6	6,650,367	2,577	31,943,772	1,244,104	59,329	1,073,544	492,997	1,304,640	14,636,964	191	435,332	60371	70	308,312	163	38,333,906	91,184	8,257,674	2,012,010	19	0	Latin America	small	3	2	2
False	obj2039	train	0	46	Y. Tanaka	Quantum Rain	Standalone	25.10.2025	MV202503469	2153	84,1	378,705	99,963	25,974,522	254,946	8,341	227,773	5,112	9,262	7,856,264	211	68,828	67002	177	6,458,077	43	22,008,738	40,262	24,243,948	923,937	48	0	Asia-Pacific	medium	1	0	3
False	obj2040	train	0	40	G. Murphy	Solar Drift	Open Sky	06.05.2025	MV202503472	1535	51,2	3,320,335	109,117	18,716,922	1,774,114	53,502	454,969	539,295	1,235,180	6,296,291	443	736	25219	268	3,721,174	186	1,228,942	97,731	5,384,914	1,091,143	1	1	Europe	medium	0	1	1
False	obj2041	train	0	81	N. Fischer	Ocean of Stars	Universe Zero	20.06.2025	MV202503473	1857	109,6	788,974	28,343	58,586,972	406,734	19,400	609,828	99,285	292,136	7,444,608	198	391,271	44596	192	1,113,147	165	21,809,005	89,261	28,817,881	266,759	79	1	Europe	small	4	0	4
False	obj2042	train	0	72	M. Chen	Frozen Ledger 2025	Origin Arc	14.07.2025	MV202503474	4165	111	5,274,983	189,405	11,147,470	2,971,360	42,250	1,029,363	206,745	606,851	8,844,264	321	454,155	69030	274	3,840,356	50	32,030,175	90,005	9,370,808	1,253,438	9	0	Asia-Pacific	large	3	2	4
False	obj2043	train	0	82	W. Stone	Lunar Cartography 2025	Origin Arc	13.01.2025	MV202503484	2785	41,9	12,582,841	124,111	7,989,690	2,216,409	91,923	1,034,854	1,891,194	3,422,921	17,759,790	432	91,318	60739	256	7,025,146	183	19,919,798	15,112	748,616	2,996,868	25	0	Americas	small	4	3	1
False	obj2044	train	0	83	T. Kim	Ghost Frequency 2025	Prime Story	13.01.2025	MV202503486	765	42,1	413,322	185,135	67,154,901	316,869	9,082	1,890,084	30,819	51,920	5,831,996	462	170,423	78871	192	6,271,304	81	36,319,906	9,927	24,233,452	1,167,125	59	0	Americas	small	4	0	1
False	obj2045	train	0	51	Z. Ali	Hollow Crown 2025	Origin Arc	06.12.2025	MV202503487	328	72,6	3,121,717	82,539	78,619,821	1,393,961	42,295	1,306,908	784,088	2,216,123	4,185,123	69	399,515	79814	288	3,725,589	196	490,150	13,477	18,812,451	558,713	39	0	Latin America	small	1	1	2
False	obj2046	train	0	82	J. Martinez	Ghost Frequency 2025	Prime Story	31.07.2025	MV202503489	735	20,1	8,597,477	68,938	27,145,358	5,348,261	186,102	693,634	451,264	627,231	18,706,886	136	104,506	87424	212	7,199,725	1	23,543,139	63,899	6,197,255	1,140,408	25	1	Europe	large	4	3	0
False	obj2047	train	0	66	S. Patel	Northern Code	Prime Story	23.11.2025	MV202503491	1507	17,7	2,727,612	96,738	56,231,308	302,806	5,873	748,253	250,131	493,302	16,938,634	447	294,792	82365	174	2,505,366	0	28,073,797	82,894	14,014,923	3,180,504	66	0	Europe	large	2	1	0
False	obj2048	train	0	30	T. Kim	Burning Atlas 2025	New Dawn	08.11.2025	MV202503502	4001	114,4	3,807,458	24,822	58,779,627	1,490,014	63,302	344,570	525,316	1,327,264	3,256,574	129	295,116	7830	167	3,795,374	161	49,702,890	50,447	25,934,973	1,237,867	84	0	Americas	small	0	1	4
False	obj2049	train	0	46	V. Popov	Hyperion Rise	Standalone	04.07.2025	MV202503503	1104	116,1	780,025	98,213	75,609,003	433,330	5,354	1,767,126	72,334	111,074	16,498,730	360	383,488	98407	23	8,722,527	188	43,305,143	9,908	7,161,688	4,667,528	60	0	Latin America	large	1	0	4
False	obj2050	train	0	80	N. Fischer	Broken Compass	Open Sky	21.05.2025	MV202503504	3633	81,1	4,329,700	161,283	52,416,954	1,272,170	13,866	804,585	671,219	1,182,995	13,535,537	275	418,300	52662	214	1,672,185	48	43,939,132	97,134	28,160,070	4,674,608	39	0	Europe	small	3	2	3
False	obj2051	train	0	69	R. Silva	Crystal Fault 2025	Prime Story	14.03.2025	MV202503505	930	67,2	10,893,762	181,807	12,033,828	2,592,441	29,589	1,053,158	1,335,655	2,506,581	4,340,570	474	99,678	77746	203	1,711,308	133	36,304,489	92,440	10,268,937	4,973,306	64	0	Latin America	large	3	3	2
False	obj2052	train	0	90	T. Kim	Northern Code	Universe Zero	28.07.2025	MV202503506	2866	69,3	17,429,211	162,774	41,469,954	13,497,814	354,756	1,700,712	3,370,911	4,092,654	10,333,029	163	245,071	53369	83	210,597	166	33,373,889	50,119	6,950,973	1,713,903	86	0	Americas	small	4	4	2
False	obj2053	train	0	43	F. Nguyen	Iron Garden	New Dawn	16.03.2025	MV202503508	4542	33	2,148,702	116,223	14,553,336	1,049,365	39,095	1,626,808	489,982	1,242,847	12,620,990	245	22,964	96336	85	414,281	84	26,421,316	49,458	879,011	3,892,887	22	0	Asia-Pacific	large	1	0	0
False	obj2054	train	0	38	K. Olsen	White Noise	Universe Zero	17.03.2025	MV202503510	2853	59,6	758,687	59,587	3,169,322	159,318	5,820	135,932	65,061	190,072	757,329	405	343,501	25258	156	2,179,474	2	15,829,850	45,817	26,232,398	325,483	7	0	Americas	large	0	0	2
False	obj2055	train	0	76	G. Murphy	Arctic Pulse 2025 3	Open Sky	21.04.2025	MV202503521	4557	38,1	1,250,129	115,725	76,106,762	999,194	12,154	1,140,695	324,293	500,639	14,883,389	202	308,873	88420	103	8,135,097	2	30,981,702	40,137	7,908,426	470,009	45	1	Europe	medium	3	0	1
False	obj2056	train	0	49	K. Olsen	Ember Valley 2025	New Dawn	01.12.2025	MV202503522	2923	55,2	19,814,998	149,290	62,376,751	1,710,120	18,762	943,960	5,758,793	7,763,679	2,307,613	78	212,329	88331	286	3,010,108	151	29,073,872	45,428	24,718,323	4,608,242	17	0	Americas	large	1	4	1
False	obj2057	train	0	67	T. Kim	Frozen Ledger 2025	Prime Story	15.04.2025	MV202503528	1069	45,1	570,215	46,216	46,753,737	174,459	7,649	266,074	48,098	131,444	11,336,817	175	207,107	47736	281	2,445,691	179	27,379,121	61,024	4,009,976	2,556,998	80	0	Americas	small	2	0	1
False	obj2058	train	0	86	T. Kim	Paper Kingdom 2025 2	Open Sky	19.12.2025	MV202503538	4260	114,4	10,219,684	185,412	26,819,873	4,208,498	93,501	863,292	1,796,608	5,533,260	13,848,399	182	215,156	86899	62	4,342,082	71	7,764,592	21,516	10,785,087	872,505	1	0	Americas	small	4	3	4
False	obj2059	train	0	64	D. Rossi	Iron Garden 2025	Standalone	17.03.2025	MV202503540	98	73,3	8,303,044	79,265	74,042,832	6,444,041	76,867	110,328	392,530	974,472	2,001,237	393	58,604	67034	279	277,313	121	15,227,741	21,794	367,339	712,775	96	0	Latin America	medium	2	3	2
False	obj2060	train	0	62	C. Wright	Violet Engine 3	Final Chapter	16.06.2025	MV202503541	1300	106	2,574,324	119,665	21,946,879	1,724,549	48,454	442,721	421,036	780,090	15,793,613	276	427,419	14025	64	9,879,732	26	937,330	77,670	15,260,617	3,734,431	97	0	Europe	small	2	1	4
False	obj2061	train	0	30	C. Wright	Jade Frequency 2025	Final Chapter	15.09.2025	MV202503542	4090	46,7	37,682,482	86,654	23,332,136	13,258,527	328,062	1,122,598	8,467,394	26,140,311	19,610,656	221	129,462	92758	46	4,480,259	103	3,410,488	89,290	18,292,136	3,711,325	37	1	Europe	small	0	4	1
False	obj2062	train	0	39	R. Silva	Binary Sunset 2025	New Dawn	10.08.2025	MV202503543	1120	93	21,100,578	119,893	32,967,503	16,599,715	714,290	1,231,782	3,099,011	8,249,748	7,702,113	259	3,346	90291	264	5,043,278	143	18,793,141	44,161	19,442,396	2,896,210	7	0	Latin America	large	0	4	3
False	obj2063	train	0	83	B. Carter	Broken Compass 2025	Final Chapter	12.02.2025	MV202503546	3224	65,6	6,677,115	84,217	55,487,334	1,492,321	60,074	1,979,497	1,480,586	5,901,320	2,377,717	460	417,410	47089	255	5,984,409	189	7,662,001	86,020	18,636,665	4,016,976	7	0	Asia-Pacific	large	4	2	2
False	obj2064	train	0	54	S. Patel	Digital Saints 2025	Universe Zero	21.09.2025	MV202503495	1633	105,5	3,444,493	13,822	36,509,199	1,500,635	36,955	1,358,516	300,341	851,334	4,415,097	216	151,035	96403	146	3,841,029	31	44,191,210	37,119	1,678,220	296,845	81	1	Europe	large	1	1	4
False	obj2065	train	0	37	C. Wright	Binary Sunset 2025	New Dawn	16.12.2025	MV202503496	1808	25,4	2,465,009	48,364	4,728,894	541,338	15,367	1,769,124	360,300	1,106,877	7,892,452	98	251,802	54721	172	1,343,028	71	14,278,439	76,907	16,450,063	252,459	17	0	Europe	small	0	1	0
False	obj2066	train	0	93	N. Fischer	Feral Harmony 3	Universe Zero	03.02.2025	MV202503497	792	91,4	1,866,237	17,282	4,014,948	762,403	31,916	1,492,851	266,572	484,289	15,596,207	150	210,946	51208	19	2,580,920	157	38,001,312	69,527	7,949,344	4,958,738	31	0	Europe	small	4	0	3
False	obj2067	train	0	89	N. Fischer	White Noise 2025	New Dawn	09.03.2025	MV202503499	1064	53,8	9,081,442	72,892	70,479,542	5,093,671	108,867	1,266,055	574,682	2,191,572	18,345,722	64	204,500	5100	158	8,061,968	198	48,316,622	77,666	21,257,677	219,935	62	0	Europe	small	4	3	1
False	obj2068	train	0	83	L. Nakamura	Broken Compass	Prime Story	01.06.2025	MV202503500	4230	111,7	7,731,031	24,502	44,672,983	827,015	23,108	819,033	1,903,954	7,285,646	3,373,246	196	484,294	15666	81	8,943,238	9	41,232,465	93,639	21,843,488	943,031	58	0	Americas	small	4	3	4
False	obj2069	train	0	83	J. Martinez	Parallel Lines 2025	Open Sky	16.10.2025	MV202503501	251	46,6	1,259,820	139,243	29,580,152	918,136	35,723	1,840,317	167,083	654,208	4,777,371	145	129,221	51697	187	6,680,592	45	10,791,513	78,028	16,031,339	4,384,471	26	1	Europe	large	4	0	1
False	obj2070	train	0	57	L. Nakamura	Stone Butterfly 2025	Standalone	24.06.2025	MV202503513	1496	45,1	3,600,739	122,562	42,554,840	1,828,209	74,494	1,817,597	145,941	340,840	7,901,139	425	425,813	54649	74	5,156,270	163	36,376,566	62,682	8,239,572	3,982,832	71	0	Americas	small	2	1	1
False	obj2071	train	0	71	H. Andersson	Obsidian Heart	Chronicles Saga	10.01.2025	MV202503517	2745	29,6	1,998,823	170,745	49,616,076	590,495	21,597	1,953,072	22,983	32,697	19,958,260	86	207,046	59073	64	5,120,900	106	34,455,112	19,682	22,753,964	2,536,560	52	0	Asia-Pacific	large	3	0	0
False	obj2072	train	0	49	D. Rossi	Neon Horizon 2025 3	Universe Zero	10.10.2025	MV202503518	1802	55,8	5,342,011	99,551	53,986,745	3,487,055	53,762	1,868,330	1,133,769	4,207,063	11,797,226	207	129,061	24143	297	4,897,337	129	31,788,450	89,120	14,389,679	4,008,136	30	0	Latin America	medium	1	2	1
False	obj2073	train	0	67	B. Carter	Violet Engine 2025 2	Dark Matter	22.12.2025	MV202503531	4476	105,9	3,185,952	44,795	58,215,589	178,497	8,750	1,136,764	569,850	1,420,251	3,481,856	200	172,971	21225	143	741,363	93	2,545,628	78,428	6,193,469	2,893,360	20	0	Asia-Pacific	large	2	1	4
False	obj2074	train	0	75	A. Volkov	Kinetic Prayer 2025 3	Prime Story	24.04.2025	MV202503532	3762	43	9,098,449	34,071	11,887,125	3,344,860	146,213	1,620,513	1,197,269	4,182,308	16,647,849	313	404,672	87673	26	5,648,236	64	37,777,836	23,110	6,880,980	3,462,228	31	0	Americas	large	3	3	1
False	obj2075	train	0	61	C. Wright	Winter Echo 2025	Standalone	31.10.2025	MV202503534	1298	53,4	644,599	98,573	54,498,331	57,407	1,645	769,059	134,198	297,360	417,880	493	126,363	30796	77	3,609,124	90	4,503,398	19,832	3,949,860	4,724,880	83	0	Europe	small	2	0	1
False	obj2076	train	0	72	Q. Jensen	Deep Current 2025	Prime Story	09.06.2025	MV202503535	3759	104,5	7,068,197	142,529	61,652,628	3,001,981	109,456	274,604	1,113,203	3,476,693	9,806,914	210	355,895	99662	145	8,206,355	177	18,068,335	6,844	2,233,599	501,897	75	0	Americas	medium	3	3	4
False	obj2077	train	0	46	C. Wright	Nova Protocol 2025	Final Chapter	11.12.2025	MV202503547	1213	55,7	7,352,532	121,898	41,621,419	4,055,822	168,675	1,030,490	739,352	1,570,338	14,027,339	352	424,997	38279	180	2,911,590	120	34,672,144	31,348	8,928,442	250,315	71	1	Europe	small	1	3	1
False	obj2078	train	0	57	R. Silva	Thunder Archive 2025 4	Chronicles Saga	31.03.2025	MV202503549	4071	91,7	1,732,296	93,879	57,744,340	727,203	9,222	637,270	440,291	1,090,003	6,976,476	88	283,354	81368	153	9,939,906	66	8,065,926	5,479	14,783,548	40,902	19	0	Latin America	large	2	0	3
False	obj2079	train	0	45	V. Popov	Obsidian Heart 2025	New Dawn	18.07.2025	MV202503551	1800	48,3	9,074,624	196,885	30,719,955	5,639,070	167,234	1,982,948	1,642,012	4,083,555	10,620,255	318	413,287	26893	88	2,471,095	150	42,716,362	81,215	2,380,700	2,702,454	26	0	Latin America	large	1	3	1
False	obj2080	train	0	38	B. Carter	Paper Kingdom 2025	Chronicles Saga	03.05.2025	MV202503553	2631	36,3	5,052,079	24,509	7,668,355	2,078,884	46,361	449,489	1,328,913	4,171,195	1,910,313	355	360,244	6197	84	1,818,299	58	30,738,790	18,908	14,344,742	2,682,482	0	1	Asia-Pacific	large	0	2	0
False	obj2081	train	0	75	B. Carter	Nova Protocol 2025	Dark Matter	19.03.2025	MV202503565	680	112,2	5,458,167	21,948	15,163,109	2,129,214	80,323	142,529	835,780	3,331,088	15,234,016	340	109,391	65950	173	8,059,674	1	2,969,499	39,919	3,019,774	3,136,015	58	0	Asia-Pacific	large	3	2	4
False	obj2082	train	0	78	H. Andersson	Last Signal 2025	Dark Matter	03.09.2025	MV202503570	2528	86,5	4,864,708	26,625	19,400,800	1,403,916	21,833	1,226,685	926,105	2,578,716	19,901,766	396	222,991	41195	252	6,028,799	143	10,039,215	38,788	6,334,577	2,941,202	26	1	Asia-Pacific	large	3	2	3
False	obj2083	train	0	78	V. Popov	Parallel Lines 2025	Open Sky	27.11.2025	MV202503572	4589	62,5	4,797,270	101,989	49,579,122	2,122,672	84,735	1,906,848	976,739	2,826,622	13,538,137	295	271,678	13530	299	2,349,179	37	32,444,812	87,070	29,763,572	3,919,051	47	1	Latin America	large	3	2	2
False	obj2084	train	0	76	T. Kim	Parallel Lines	Open Sky	22.10.2025	MV202503573	2101	31,4	19,123,101	37,493	16,060,838	3,825,947	118,843	1,572,439	3,281,505	9,612,285	18,790,667	440	52,982	25630	279	7,927,329	61	24,809,560	65,113	18,012,310	4,656,468	38	0	Americas	small	3	4	0
False	obj2085	train	0	57	S. Patel	Carbon Dreams	Dark Matter	06.06.2025	MV202503583	2902	59	15,776,354	77,319	44,308,895	12,547,490	545,204	654,488	650,862	1,155,830	19,927,865	125	346,849	73009	271	2,408,405	122	22,194,131	12,675	26,801,837	1,075,262	31	0	Europe	large	2	4	1
False	obj2086	train	0	80	V. Popov	White Noise 2025	Legacy Cycle	10.05.2025	MV202503585	3648	60,4	1,263,822	4,908	31,220,455	720,357	17,902	1,457,805	256,264	603,335	8,212,999	128	24,335	26159	238	2,155,000	70	31,798,053	59,712	8,860,787	4,500,827	47	0	Latin America	large	3	0	2
False	obj2087	train	0	71	Q. Jensen	Obsidian Heart 2025	New Dawn	28.02.2025	MV202503586	3936	21,7	3,992,470	118,195	11,105,802	2,879,983	99,076	155,928	734,897	2,807,065	4,776,795	41	385,216	81647	280	9,211,555	64	45,591,901	15,470	5,164,241	1,732,764	16	0	Americas	medium	3	1	0
False	obj2088	train	0	51	N. Fischer	Electric Mirage 2025 4	Final Chapter	22.04.2025	MV202503587	669	70,6	5,175,231	31,117	14,220,874	1,296,820	34,009	393,683	523,648	1,231,197	971,163	167	250,745	25610	297	2,447,060	104	1,780,910	4,378	9,506,496	1,096,725	63	1	Europe	small	1	2	2
False	obj2089	train	0	42	Q. Jensen	Lunar Cartography 2025	Chronicles Saga	11.03.2025	MV202503589	2665	117,1	372,785	165,791	40,152,263	67,522	985	126,087	53,290	92,623	12,690,956	69	115,377	14712	110	5,691,885	187	34,248,198	55,792	15,453,041	572,226	9	0	Americas	medium	0	0	4
False	obj2090	train	0	88	V. Popov	Thunder Archive 2025	New Dawn	19.02.2025	MV202503590	2674	20,5	805,252	19,096	19,558,413	335,999	11,553	928,425	92,527	206,555	13,880,083	109	52,026	5039	95	7,404,759	42	40,832,208	69,327	18,330,436	4,926,626	50	0	Latin America	large	4	0	0
False	obj2091	train	0	76	N. Fischer	Ghost Frequency 2025	New Dawn	15.06.2025	MV202503601	1264	56,7	4,218,352	186,164	76,834,084	2,770,310	56,567	804,461	683,366	2,695,643	7,654,131	366	136,070	72094	221	2,477,831	80	8,502,432	60,308	1,904,632	4,825,581	19	1	Europe	small	3	2	1
False	obj2092	train	0	81	A. Volkov	Kinetic Prayer 2025	Open Sky	04.08.2025	MV202503602	2711	38,3	20,812,053	98,431	50,182,788	5,848,911	124,241	1,126,404	1,658,233	4,942,978	3,568,690	341	113,735	69510	221	9,396,377	118	30,355,492	45,693	7,421,637	1,724,877	0	0	Americas	large	4	4	1
False	obj2093	train	0	86	N. Fischer	Midnight Cartel 2025	Final Chapter	24.09.2025	MV202503603	3823	79,1	1,054,412	26,686	71,602,535	623,895	8,153	1,890,307	142,922	225,830	3,358,690	103	183,256	37798	254	3,029,937	40	41,774,534	54,368	3,958,796	946,329	10	0	Europe	small	4	0	3
False	obj2094	train	0	50	K. Olsen	Shadow Circuit 2025 4	Legacy Cycle	31.03.2025	MV202503605	3573	18,2	6,082,790	68,600	43,696,572	1,983,417	85,014	1,316,918	661,745	1,496,422	8,259,044	348	55,756	3068	276	1,244,959	32	14,663,949	93,402	18,404,723	2,186,088	23	0	Americas	large	1	2	0
False	obj2095	train	0	93	B. Carter	Red Meridian 2025	Origin Arc	13.10.2025	MV202503607	2891	111,2	12,862,103	165,510	22,593,784	1,782,646	41,668	1,407,557	752,784	2,765,442	13,816,125	287	88,933	56333	144	9,557,308	122	18,049,107	28,850	1,051,694	1,840,476	56	0	Asia-Pacific	large	4	3	4
False	obj2096	train	0	74	A. Volkov	Silent Protocol	Open Sky	21.12.2025	MV202503619	4369	67,3	13,053,558	151,361	50,982,007	8,661,436	417,271	202,763	1,109,280	2,365,036	8,968,488	29	30,204	19401	44	296,093	195	44,440,322	29,950	11,163,213	2,779,584	38	0	Americas	large	3	3	2
False	obj2097	train	0	80	I. Hassan	Silent Protocol 2025	Standalone	23.10.2025	MV202503621	2141	26,4	6,073,490	180,560	66,076,998	3,419,611	87,491	1,998,019	1,722,052	3,614,489	8,999,520	108	79,529	80230	156	8,634,346	100	45,156,051	85,645	13,714,221	620,985	46	1	Americas	large	3	2	0
False	obj2098	train	0	81	E. Brooks	City of Glass 2025 2	Chronicles Saga	16.11.2025	MV202503622	2190	110,6	7,578,825	110,158	24,976,523	3,100,064	51,410	776,946	289,759	972,632	934,053	99	103,503	18820	271	7,434,830	39	4,451,494	4,680	28,870,687	3,568,558	25	0	Americas	small	4	3	4
False	obj2099	train	0	72	L. Nakamura	Infinite Margin 2025	Final Chapter	14.01.2025	MV202503624	542	22,2	9,071,141	60,203	28,877,632	1,098,752	41,548	818,838	2,648,013	10,446,894	19,804,647	374	286,777	7961	201	3,020,517	161	9,289,898	97,786	11,954,085	2,333,595	56	0	Americas	small	3	3	0
False	obj2100	train	0	91	K. Olsen	Last Signal 2025	Prime Story	24.10.2025	MV202503625	1363	21,8	3,292,164	93,970	43,921,988	1,693,698	67,101	1,659,596	634,158	911,460	10,045,344	188	370,564	85100	297	3,065,351	59	18,727,926	60,722	5,080,185	62,853	51	0	Americas	large	4	1	0
False	obj2101	train	0	80	E. Brooks	Electric Mirage 2	Standalone	30.08.2025	MV202503556	2389	87,6	31,822,322	35,865	5,995,275	14,205,878	195,703	964,727	4,274,365	13,565,918	5,373,984	266	252,632	26097	185	3,309,939	3	25,567,159	48,995	10,263,376	1,384,514	1	0	Americas	small	3	4	3
False	obj2102	train	0	81	K. Olsen	Silver Transit 2025 3	Dark Matter	09.08.2025	MV202503558	4275	102,9	3,999,499	50,668	21,049,768	487,842	12,219	944,380	1,118,025	2,653,138	10,875,723	375	414,710	90506	187	802,076	23	40,565,858	65,399	19,355,759	2,283,852	36	0	Americas	large	4	1	4
False	obj2103	train	0	31	F. Nguyen	City of Glass	Dark Matter	08.08.2025	MV202503559	3476	114,3	1,618,804	172,625	61,604,852	423,035	15,677	1,132,078	335,215	1,065,803	5,574,889	204	275,396	39629	279	7,998,588	155	4,148,562	76,766	29,352,600	4,717,388	25	0	Asia-Pacific	large	0	0	4
False	obj2104	train	0	52	T. Kim	Neon Horizon 2025	Standalone	24.05.2025	MV202503560	1672	118,3	2,669,793	168,453	44,298,477	1,989,777	65,455	622,861	764,929	929,733	7,974,016	132	228,470	67091	121	9,372,919	95	31,934,802	88,679	10,944,158	3,432,251	38	0	Americas	small	1	1	4
False	obj2105	train	0	86	C. Wright	Shadow Circuit 2025	Universe Zero	03.12.2025	MV202503561	607	29,1	5,538,246	17,780	16,200,716	480,056	19,326	1,203,134	640,047	1,068,812	19,331,776	449	186,599	65884	10	228,258	77	43,821,853	67,255	29,494,846	677,282	53	1	Europe	small	4	2	0
False	obj2106	train	0	69	H. Andersson	Deep Current 2025	Universe Zero	04.05.2025	MV202503564	746	106,9	1,523,264	173,799	21,579,693	861,033	22,256	1,676,750	416,150	1,409,097	18,264,790	48	386,489	29531	257	4,500,885	8	35,806,064	22,011	2,057,653	124,405	40	1	Asia-Pacific	large	3	0	4
False	obj2107	train	0	31	P. Singh	Nova Protocol	Prime Story	15.07.2025	MV202503577	4020	78	34,586,064	100,058	37,650,714	26,158,388	541,323	1,532,322	10,288,918	36,620,230	15,058,480	365	11,371	68555	259	5,478,135	19	23,761,059	61,884	20,824,298	2,829,447	3	0	Latin America	small	0	4	2
False	obj2108	train	0	50	H. Andersson	Winter Echo 2025	Chronicles Saga	12.04.2025	MV202503578	4081	95,8	2,296,587	45,149	20,669,244	1,162,726	52,477	698,809	461,496	1,378,047	14,780,426	42	435,116	73806	88	9,212,251	54	24,932,577	26,551	23,147,100	3,903,833	43	0	Asia-Pacific	large	1	1	3
False	obj2109	train	0	94	L. Nakamura	White Noise 2025	New Dawn	29.06.2025	MV202503581	3666	115,8	27,130,314	81,089	46,097,205	13,865,299	467,834	1,864,834	6,636,074	10,335,853	12,090,073	131	278,515	3175	297	5,174,510	172	23,233,780	49,963	22,227,593	1,336,388	68	1	Americas	small	4	4	4
False	obj2110	train	0	67	N. Fischer	Final Orbit 2025	Standalone	27.03.2025	MV202503582	1879	106,2	580,446	148,054	38,529,278	409,460	13,353	1,279,996	130,259	237,787	8,573,311	323	295,099	17199	155	1,856,512	107	26,737,072	22,283	18,115,816	1,493,590	51	0	Europe	small	2	0	4
False	obj2111	train	0	77	L. Nakamura	Velvet Storm 2025	Standalone	27.01.2025	MV202503593	4325	26,5	11,134,218	4,606	77,376,283	3,526,046	40,792	1,165,228	2,979,326	4,593,339	10,297,898	58	139,087	41321	171	7,921,488	12	10,427,003	73,821	17,701,972	4,039,275	72	0	Americas	small	3	3	0
False	obj2112	train	0	84	F. Nguyen	Last Signal 2025	Prime Story	11.07.2025	MV202503594	1652	31,5	12,458,884	55,003	26,681,946	3,223,340	66,015	239,721	1,701,189	2,323,511	3,534,112	494	132,451	13869	213	9,971,508	42	18,091,443	67,393	16,953,140	2,154,109	48	0	Asia-Pacific	large	4	3	0
False	obj2113	train	0	68	B. Carter	Kinetic Prayer	Origin Arc	06.02.2025	MV202503596	2189	18,3	19,233,134	74,147	21,661,895	14,773,683	336,984	677,359	249,466	810,743	10,672,559	400	226,776	58043	152	5,915,754	198	28,563,147	19,276	17,593,947	3,335,741	4	0	Asia-Pacific	large	2	4	0
False	obj2114	train	0	82	Q. Jensen	Hollow Crown	Open Sky	19.11.2025	MV202503610	4507	117,3	5,357,069	151,982	42,884,939	328,073	4,523	120,893	1,483,948	4,865,134	13,123,488	296	328,162	9516	80	9,362,801	14	16,794,991	95,834	26,012,490	2,613,689	43	1	Americas	medium	4	2	4
False	obj2115	train	0	65	M. Chen	Silent Protocol	Standalone	04.07.2025	MV202503611	3369	44,4	6,623,997	71,636	54,712,704	3,244,188	102,211	791,000	1,537,769	4,694,377	7,395,417	80	492,899	99245	143	5,110,175	137	17,716,118	1,558	13,708,149	4,220,258	92	1	Asia-Pacific	large	2	2	1
False	obj2116	train	0	63	Z. Ali	Last Signal	Legacy Cycle	23.08.2025	MV202503612	4955	35,1	13,533,654	152,740	73,517,402	9,117,703	135,413	796,047	3,515,655	12,893,756	6,583,892	176	347,638	58625	163	2,216,277	114	30,617,158	9,647	6,634,593	475,835	96	0	Latin America	small	2	4	0
False	obj2117	train	0	84	F. Nguyen	Infinite Margin	Prime Story	09.01.2025	MV202503613	918	34,4	1,718,605	182,445	48,853,344	949,829	46,891	864,273	229,306	692,048	16,038,952	209	47,882	46129	102	9,404,057	97	24,849,736	12,894	3,720,000	4,479,445	43	1	Asia-Pacific	large	4	0	0
False	obj2118	train	0	73	W. Stone	Neon Horizon 2025	Final Chapter	20.12.2025	MV202503614	1031	117	7,713,270	120,852	30,360,972	681,019	7,051	793,956	750,252	1,541,017	19,657,456	423	74,496	75171	121	3,520,663	19	27,315,290	93,641	16,457,392	725,598	13	1	Americas	small	3	3	4
False	obj2119	train	0	57	T. Kim	Glass Reactor 2025	Origin Arc	17.11.2025	MV202503615	863	17,8	8,766,107	92,994	2,296,281	2,784,707	93,381	1,918,047	2,485,569	5,035,663	304,544	129	374,387	24598	144	3,168,163	169	33,977,801	70,269	22,957,557	1,234,050	60	0	Americas	small	2	3	0
False	obj2120	train	0	64	S. Patel	Ocean of Stars 2025	Standalone	10.08.2025	MV202503617	3866	117,9	4,065,272	169,220	38,403,580	2,354,306	96,472	814,511	194,234	250,405	2,347,606	362	63,346	97830	12	1,673,953	141	17,287,870	20,576	13,150,254	1,158,706	40	1	Europe	large	2	1	4
False	obj2121	train	0	49	C. Wright	Desert Oracle 2025	Open Sky	12.01.2025	MV202503628	2308	115,5	4,629,856	150,053	6,312,587	1,309,943	29,666	149,683	1,263,094	4,130,962	2,534,489	433	482,351	10465	14	5,959,808	57	7,417,765	72,120	20,405,822	2,427,780	25	0	Europe	small	1	2	4
False	obj2122	train	0	50	B. Carter	Hollow Crown 2025	Standalone	13.02.2025	MV202503629	4842	66,6	11,085,742	136,746	73,730,954	6,549,810	308,688	1,840,151	2,346,740	6,335,010	16,347,982	6	199,349	1381	10	6,260,055	139	30,875,153	20,470	2,676,514	926,658	83	0	Asia-Pacific	large	1	3	2
False	obj2123	train	0	91	N. Fischer	Stone Butterfly	Universe Zero	24.09.2025	MV202503631	1817	25,8	2,988,483	5,599	78,082,425	545,257	26,555	446,861	812,256	2,725,949	17,280,653	306	141,949	87155	171	7,486,838	48	30,674,308	21,906	17,990,694	4,847,408	81	0	Europe	small	4	1	0
False	obj2124	train	0	44	H. Andersson	Quantum Rain 2025	Universe Zero	19.12.2025	MV202503633	424	110,7	506,131	133,187	20,282,793	351,155	17,194	1,289,763	90,348	214,791	17,704,422	132	455,001	1629	236	5,152,055	92	17,753,667	64,963	26,214,709	254,360	26	0	Asia-Pacific	large	1	0	4
False	obj2125	train	0	53	S. Patel	Frozen Ledger 2025	Standalone	23.09.2025	MV202503634	4235	75,6	2,501,880	70,988	60,711,276	1,668,368	36,681	1,862,077	525,984	2,065,288	12,169,855	116	173,469	39021	47	3,407,716	4	23,583,222	93,337	24,848,520	3,213,100	21	0	Europe	large	1	1	2
False	obj2126	train	0	83	P. Singh	Iron Garden 2025	Universe Zero	13.04.2025	MV202503635	3041	48,6	4,737,105	78,567	50,798,063	1,021,444	41,355	1,464,123	425,966	1,436,816	2,537,526	265	173,976	52574	285	5,254,834	41	24,532,657	10,999	7,994,421	1,468,073	60	0	Latin America	small	4	2	1
False	obj2127	train	0	76	H. Andersson	Stone Butterfly 2025	Dark Matter	31.01.2025	MV202503636	1013	106	5,432,419	71,823	74,938,324	1,422,664	54,723	1,579,522	245,432	469,298	14,963,975	357	12,376	84249	130	2,556,545	145	23,782,944	14,646	23,100,688	4,449,834	84	0	Asia-Pacific	large	3	2	4
False	obj2128	train	0	40	T. Kim	Hollow Crown 2025	Dark Matter	13.04.2025	MV202503646	1572	59,8	1,597,950	28,165	11,353,206	653,642	19,572	1,620,432	228,012	883,490	12,428,270	255	282,015	302	1	1,167,188	128	41,664,498	29,665	16,213,548	956,224	67	0	Americas	small	0	0	2
False	obj2129	train	0	63	Z. Ali	Silver Transit 2025	Origin Arc	11.10.2025	MV202503647	274	40,7	12,080,277	65,873	67,265,604	4,805,174	50,965	63,666	3,227,948	12,355,620	457,792	477	406,479	34957	273	7,758,636	139	36,074,544	78,236	1,547,842	3,454,171	33	0	Latin America	small	2	3	1
False	obj2130	train	0	40	Y. Tanaka	Final Orbit 2025	Chronicles Saga	26.07.2025	MV202503648	2845	101,8	2,392,086	137,197	23,668,625	997,595	31,771	1,591,073	66,527	177,129	1,805,719	77	117,771	75883	39	3,262,000	73	22,737,420	39,901	13,175,819	3,526,801	58	0	Asia-Pacific	medium	0	1	4
False	obj2131	train	0	43	T. Kim	Ember Valley 2025	Open Sky	12.10.2025	MV202503649	1606	33,1	39,838,018	43,695	28,875,728	15,090,066	729,548	1,151,340	8,750,547	25,978,894	17,769,799	310	305,784	32676	139	4,250,569	127	37,800,610	29,522	8,710,840	4,671,545	77	0	Americas	small	1	4	0
False	obj2132	train	0	75	M. Chen	Paper Kingdom 2025	Chronicles Saga	17.05.2025	MV202503651	2984	48,8	11,353,355	169,193	77,342,556	8,620,183	227,841	609,381	1,077,988	3,605,467	2,817,115	230	33,753	63112	119	1,808,837	152	3,321,593	99,957	27,768,124	4,995,013	67	0	Asia-Pacific	large	3	3	1
False	obj2133	train	0	76	Y. Tanaka	Burning Atlas	Open Sky	29.01.2025	MV202503653	4414	74,3	2,332,339	193,223	49,366,780	367,370	11,283	1,933,499	600,524	2,075,663	4,896,085	18	475,652	95907	289	6,088,380	4	39,134,435	99,359	16,162,823	3,385,257	48	1	Asia-Pacific	medium	3	1	2
False	obj2134	train	0	51	S. Patel	Silent Protocol 2025	Legacy Cycle	28.02.2025	MV202503664	3449	75,3	23,144,093	44,550	3,926,558	6,273,099	205,094	1,774,751	2,076,147	3,168,738	16,235,684	131	309,968	72618	35	3,626,281	125	31,861,561	85,750	3,776,058	4,044,228	25	0	Europe	large	1	4	2
False	obj2135	train	0	69	A. Volkov	Broken Compass 2	Origin Arc	18.08.2025	MV202503665	628	42,4	79,408,054	127,146	70,805,628	13,930,926	214,786	847,875	22,222,596	85,061,375	7,532,983	391	108,738	27986	73	1,149,328	49	33,130,996	90,722	5,198,017	375,952	77	0	Americas	large	3	4	1
False	obj2136	train	0	51	I. Hassan	Golden Ratio	Chronicles Saga	30.08.2025	MV202503682	2105	106	26,685,138	90,822	71,132,689	19,989,840	795,109	1,157,019	7,286,610	26,615,031	7,610,375	362	254,011	80157	135	1,635,725	193	43,723,796	96,635	1,855,998	2,493,250	26	1	Americas	large	1	4	4
False	obj2137	train	0	31	V. Popov	Glass Reactor 2025	Origin Arc	24.03.2025	MV202503684	1597	40,3	2,796,273	20,755	71,953,364	1,912,261	77,220	1,191,302	618,421	774,815	331,840	315	274,454	72453	275	6,803,247	147	22,397,130	38,665	1,371,808	566,279	62	0	Latin America	large	0	1	1
False	obj2138	train	0	55	E. Brooks	Hyperion Rise 2025	Standalone	16.04.2025	MV202503685	1779	23,8	6,592,293	182,098	64,699,901	3,797,429	170,561	1,590,778	1,867,980	2,601,361	10,151,954	406	372,587	73270	249	2,182,651	136	12,228,725	13,570	6,070,906	4,368,488	49	0	Americas	small	1	2	0
False	obj2139	train	0	88	N. Fischer	Velvet Storm 2025	Origin Arc	25.06.2025	MV202503686	1626	117,8	15,341,019	98,503	31,719,588	9,022,935	363,715	1,270,056	3,307,905	6,827,640	17,490,593	357	297,076	73209	35	7,965,801	174	31,212,968	89,107	19,642,476	1,816,301	0	1	Europe	small	4	4	4
False	obj2140	train	0	32	J. Martinez	Midnight Cartel 3	Dark Matter	13.03.2025	MV202503688	2905	48,8	4,882,660	124,609	55,306,603	1,709,164	58,078	1,756,413	1,207,323	2,324,224	11,999,564	71	294,140	42080	235	6,901,312	58	17,081,696	67,052	1,854,280	3,881,865	32	0	Europe	large	0	2	1
False	obj2141	train	0	54	E. Brooks	Paper Kingdom 2025	Open Sky	25.05.2025	MV202503690	1489	15,9	2,358,597	86,183	6,924,917	1,432,502	67,981	295,843	414,594	1,471,983	10,759,384	262	232,834	32298	227	4,530,121	106	40,612,191	68,997	15,749,977	3,515,593	59	0	Americas	small	1	1	0
False	obj2142	train	0	47	P. Singh	Ocean of Stars 2025 3	New Dawn	22.10.2025	MV202503637	4661	31,9	4,138,092	134,047	56,314,350	2,971,467	70,533	1,452,967	527,304	2,089,659	7,849,909	216	496,908	28837	173	149,088	142	42,914,427	95,578	8,325,978	2,212,506	58	0	Latin America	small	1	2	0
False	obj2143	train	0	54	A. Volkov	Deep Current 2025	Standalone	28.02.2025	MV202503639	186	78,3	3,117,936	25,280	66,363,843	374,941	8,363	1,536,942	720,461	2,200,670	10,849,673	247	17,000	33305	190	5,587,617	186	41,939,326	42,558	19,439,421	1,802,437	16	0	Americas	large	1	1	2
False	obj2144	train	0	79	W. Stone	Electric Mirage 2025	Standalone	09.07.2025	MV202503643	4413	60,2	2,420,780	195,343	70,292,965	1,307,119	29,927	379,636	571,314	1,389,143	8,819,500	67	87,164	54315	272	6,367,214	60	23,775,265	87,574	29,014,477	622,817	25	0	Americas	small	3	1	2
False	obj2145	train	0	72	N. Fischer	Deep Current 2025	Standalone	10.09.2025	MV202503644	1764	61,5	7,254,835	117,884	33,799,824	2,968,656	96,197	1,301,059	1,687,892	4,207,807	4,344,629	44	50,638	96998	184	8,850,524	110	48,661,633	74,022	2,109,599	3,412,106	21	0	Europe	small	3	3	2
False	obj2146	train	0	66	T. Kim	Quantum Rain 2025	Chronicles Saga	03.09.2025	MV202503645	3012	70,6	6,396,170	45,819	48,107,910	4,260,556	203,772	1,718,793	1,652,677	4,958,291	6,704,427	486	27,474	14680	263	8,431,318	16	49,079,363	68,318	4,817,426	3,303,948	61	1	Americas	small	2	2	2
False	obj2147	train	0	61	T. Kim	Paper Kingdom 2025	Legacy Cycle	06.05.2025	MV202503656	4996	26,5	4,915,183	115,687	62,516,989	3,686,825	172,632	1,419,843	135,893	369,831	7,389,343	194	89,360	97504	129	656,691	2	5,161,725	55,168	20,197,021	1,158,153	60	0	Americas	small	2	2	0
False	obj2148	train	0	69	K. Olsen	Hyperion Rise 2025	Dark Matter	13.12.2025	MV202503657	998	31,2	1,268,665	151,613	67,643,877	693,578	11,673	1,310,600	338,510	678,708	18,408,205	419	369,523	52962	82	8,175,036	12	35,427,759	58,585	24,148,252	1,774,672	74	0	Americas	large	3	0	0
False	obj2149	train	0	33	K. Olsen	Infinite Margin 2025	Chronicles Saga	02.08.2025	MV202503658	2251	43	2,705,532	34,557	63,626,380	1,025,100	45,235	1,976,843	49,890	84,794	3,705,849	85	32,758	13235	151	6,759,200	188	45,910,948	61,289	20,614,286	141,939	22	0	Americas	large	0	1	1
False	obj2150	train	0	66	K. Olsen	Quantum Rain 2025 4	New Dawn	10.08.2025	MV202503660	1625	66,1	1,564,560	60,589	13,256,422	1,122,829	15,550	445,722	367,108	964,213	16,210,424	38	289,913	15319	158	296,270	138	25,056,839	79,334	21,919,674	1,801,534	3	0	Americas	large	2	0	2
False	obj2151	train	0	62	R. Silva	Echo Chamber 2025	New Dawn	05.07.2025	MV202503661	2418	54,9	4,824,633	91,197	23,573,842	389,385	11,934	1,578,486	395,744	1,245,566	7,698,274	447	76,022	69330	235	1,489,949	10	15,597,990	39,324	27,520,474	4,665,603	28	0	Latin America	large	2	2	1
False	obj2152	train	0	47	C. Wright	Parallel Lines 2025 4	Standalone	14.08.2025	MV202503662	3725	116,2	3,398,166	158,282	61,684,048	2,120,610	21,509	1,570,617	551,439	1,612,189	1,036,226	356	78,005	70473	78	6,270,779	83	17,550,108	47,764	23,738,417	417,841	11	0	Europe	small	1	1	4
False	obj2153	train	0	78	M. Chen	Solar Drift 2025	Legacy Cycle	26.09.2025	MV202503663	1553	40	4,092,362	125,612	18,569,136	2,653,743	116,987	1,762,267	484,649	1,243,985	14,535,418	460	15,220	1671	117	2,245,210	126	345,139	67,339	2,575,632	2,411,898	56	0	Asia-Pacific	large	3	1	1
False	obj2154	train	0	45	Y. Tanaka	Solar Drift 2025	Prime Story	26.02.2025	MV202503673	1162	39,7	3,905,995	562	4,092,096	2,306,642	80,226	1,642,660	136,178	206,772	2,854,421	29	445,474	49816	206	9,079,521	105	35,736,150	5,361	26,945,015	2,854,228	57	0	Asia-Pacific	medium	1	1	1
False	obj2155	train	0	32	K. Olsen	Silent Protocol 2025	Chronicles Saga	01.10.2025	MV202503674	2701	65,1	654,348	82,757	53,252,798	330,194	9,775	591,737	29,910	56,863	4,094,791	441	384,933	24875	98	7,353,332	11	9,857,443	83,878	11,025,562	485,777	16	0	Americas	large	0	0	2
False	obj2156	train	0	40	H. Andersson	Binary Sunset 2025	Final Chapter	26.12.2025	MV202503676	937	81,3	1,480,544	169,773	75,247,961	358,766	13,344	1,650,445	216,864	546,938	17,083,689	118	432,308	5207	63	9,792,059	113	26,961,923	8,461	17,780,894	2,894,911	64	0	Asia-Pacific	large	0	0	3
False	obj2157	train	0	61	R. Silva	Digital Saints 2025 4	Standalone	14.09.2025	MV202503677	4345	72	4,527,611	156,768	35,452,067	3,523,762	62,728	406,258	1,250,418	4,180,191	4,365,803	101	159,625	71636	283	9,018,023	120	45,755,355	62,100	29,590,608	230,484	20	1	Latin America	large	2	2	2
False	obj2158	train	0	68	T. Kim	Aurora Debt 2025	Dark Matter	20.01.2025	MV202503678	838	93,1	1,725,458	113,198	18,568,517	397,228	7,105	698,336	338,989	1,033,223	4,837,395	336	415,624	72534	291	3,302,842	126	15,935,162	68,733	14,519,932	2,462,186	87	0	Americas	small	2	0	3
False	obj2159	train	0	67	I. Hassan	Neon Horizon 2025	Universe Zero	27.08.2025	MV202503680	4167	19	6,084,491	3,954	50,244,066	3,918,499	164,981	1,060,866	1,269,916	4,457,541	9,939,182	176	94,619	80837	184	3,985,670	36	16,629,968	67,389	7,408,280	4,350,546	89	0	Americas	large	2	2	0
False	obj2160	train	0	59	O. Dubois	Obsidian Heart 2025	Dark Matter	06.01.2025	MV202503681	1040	95,4	20,564,549	8,080	36,906,760	4,516,701	208,996	540,616	3,675,940	9,362,606	16,048,613	176	69,134	45089	51	1,512,412	51	2,351,841	62,272	8,631,399	2,801,441	1	0	Latin America	large	2	4	3
False	obj2161	train	0	94	N. Fischer	Feral Harmony	Legacy Cycle	27.08.2025	MV202503691	1872	26,6	8,868,566	190,038	78,173,150	4,304,830	76,903	1,962,615	751,966	1,190,899	2,881,700	184	420,841	88294	288	9,122,913	23	18,476,043	13,600	26,622,316	2,023,231	83	1	Europe	small	4	3	0
False	obj2162	train	0	46	G. Murphy	Desert Oracle 2025 4	Legacy Cycle	15.09.2025	MV202503693	3105	37	1,333,511	179,398	46,538,964	661,805	12,483	822,437	166,679	479,138	13,889,714	375	14,702	97935	51	6,186,473	127	43,729,736	95,577	23,765,934	3,536,107	99	0	Europe	medium	1	0	0
False	obj2163	train	0	32	O. Dubois	Golden Ratio 2025	Dark Matter	27.01.2025	MV202503694	2818	54,3	10,237,487	169,249	38,831,420	2,444,702	48,532	722,895	2,816,301	7,790,710	5,347,445	380	335,972	37994	79	638,836	13	37,786,680	94,329	18,320,238	2,224,860	43	1	Latin America	large	0	3	1
False	obj2164	train	0	38	A. Volkov	Infinite Margin	Dark Matter	21.08.2025	MV202503695	3429	63,9	1,348,892	105,052	22,556,050	292,670	12,253	651,868	27,032	85,357	4,139,567	313	247,187	18869	172	9,101,411	157	38,070,659	85,493	27,355,595	1,868,440	71	0	Americas	large	0	0	2
False	obj2165	train	0	94	L. Nakamura	Glass Reactor 2	Open Sky	12.02.2025	MV202503696	965	109,3	1,641,520	5,071	8,424,589	535,569	17,620	498,588	317,575	1,079,278	14,675,998	288	187,128	45961	86	5,306,468	128	26,079,597	81,093	26,928,345	1,607,387	61	1	Americas	small	4	0	4
False	obj2166	train	0	49	F. Nguyen	Frozen Ledger 2025	Standalone	27.01.2025	MV202503698	2202	104,4	14,749,414	183,700	25,440,059	2,580,026	126,427	580,802	429,352	1,586,438	7,422,956	360	61,687	44231	276	4,309,074	137	6,618,243	2,457	17,803,436	2,905,503	88	0	Asia-Pacific	large	1	4	4
False	obj2167	train	0	85	L. Nakamura	Last Signal 2025	Final Chapter	16.06.2025	MV202503699	4517	102,9	1,744,371	49,140	35,886,114	988,472	18,945	1,534,700	484,072	1,210,252	7,418,794	131	339,475	42006	255	1,285,440	27	45,699,074	67,953	3,806,998	1,628,260	96	1	Americas	small	4	0	4
False	obj2168	train	0	41	H. Andersson	Violet Engine 2025	Origin Arc	22.06.2025	MV202503712	1028	30,8	2,377,546	119,451	38,575,632	1,499,198	22,329	137,414	340,422	468,835	6,081,800	263	22,403	74430	120	2,747,365	111	3,845,646	93,770	2,966,406	534,569	24	0	Asia-Pacific	large	0	1	0
False	obj2169	train	0	89	M. Chen	Frozen Ledger	Chronicles Saga	04.04.2025	MV202503727	4607	88,3	642,679	107,928	7,053,825	76,641	2,353	1,929,448	41,146	126,760	11,604,920	342	267,167	17163	134	1,241,452	47	31,342,951	80,229	8,897,857	1,286,013	74	1	Asia-Pacific	large	4	0	3
False	obj2170	train	0	71	W. Stone	Crimson Archive	Dark Matter	03.04.2025	MV202503729	1411	85,8	17,960,749	83,696	11,453,190	4,290,459	174,589	100,315	881,215	1,613,975	2,466,288	301	107,824	29941	81	3,454,715	136	49,807,981	83,887	21,559,247	867,363	17	0	Americas	small	3	4	3
False	obj2171	train	0	59	S. Patel	Carbon Dreams 2025	Legacy Cycle	01.07.2025	MV202503730	3398	73,1	30,955,408	6,857	22,164,587	21,200,152	639,765	1,877,253	633,933	1,522,444	15,306,434	332	148,855	72148	242	6,148,196	153	6,748,064	98,629	22,196,914	2,349,977	17	1	Europe	large	2	4	2
False	obj2172	train	0	62	A. Volkov	Iron Garden 2025	Origin Arc	17.05.2025	MV202503731	3952	111,5	964,514	34,899	76,634,079	683,205	25,114	100,022	191,768	610,118	16,441,919	389	367,250	31618	28	9,960,226	193	43,260,413	82,025	22,320,876	3,797,670	43	0	Americas	large	2	0	4
False	obj2173	train	0	52	M. Chen	Broken Compass	Standalone	24.10.2025	MV202503732	513	63	4,768,022	33,745	215,880	664,769	28,743	1,821,651	1,119,658	1,809,962	6,672,724	264	139,058	6126	62	197,171	33	44,523,087	49,681	15,297,249	4,892,421	39	1	Asia-Pacific	large	1	2	2
False	obj2174	train	0	50	K. Olsen	Paper Kingdom 2025	Prime Story	28.12.2025	MV202503746	2390	29	7,830,826	47,706	40,790,087	3,550,410	96,007	364,128	2,194,808	5,843,739	5,838,478	381	223,627	24881	170	4,736,729	26	42,014,699	89,308	337,853	1,442,441	30	0	Americas	large	1	3	0
False	obj2175	train	0	92	J. Martinez	Kinetic Prayer 2025	Standalone	06.04.2025	MV202503751	326	66,4	19,823,417	149,524	41,763,143	11,393,628	485,435	687,031	1,624,058	6,220,148	7,540,443	143	132,944	50364	134	4,919,882	112	30,201,403	18,131	816,468	1,471,088	83	1	Europe	large	4	4	2
False	obj2176	train	0	48	M. Chen	Final Orbit	Origin Arc	01.10.2025	MV202503752	1371	108,8	12,350,032	23,955	52,147,840	8,823,683	124,246	1,594,501	370,469	1,198,768	125,944	414	42,210	88986	278	3,842,866	130	40,993,928	94,853	6,632,817	4,811,017	25	0	Asia-Pacific	large	1	3	4
False	obj2177	train	0	65	L. Nakamura	Paper Kingdom 2025	Origin Arc	04.09.2025	MV202503763	4835	109	26,977,076	77,538	56,459,577	12,855,941	536,081	1,505,041	7,966,316	10,548,960	8,943,930	287	96,984	71476	223	9,211,853	195	21,860,523	72,046	1,644,023	563,307	28	0	Americas	small	2	4	4
False	obj2178	train	0	68	Q. Jensen	Binary Sunset 2025	Prime Story	29.04.2025	MV202503764	4076	69,8	2,262,773	121,219	77,343,008	733,316	25,203	454,635	626,453	1,125,314	17,278,399	357	1,099	28204	67	5,737,273	80	16,616,718	27,231	394,027	4,748,826	42	0	Americas	medium	2	1	2
False	obj2179	train	0	71	E. Brooks	Infinite Margin 2025	Chronicles Saga	07.08.2025	MV202503765	4961	43,2	4,168,771	188,628	36,473,482	1,735,745	73,323	1,885,701	322,143	916,510	5,832,787	170	284,797	57748	268	6,871,859	36	33,764,919	36,768	17,803,882	201,056	8	0	Americas	small	3	2	1
False	obj2180	train	0	82	O. Dubois	Iron Garden	Universe Zero	06.07.2025	MV202503766	2753	15,7	4,388,367	114,820	1,140,762	3,460,660	54,441	544,953	1,143,250	2,033,643	3,452,529	442	109,349	23725	228	7,740,659	27	39,445,317	68,687	19,005,867	1,348,858	97	1	Latin America	large	4	2	0
False	obj2181	train	0	34	E. Brooks	Iron Garden 2025	Open Sky	24.09.2025	MV202503767	3494	117,6	46,683,764	175,780	65,302,228	24,537,840	315,540	464,049	1,777,560	5,596,660	8,007,551	39	105,636	66156	0	419,215	154	40,777,196	25,696	22,003,432	1,466,306	28	0	Americas	small	0	4	4
False	obj2182	train	0	67	I. Hassan	Burning Atlas 2025	Open Sky	28.06.2025	MV202503768	2170	46,8	905,402	100,226	39,636,074	118,025	3,758	952,889	112,928	145,967	6,666,787	429	463,117	14242	241	2,006,626	109	14,888,006	1,658	17,137,292	2,357,762	94	1	Americas	large	2	0	1
False	obj2183	train	0	49	Y. Tanaka	Shadow Circuit 2025	Open Sky	16.02.2025	MV202503771	4654	38,3	2,423,055	98,110	38,574,582	977,759	24,283	757,598	26,763	46,216	17,488,686	356	151,939	39902	221	215,262	126	32,077,801	53,483	22,818,540	1,283,604	91	0	Asia-Pacific	medium	1	1	1
False	obj2184	train	0	34	I. Hassan	Velvet Storm 2025 2	Legacy Cycle	14.05.2025	MV202503700	2891	97,7	921,758	119,921	74,641,615	670,937	9,515	1,031,191	220,707	287,060	6,663,800	400	297,610	75343	287	8,543,568	56	41,290,314	96,947	27,273,508	340,952	17	0	Americas	large	0	0	3
False	obj2185	train	0	46	G. Murphy	Lunar Cartography 2025 2	Origin Arc	03.10.2025	MV202503701	3123	15,1	26,954,722	114,184	24,420,621	8,308,422	295,675	1,344,349	4,161,301	15,843,727	2,838,154	10	101,229	60934	266	5,527,689	164	29,225,985	47,282	25,976,410	2,709,866	33	1	Europe	medium	1	4	0
False	obj2186	train	0	71	O. Dubois	Stone Butterfly 2025	Prime Story	01.08.2025	MV202503707	2206	88,2	3,665,941	128,223	70,141,507	1,676,510	55,401	262,816	1,088,480	2,147,918	4,901,303	328	469,356	56296	23	8,616,735	34	37,010,807	36,473	6,741,967	3,639,215	31	0	Latin America	large	3	1	3
False	obj2187	train	0	31	H. Andersson	Broken Compass 2025 3	New Dawn	05.07.2025	MV202503708	883	67,9	1,771,176	175,347	59,862,329	1,415,471	66,547	1,721,592	310,758	611,602	17,660,390	434	109,598	10999	94	9,267,328	81	6,235,962	56,610	20,712,664	1,159,795	84	0	Asia-Pacific	large	0	0	2
False	obj2188	train	0	70	W. Stone	Obsidian Heart 2025 4	Origin Arc	29.01.2025	MV202503718	1531	113,6	6,790,581	55,582	63,020,320	2,407,241	94,888	1,893,907	956,151	3,263,773	9,737,806	284	442,848	56893	285	8,550,454	31	18,653,765	28,556	24,830,548	1,664,064	58	0	Americas	small	3	2	4
False	obj2189	train	0	41	P. Singh	Red Meridian 2025	Legacy Cycle	18.11.2025	MV202503719	4	56	2,348,666	150,643	59,125,537	1,307,254	19,194	1,979,944	401,596	959,780	18,445,080	314	335,183	1514	290	8,840,963	104	1,444,793	66,712	12,526,276	2,954,370	75	0	Latin America	small	0	1	1
False	obj2190	train	0	55	J. Martinez	Carbon Dreams	Dark Matter	17.12.2025	MV202503720	3387	35,5	1,933,071	140,118	43,273,786	101,886	3,790	804,187	262,754	415,859	849,862	250	80,473	84026	246	8,496,756	111	17,479,608	45,434	8,614,687	2,142,116	84	0	Europe	large	1	0	0
False	obj2191	train	0	83	Y. Tanaka	Binary Sunset 2025	Dark Matter	04.06.2025	MV202503721	4843	34,6	3,316,173	195,007	75,581,805	2,042,836	35,316	1,026,915	616,321	831,573	12,531,672	453	170,300	80519	167	7,646,409	156	8,634,572	20,720	11,699,657	535,230	26	1	Asia-Pacific	medium	4	1	0
False	obj2192	train	0	83	Q. Jensen	Final Orbit 2025	Chronicles Saga	15.07.2025	MV202503723	1063	109	28,897,771	1,727	74,336,838	17,039,098	331,394	1,467,651	7,061,512	21,852,001	4,688,751	473	258,952	18864	76	3,306,131	188	41,079,020	69,133	19,147,312	3,536,046	81	0	Americas	medium	4	4	4
False	obj2193	train	0	32	Y. Tanaka	Echo Chamber 2025	Chronicles Saga	25.06.2025	MV202503724	268	16,2	7,248,356	128,611	40,326,243	769,473	32,376	1,106,258	1,525,358	4,791,514	519,201	379	475,003	16450	137	8,723,314	199	16,882,026	51,121	10,934,012	2,014,472	87	0	Asia-Pacific	medium	0	3	0
False	obj2194	train	0	61	R. Silva	Desert Oracle 2025	Prime Story	06.12.2025	MV202503725	2753	112,6	9,401,203	143,441	76,397,716	5,973,736	281,459	718,267	897,650	2,348,658	7,596,426	245	45,687	41637	128	7,165,567	87	20,057,241	42,020	744,859	4,880,343	96	1	Latin America	large	2	3	4
False	obj2195	train	0	51	C. Wright	Desert Oracle	Prime Story	18.07.2025	MV202503726	2325	78,7	3,696,660	160,222	49,291,466	1,641,944	21,616	957,615	328,254	744,796	741,380	358	141,928	81296	216	8,580,683	48	14,562,919	63,156	18,926,539	1,389,116	45	0	Europe	small	1	1	3
False	obj2196	train	0	57	B. Carter	Ocean of Stars 2025	Open Sky	04.11.2025	MV202503736	178	29,2	13,951,363	121,743	36,086,609	5,691,458	199,803	777,881	357,980	1,330,614	8,705,858	416	200,078	73100	100	9,029,112	139	32,947,367	40,643	20,765,314	13,005	25	0	Asia-Pacific	large	2	4	0
False	obj2197	train	0	80	I. Hassan	Ember Valley 4	Universe Zero	13.09.2025	MV202503738	4635	45,4	2,240,286	9,138	8,163,383	531,267	12,186	955,911	561,413	1,772,866	3,125,350	268	209,316	89162	48	207,140	146	275,030	89,762	646,374	4,691,998	82	0	Americas	large	3	1	1
False	obj2198	train	0	82	C. Wright	Jade Frequency	Chronicles Saga	10.03.2025	MV202503739	1370	35,4	2,637,297	122,211	70,689,710	1,804,867	19,166	126,387	523,136	1,871,086	4,347,752	334	40,351	65261	125	5,445,873	12	41,155,788	91,956	28,535,418	3,191,329	62	0	Europe	small	4	1	0
False	obj2199	train	0	54	R. Silva	Aurora Debt 2025 2	Final Chapter	17.08.2025	MV202503740	3343	91,8	10,260,000	187,694	35,009,569	5,284,377	249,136	1,391,915	869,941	3,380,691	4,814,835	161	77,503	71444	162	8,753,954	33	5,810,970	54,835	22,033,076	1,491,276	5	1	Latin America	large	1	3	3
False	obj2200	train	0	81	E. Brooks	Lunar Cartography 2025	New Dawn	27.05.2025	MV202503742	596	76,8	13,850,552	155,261	63,361,086	8,638,556	345,754	102,660	1,317,497	4,104,876	9,836,659	391	78,541	53022	194	5,736,269	19	17,722,732	23,369	11,977,225	4,614,354	92	1	Americas	small	4	4	2
False	obj2201	train	0	37	I. Hassan	Red Meridian 2025	Universe Zero	15.06.2025	MV202503743	2761	15,4	1,120,804	10,465	5,581,299	445,361	18,037	1,946,768	33,472	100,093	10,927,617	496	240,450	76601	40	5,973,953	159	14,652,064	31,065	20,682,306	3,649,881	71	0	Americas	large	0	0	0
False	obj2202	train	0	34	J. Martinez	Parallel Lines 2025	Dark Matter	20.09.2025	MV202503744	4074	28,7	1,429,226	153,237	47,605,320	1,027,917	41,901	858,928	163,615	352,636	7,456,647	41	134,069	77664	240	7,122,784	53	22,506,634	56,831	20,701,285	4,033,098	73	0	Europe	large	0	0	0
False	obj2203	train	0	33	C. Wright	Thunder Archive 2025 3	Dark Matter	24.04.2025	MV202503754	3683	62,7	19,508,534	133,429	60,914,987	15,447,686	293,156	257,959	4,421,871	10,059,370	5,038,453	143	239,870	72407	147	8,495,140	13	33,123,897	20,932	6,090,284	2,424,220	9	0	Europe	small	0	4	2
False	obj2204	train	0	31	W. Stone	Deep Current 2025	Universe Zero	01.10.2025	MV202503756	521	77	2,059,988	161,113	59,381,028	1,351,660	47,482	710,067	66,275	218,658	7,703,168	195	451,327	63348	63	3,641,449	160	2,843,828	77,222	8,737,113	4,563,525	76	1	Americas	small	0	0	2
False	obj2205	train	0	67	J. Martinez	Obsidian Heart	Dark Matter	22.11.2025	MV202503758	3007	103,6	1,120,777	69,755	1,248,058	591,476	22,946	282,201	334,714	856,312	6,991,050	436	86,582	87995	256	7,327,534	6	32,369,981	96,025	12,636,248	4,202,116	27	0	Europe	large	2	0	4
False	obj2206	train	0	64	A. Volkov	Digital Saints 3	Open Sky	30.01.2025	MV202503759	4303	25,4	28,053,627	111,668	78,959,907	9,833,189	285,592	321,551	8,010,215	17,197,206	10,689,612	47	250,633	35902	165	7,481,640	180	25,375,188	7,825	9,298,640	473,375	5	1	Americas	large	2	4	0
False	obj2207	train	0	67	H. Andersson	Parallel Lines	Standalone	18.01.2025	MV202503761	4908	56,6	2,298,252	106,268	79,586,215	667,607	9,580	363,936	293,059	904,248	5,943,692	274	220,119	95663	230	8,236,495	133	41,188,648	53,649	3,072,865	973,191	21	1	Asia-Pacific	large	2	1	1
False	obj2208	train	0	72	S. Patel	Ocean of Stars 2025 2	Prime Story	09.03.2025	MV202503762	3286	33,6	41,782,222	90,555	42,941,718	27,154,211	486,687	1,902,155	7,168,271	10,926,323	1,264,880	442	70,613	4112	192	5,771,665	156	28,520,016	63,864	13,406,264	45,842	3	0	Europe	large	3	4	0
False	obj2209	train	0	66	C. Wright	Solar Drift 4	Origin Arc	27.02.2025	MV202503772	3102	107,3	923,491	140,208	24,428,014	683,614	10,038	895,078	82,423	192,090	638,446	14	414,682	3968	269	5,317,399	30	48,676,045	33,831	13,416,112	2,100,406	52	0	Europe	small	2	0	4
False	obj2210	train	0	39	G. Murphy	Winter Echo 2025	Prime Story	22.03.2025	MV202503773	506	113,7	1,722,868	189,675	13,509,295	664,875	25,837	235,822	515,693	1,174,841	12,883,692	344	141,378	22174	110	7,965,141	150	22,004,336	27,346	12,018,545	2,520,933	91	1	Europe	medium	0	0	4
False	obj2211	train	0	62	K. Olsen	Jade Frequency 2025	Standalone	17.05.2025	MV202503774	1300	30,8	7,302,857	132,088	77,897,604	3,792,496	187,825	220,444	773,753	2,844,476	3,462,319	342	103,241	86424	74	3,128,098	52	1,693,499	93,908	27,222,616	4,757,150	89	0	Americas	large	2	3	0
False	obj2212	train	0	53	C. Wright	Crystal Fault	Open Sky	31.01.2025	MV202503776	1240	82,8	5,481,464	129,248	15,875,759	1,008,274	49,543	1,674,826	208,202	472,927	4,329,085	412	90,460	4485	298	1,150,185	73	40,297,199	61,033	15,603,753	2,660,872	45	1	Europe	small	1	2	3
False	obj2213	train	0	93	O. Dubois	Winter Echo 2025	Universe Zero	14.12.2025	MV202503778	2699	53,1	9,230,553	17,909	69,251,552	1,940,269	34,299	1,219,576	303,134	800,125	7,389,297	430	292,500	70958	22	5,078,692	13	18,774,169	50,741	18,098,269	4,516,260	58	0	Latin America	large	4	3	1
False	obj2214	train	0	40	Y. Tanaka	Paper Kingdom 2025	Dark Matter	29.06.2025	MV202503779	1202	68,3	22,711,223	146,345	65,146,895	3,941,102	184,963	733,109	4,277,092	8,703,029	3,681,365	221	101,030	85316	130	9,046,559	168	18,169,634	37,386	1,553,409	1,092,943	66	0	Asia-Pacific	medium	0	4	2
False	obj2215	train	0	53	B. Carter	Feral Harmony 2025	Legacy Cycle	22.10.2025	MV202503780	3327	90,4	2,388,191	189,219	29,564,028	223,374	6,535	1,034,999	247,401	718,590	5,205,792	473	136,679	19093	124	2,238,175	125	39,122,186	923	19,569,915	1,499,838	77	0	Asia-Pacific	large	1	1	3
False	obj2216	train	0	77	F. Nguyen	Ghost Frequency 2025	Open Sky	12.02.2025	MV202503792	4193	33,6	4,344,760	134,621	49,095,465	2,665,597	106,510	403,318	993,894	2,760,210	7,505,869	209	66,043	3565	259	3,977,220	139	18,762,127	15,447	16,581,592	1,195,061	53	0	Asia-Pacific	large	3	2	0
False	obj2217	train	0	90	W. Stone	Glass Reactor 2025	Standalone	17.01.2025	MV202503794	460	79,6	773,946	6,089	18,905,678	565,491	10,234	1,091,397	161,085	403,179	13,307,141	445	341,999	87810	233	1,787,279	166	48,949,945	60,802	3,178,507	1,543,907	82	0	Americas	small	4	0	3
False	obj2218	train	0	34	M. Chen	Northern Code 2025	Dark Matter	23.03.2025	MV202503795	1005	66,9	22,414,764	150,013	8,794,035	4,992,450	235,419	820,130	6,213,757	18,434,800	15,227,384	45	167,552	42381	226	7,492,508	7	16,496,645	32,935	21,177,737	2,503,215	87	0	Asia-Pacific	large	0	4	2
False	obj2219	train	0	55	L. Nakamura	Silver Transit 2025	Prime Story	28.08.2025	MV202503797	1331	104,8	1,833,385	74,912	42,876,012	1,144,290	28,947	1,621,347	50,746	185,722	19,340,586	48	145,300	58494	21	7,123,052	39	610,366	87,801	15,386,397	4,805,382	55	1	Americas	small	1	0	4
False	obj2220	train	0	38	S. Patel	Stone Butterfly 2025	Origin Arc	07.09.2025	MV202503798	993	26,3	2,568,469	71,222	15,761,984	545,363	11,073	1,984,373	138,106	381,998	13,901,883	221	475,627	38619	193	330,090	176	39,584,939	73,726	4,482,455	168,300	86	0	Europe	large	0	1	0
False	obj2221	train	0	61	O. Dubois	White Noise	Universe Zero	01.01.2025	MV202503810	527	84,9	9,997,896	16,126	68,059,128	2,177,666	79,478	1,685,248	1,026,526	2,133,387	18,798,841	164	119,669	58983	110	5,180,366	59	26,116,309	39,318	433,408	347,503	91	0	Latin America	large	2	3	3
False	obj2222	train	0	54	K. Olsen	Burning Atlas	Chronicles Saga	29.10.2025	MV202503811	1016	21,7	10,560,833	124,391	42,141,107	7,163,851	86,880	1,437,786	2,862,219	9,413,348	9,337,642	225	65,844	21079	221	6,972,141	190	44,920,703	24,432	9,671,599	978,704	99	0	Americas	large	1	3	0
False	obj2223	train	0	57	T. Kim	Binary Sunset 2025	Standalone	18.04.2025	MV202503812	1005	56,4	2,662,890	130,031	51,979,925	193,929	4,124	1,388,448	414,096	1,630,816	19,733,392	51	285,060	4697	36	7,828,883	173	12,042,603	91,792	3,135,122	1,688,974	48	0	Americas	small	2	1	1
False	obj2224	train	0	58	M. Chen	Obsidian Heart 2025	Standalone	23.03.2025	MV202503813	1396	47,2	16,706,042	28,356	49,715,356	6,985,451	178,339	392,684	3,239,495	5,974,883	8,836,828	155	180,720	78431	217	1,862,253	59	22,694,814	45,802	9,279,526	2,356,297	88	0	Asia-Pacific	large	2	4	1
False	obj2225	train	0	51	V. Popov	Silent Protocol 2025	New Dawn	01.08.2025	MV202503826	886	67,6	4,701,576	177,116	39,163,877	558,813	25,907	1,324,020	112,293	380,407	7,746,351	65	462,052	59213	94	5,835,467	157	47,830,161	62,663	25,456,686	3,627,148	61	1	Latin America	large	1	2	2
False	obj2226	train	0	94	F. Nguyen	Lunar Cartography 2025	Dark Matter	24.03.2025	MV202503827	762	46,5	16,974,121	62,459	44,682,843	7,699,030	341,234	312,528	4,828,387	14,734,482	8,433,100	454	43,546	43613	207	9,838,448	56	42,734,307	79,508	969,913	4,620,740	34	0	Asia-Pacific	large	4	4	1
False	obj2227	train	0	94	M. Chen	Violet Engine 2025	Open Sky	28.04.2025	MV202503828	3984	41,1	3,554,003	91,014	515,495	1,264,564	57,995	368,993	692,555	973,705	15,544,264	274	405,683	68198	273	7,222,251	159	23,053,056	79,332	11,548,203	4,020,701	27	0	Asia-Pacific	large	4	1	1
False	obj2228	train	0	32	T. Kim	Feral Harmony 2025	New Dawn	27.03.2025	MV202503829	4779	28,8	2,959,150	52,732	10,643,982	713,798	10,982	1,657,614	720,258	2,278,855	2,165,675	130	335,143	9900	22	6,915,172	150	1,847,797	94,881	13,097,131	3,584,620	25	0	Americas	small	0	1	0
False	obj2229	train	0	49	B. Carter	Desert Oracle	Prime Story	17.11.2025	MV202503830	1923	18,4	23,553,806	122,382	54,742,369	8,559,769	255,110	980,992	1,482,847	4,429,005	9,420,784	361	93,773	12308	139	6,554,109	116	12,383,978	74,847	29,431,657	522,242	42	0	Asia-Pacific	large	1	4	0
False	obj2230	train	0	55	I. Hassan	Digital Saints 2025	Chronicles Saga	21.01.2025	MV202503831	1077	112,3	11,514,867	62,917	6,947,049	8,203,885	255,573	1,217,215	2,723,748	5,760,467	1,281,217	52	435,510	58924	273	7,665,468	195	38,082,542	46,317	13,493,595	3,045,376	91	0	Americas	large	1	3	4
False	obj2231	train	0	49	E. Brooks	Lunar Cartography	New Dawn	25.03.2025	MV202503832	4533	61,5	3,617,727	151,229	27,637,783	333,327	15,119	1,782,714	174,999	347,686	11,157,443	285	128,542	71781	200	8,927,501	107	9,974,092	701	5,404,583	4,756,178	34	1	Americas	small	1	1	2
False	obj2232	train	0	65	V. Popov	Last Signal	Open Sky	21.07.2025	MV202503833	810	31,6	17,346,347	150,394	30,036,456	5,855,712	222,153	748,933	2,490,522	5,332,531	18,597,927	425	49,765	92872	119	5,022,048	17	10,940,379	47,653	16,858,838	2,676,796	8	1	Latin America	large	2	4	0
False	obj2233	train	0	89	F. Nguyen	Blue Static 2025	New Dawn	24.03.2025	MV202503834	4312	84,3	17,483,731	199,324	9,608,078	6,751,877	220,622	1,939,529	912,941	2,590,865	17,923,385	251	260,360	72839	45	1,278,967	74	32,453,375	91,862	13,250,032	4,813,398	95	0	Asia-Pacific	large	4	4	3
False	obj2234	train	0	37	B. Carter	White Noise 2025	New Dawn	07.11.2025	MV202503782	1540	47,8	816,826	119,636	77,639,905	340,356	4,574	860,314	31,313	59,091	16,406,512	289	350,475	74771	50	5,838,176	69	38,822,269	15,159	9,002,751	1,850,364	48	0	Asia-Pacific	large	0	0	1
False	obj2235	train	0	39	Y. Tanaka	Nova Protocol	Open Sky	17.01.2025	MV202503783	1984	85,5	13,930,676	171,403	78,393,938	10,416,165	183,603	852,271	1,711,870	3,615,001	7,667,303	481	53,310	80167	13	3,232,820	196	14,180,940	55,296	22,604,373	4,752,937	85	1	Asia-Pacific	medium	0	4	3
False	obj2236	train	0	76	P. Singh	Ember Valley 2025	Origin Arc	05.01.2025	MV202503784	69	77,4	1,853,098	125,636	16,524,612	1,027,383	38,037	388,669	378,326	1,131,256	2,960,146	478	109,609	60417	266	5,901,711	108	16,169,254	70,875	2,235,732	3,445,162	39	0	Latin America	small	3	0	2
False	obj2237	train	0	75	Q. Jensen	Northern Code 2025	New Dawn	28.07.2025	MV202503788	3236	27,6	2,805,689	112,169	31,529,456	2,052,875	64,695	1,448,498	717,639	1,570,174	18,382,392	356	172,100	19307	235	6,343,517	175	26,386,149	8,155	14,865,074	328,414	96	1	Americas	medium	3	1	0
False	obj2238	train	0	52	M. Chen	Quantum Rain	New Dawn	18.02.2025	MV202503789	3946	103,3	10,362,809	149,934	24,662,094	3,498,854	79,393	1,074,785	719,748	1,271,232	6,782,488	268	336,464	10113	104	3,001,953	85	29,638,024	81,528	25,880,273	4,743,438	77	0	Asia-Pacific	large	1	3	4
False	obj2239	train	0	63	O. Dubois	Silver Transit 2025	Dark Matter	28.06.2025	MV202503799	3624	91,3	5,586,731	176,653	37,797,257	3,273,470	115,190	535,343	188,983	287,153	9,950,895	267	311,649	33645	141	8,726,236	134	2,197,873	48,658	13,695,965	3,949,725	13	0	Latin America	large	2	2	3
False	obj2240	train	0	81	A. Volkov	Ghost Frequency	Dark Matter	18.04.2025	MV202503800	1958	107,9	12,261,272	15,431	3,397,436	3,616,604	112,935	314,413	1,841,726	4,526,265	18,932,086	255	142,770	26160	18	6,944,990	171	9,787,098	31,177	26,963,522	1,112,178	34	0	Americas	large	4	3	4
False	obj2241	train	0	82	D. Rossi	Golden Ratio 2025	Open Sky	13.01.2025	MV202503801	3363	36,4	9,542,496	34,878	62,237,972	6,544,704	140,502	799,284	628,898	929,992	15,534,339	405	22,970	89831	232	2,946,511	87	7,171,887	22,512	7,391,684	19,175	97	0	Latin America	medium	4	3	0
False	obj2242	train	0	87	B. Carter	Hyperion Rise 2025	Final Chapter	19.07.2025	MV202503802	1551	43	12,096,660	120,978	41,459,693	2,783,567	98,093	1,078,931	3,441,882	11,596,209	15,647,025	335	304,351	93746	8	5,180,506	117	49,126,949	81,499	29,564,410	364,429	87	0	Asia-Pacific	large	4	3	1
False	obj2243	train	0	87	Y. Tanaka	Frozen Ledger 2025	New Dawn	11.07.2025	MV202503805	552	92,9	9,407,586	31,534	6,101,290	4,731,832	208,558	1,267,311	2,744,879	9,741,971	14,614,589	478	337,861	39027	225	6,369,460	23	13,911,249	63,803	22,734,559	1,396,701	38	0	Asia-Pacific	medium	4	3	3
False	obj2244	train	0	79	E. Brooks	Paper Kingdom 2025	New Dawn	16.03.2025	MV202503806	4508	114,1	5,020,189	63,552	34,244,721	1,088,712	27,650	1,324,783	1,094,171	1,414,228	1,359,499	68	140,385	47397	195	1,760,313	106	1,040,404	83,888	23,453,187	3,844,001	59	0	Americas	small	3	2	4
False	obj2245	train	0	53	Q. Jensen	Velvet Storm	Open Sky	16.08.2025	MV202503807	1830	54	1,370,637	48,796	18,864,911	1,041,327	13,808	1,646,877	138,794	320,163	996,094	481	166,835	31344	197	7,291,672	10	4,112,008	47,731	16,800,999	4,685,520	13	1	Americas	medium	1	0	1
False	obj2246	train	0	60	C. Wright	Ember Valley 2025	New Dawn	22.02.2025	MV202503817	1561	70,8	1,990,658	80,483	76,277,470	1,144,628	12,997	1,354,470	45,423	131,709	8,512,725	128	94,785	65449	84	5,861,470	2	21,825,012	84,190	20,388,561	4,870,820	95	0	Europe	small	2	0	2
False	obj2247	train	0	57	M. Chen	Nova Protocol 2025 3	Standalone	20.04.2025	MV202503818	3652	17,6	5,621,274	79,724	51,601,398	2,160,106	70,055	424,709	1,174,670	1,790,975	12,940,000	339	108,022	25817	200	7,801,566	23	2,289,442	55,587	14,178,829	3,013,873	27	1	Asia-Pacific	large	2	2	0
False	obj2248	train	0	36	I. Hassan	Quantum Rain 2025	Legacy Cycle	24.02.2025	MV202503819	2367	51,9	3,332,606	183,539	41,409,095	885,501	27,698	1,526,241	841,458	2,254,076	10,978,659	101	29,945	45043	51	742,074	25	12,229,513	17,967	5,989,875	3,366,565	83	0	Americas	large	0	1	1
False	obj2249	train	0	45	L. Nakamura	Silver Transit 2025	Standalone	05.02.2025	MV202503820	3783	45,5	17,607,104	133,127	45,906,430	5,891,738	266,963	742,721	451,345	1,180,517	7,142,258	461	66,612	7208	28	6,562,702	82	25,719,830	49,990	11,674,259	3,513,629	91	0	Americas	small	1	4	1
False	obj2250	train	0	86	W. Stone	Blue Static 2025	Chronicles Saga	29.12.2025	MV202503822	931	15,2	4,132,559	159,315	16,062,724	3,264,257	149,017	943,545	436,342	1,249,380	10,714,810	178	88,439	8617	52	1,999,861	146	11,971,363	49,611	24,251,429	1,338,591	92	0	Americas	small	4	2	0
False	obj2251	train	0	77	V. Popov	Digital Saints 2025	Legacy Cycle	10.09.2025	MV202503823	3859	25,4	5,023,148	8,342	14,154,463	536,776	16,954	24,353	1,203,221	2,807,116	17,523,973	76	162,391	82891	233	1,256,484	117	44,789,931	10,101	13,099,815	3,118,319	81	0	Latin America	large	3	2	0
False	obj2252	train	0	52	M. Chen	Crystal Fault 2025	Dark Matter	15.03.2025	MV202503824	3879	65,3	5,783,085	116,496	10,938,486	3,351,987	91,904	1,019,562	699,357	1,864,293	15,162,603	152	245,254	44022	120	361,017	167	42,165,100	67,144	26,774,504	4,427,588	93	1	Asia-Pacific	large	1	2	2
False	obj2253	train	0	45	G. Murphy	Aurora Debt 2025 2	Prime Story	07.08.2025	MV202503825	1346	116,3	10,402,080	25,826	50,782,751	3,121,192	152,253	1,245,109	558,942	701,767	14,235,719	348	444,051	46116	174	5,718,726	119	4,289,947	56,905	12,158,546	3,422,275	40	0	Europe	medium	1	3	4
False	obj2254	train	0	42	C. Wright	Nova Protocol	Prime Story	27.10.2025	MV202503835	2765	98	7,183,682	131,280	41,201,216	1,551,460	73,168	825,381	98,066	247,931	19,891,431	309	224,592	5619	146	3,247,806	43	26,354,277	21,555	9,094,164	2,303,464	99	1	Europe	small	0	3	3
False	obj2255	train	0	83	D. Rossi	Paper Kingdom 2025	Origin Arc	02.09.2025	MV202503837	3395	90,8	4,350,739	119,374	63,774,145	3,084,447	132,045	852,900	670,931	1,620,201	19,923,139	138	431,728	61556	125	2,680,711	78	10,727,150	73,679	29,214,506	2,116,496	63	0	Latin America	medium	4	2	3
False	obj2256	train	0	84	M. Chen	Ocean of Stars 2025	Final Chapter	27.11.2025	MV202503838	1950	37,6	25,401,140	97,580	64,585,192	1,565,630	63,278	536,916	1,816,948	6,561,718	8,397,214	76	303,439	52068	129	7,126,531	33	20,257,844	2,139	8,219,241	2,601,339	53	0	Asia-Pacific	large	4	4	0
False	obj2257	train	0	43	I. Hassan	Parallel Lines 2025	Universe Zero	04.10.2025	MV202503840	293	90,2	1,898,105	70,030	77,869,246	298,649	11,749	1,587,902	386,733	471,417	8,619,292	161	304,528	11231	237	8,652,383	132	44,299,115	70,094	28,436,462	4,954,592	5	0	Americas	large	1	0	3
False	obj2258	train	0	54	D. Rossi	Golden Ratio	Origin Arc	16.11.2025	MV202503841	637	66,8	8,003,258	127,979	28,294,122	5,492,731	177,148	150,480	1,296,555	4,153,957	14,307,781	158	406,505	55120	208	6,785,678	15	3,327,382	26,026	4,553,921	584,366	20	0	Latin America	medium	1	3	2
False	obj2259	train	0	75	C. Wright	Jade Frequency 2025	Universe Zero	09.03.2025	MV202503842	4485	45,5	3,190,226	98,480	7,156,302	1,037,167	31,864	44,408	586,510	1,539,101	17,512,812	405	296,234	84229	73	6,329,200	158	14,166,817	21,732	19,890,907	3,499,163	19	0	Europe	small	3	1	1
False	obj2260	train	0	53	G. Murphy	Electric Mirage 2025	Dark Matter	28.08.2025	MV202503843	2035	28,9	21,218,379	165,698	32,271,031	16,708,653	661,496	230,670	5,426,952	10,798,681	15,788,070	382	492,327	45900	51	8,673,334	35	44,305,687	68,021	26,332,808	462,303	35	0	Europe	medium	1	4	0
False	obj2261	train	0	76	A. Volkov	Feral Harmony 2025	Legacy Cycle	02.08.2025	MV202503853	2436	61,4	8,568,966	96,743	78,186,779	2,037,662	59,791	23,376	280,042	679,100	8,347,062	82	259,377	23628	177	6,603,204	8	42,964,835	69,192	10,894,109	1,800,618	95	1	Americas	large	3	3	2
False	obj2262	train	0	79	W. Stone	Quantum Rain 2025 4	Dark Matter	15.11.2025	MV202503854	4505	77,6	3,349,990	20,855	28,532,172	1,872,084	89,680	1,882,345	297,790	1,086,106	4,685,935	452	122,543	6375	12	1,181,825	149	24,608,797	3,173	6,205,729	196,223	0	0	Americas	small	3	1	2
False	obj2263	train	0	76	P. Singh	Desert Oracle 2025	Chronicles Saga	27.10.2025	MV202503856	2072	57,5	9,480,871	5,904	68,626,720	3,271,693	97,301	1,757,703	2,221,948	5,635,070	11,005,359	103	441,142	6539	53	6,602,425	167	32,308,702	19,939	15,438,146	1,143,827	83	0	Latin America	small	3	3	1
False	obj2264	train	0	71	O. Dubois	Obsidian Heart	Origin Arc	25.07.2025	MV202503858	2066	76,9	5,022,994	135,112	44,852,113	1,997,129	44,180	140,245	1,187,990	1,556,091	17,788,381	293	454,045	10275	231	5,142,269	35	28,963,700	3,064	8,050,791	2,995,390	98	0	Latin America	large	3	2	2
False	obj2265	train	0	93	J. Martinez	Silver Transit 2025	Prime Story	03.04.2025	MV202503859	2449	119,9	834,666	169,150	22,252,456	321,685	10,383	476,535	42,531	167,195	17,744,682	359	33,816	92754	47	8,488,650	181	28,473,515	39,341	10,406,415	1,134,303	98	0	Europe	large	4	0	4
False	obj2266	train	0	51	T. Kim	Kinetic Prayer	New Dawn	07.01.2025	MV202503860	3351	73,6	6,552,070	57,040	49,374,841	448,242	20,552	1,283,361	1,864,142	5,601,717	4,969,840	28	484,028	44002	259	5,052,809	107	1,519,981	68,874	5,305,385	2,084,835	11	0	Americas	small	1	2	2
False	obj2267	train	0	56	Q. Jensen	Crystal Fault	Open Sky	15.01.2025	MV202503861	571	101,6	38,124,382	3,345	52,121,338	6,058,408	207,240	1,819,157	2,368,106	5,965,572	13,485,545	464	358,643	1298	236	2,610,709	144	20,429,172	97,578	21,807,195	4,382,765	87	0	Americas	medium	2	4	4
False	obj2268	train	0	84	G. Murphy	Binary Sunset 2025	Prime Story	23.08.2025	MV202503871	1701	16,6	40,566,354	94,842	79,048,812	2,283,164	33,722	1,233,630	2,702,698	10,438,596	19,767,274	307	309,387	8564	219	9,795,538	172	36,250,539	4,960	6,388,749	2,011,794	81	0	Europe	medium	4	4	0
False	obj2269	train	0	68	W. Stone	Electric Mirage 2025	Prime Story	12.12.2025	MV202503872	945	45,9	11,529,267	105,151	1,343,090	5,745,495	172,021	1,816,698	222,682	279,165	3,871,504	91	200,791	47616	284	2,595,295	147	6,174,966	63,944	22,999,000	3,196,398	8	0	Americas	small	2	3	1
False	obj2270	train	0	51	I. Hassan	Ember Valley 2025	Origin Arc	06.11.2025	MV202503873	705	67,7	17,085,802	87,019	34,350,892	1,251,170	33,332	1,787,625	3,932,978	9,769,490	9,392,112	455	341,397	54995	197	9,852,678	125	20,138,851	67,048	24,949,100	131,753	34	0	Americas	large	1	4	2
False	obj2271	train	0	73	O. Dubois	Shadow Circuit 2025	Legacy Cycle	23.11.2025	MV202503874	1893	42,5	8,360,763	18,031	30,719,508	3,924,086	145,505	55,949	1,898,269	7,163,916	4,741,296	181	404,836	40579	242	5,715,999	33	44,546,641	50,598	25,966,214	4,138,769	45	0	Latin America	large	3	3	1
False	obj2272	train	0	93	T. Kim	Ghost Frequency 2025	Origin Arc	08.03.2025	MV202503876	227	45,4	8,693,524	183,117	63,539,631	5,447,112	149,638	1,084,067	1,188,637	3,329,721	6,807,096	156	445,187	55317	252	8,487,588	29	42,719,898	82,314	8,828,336	1,116,982	92	1	Americas	small	4	3	1
False	obj2273	train	0	74	M. Chen	Parallel Lines 2025	Legacy Cycle	05.11.2025	MV202503877	3817	109,1	3,437,772	97,227	49,421,878	2,181,392	22,742	702,528	434,774	559,162	2,550,854	242	253,866	6683	287	5,725,776	51	37,881,095	75,210	1,484,815	1,591,148	29	1	Asia-Pacific	large	3	1	4
False	obj2274	train	0	32	L. Nakamura	Neon Horizon 2025	Open Sky	31.08.2025	MV202503879	2005	29,1	1,477,282	118,145	74,329,414	332,633	8,555	485,127	94,396	293,789	15,960,804	267	97,934	64926	21	7,441,070	118	47,914,379	54,618	28,328,726	4,821,799	73	0	Americas	small	0	0	0
False	obj2275	train	0	54	B. Carter	Hollow Crown 2025	Chronicles Saga	08.05.2025	MV202503889	702	118,9	712,755	160,178	31,360,719	324,114	10,456	1,087,545	197,595	429,590	18,516,874	494	86,192	61468	132	3,927,197	87	25,661,840	25,622	17,837,699	3,393,435	15	0	Asia-Pacific	large	1	0	4
False	obj2276	train	0	89	H. Andersson	Quantum Rain	Chronicles Saga	19.02.2025	MV202503890	2543	79,8	4,593,131	35,833	50,713,347	755,071	23,494	218,894	187,870	371,803	4,803,472	399	147,622	21817	67	1,665,891	122	31,869,921	21,911	10,982,709	1,461,826	88	0	Asia-Pacific	large	4	2	3
False	obj2277	train	0	68	F. Nguyen	Echo Chamber	Open Sky	11.01.2025	MV202503891	2218	60,7	6,472,900	88,443	35,033,820	5,011,353	85,543	285,055	1,631,252	2,467,690	2,502,640	482	336,871	61275	90	4,575,547	16	21,195,402	62,037	13,302,232	4,080,797	82	1	Asia-Pacific	large	2	2	2
False	obj2278	train	0	69	O. Dubois	Burning Atlas 2025	Open Sky	20.04.2025	MV202503892	821	18,8	4,016,736	113,756	52,117,211	1,712,145	47,677	1,686,773	456,564	1,150,473	5,418,305	66	200,702	9660	111	5,764,674	40	45,736,949	91,799	8,656,106	4,916,467	33	0	Latin America	large	3	1	0
False	obj2279	train	0	49	D. Rossi	Arctic Pulse 2025	Final Chapter	29.01.2025	MV202503893	1430	105,6	65,497,644	15,559	25,134,859	50,957,557	2,515,350	1,597,234	13,080,846	16,698,627	13,801,474	410	25,374	82033	242	9,460,496	112	30,760,032	30,789	13,507,616	3,576,373	2	0	Latin America	medium	1	4	4
False	obj2280	train	0	52	O. Dubois	Glass Reactor 2025	Open Sky	30.05.2025	MV202503894	4715	64,9	18,174,749	24,665	41,459,471	10,342,996	196,201	1,010,709	5,274,957	16,871,997	10,965,582	69	306,607	77270	141	4,568,495	183	27,994,882	18,622	3,946,791	2,473,953	42	0	Latin America	large	1	4	2
False	obj2281	train	0	57	M. Chen	Crimson Archive	Legacy Cycle	07.10.2025	MV202503897	2097	51,6	85,690,592	197,555	28,359,868	12,694,817	166,932	1,961,227	21,094,824	33,701,592	6,360,559	124	14,671	91863	166	5,781,349	17	12,805,795	24,708	11,821,615	2,856,240	79	1	Asia-Pacific	large	2	4	1
False	obj2282	train	0	55	N. Fischer	Feral Harmony 2025	Legacy Cycle	13.06.2025	MV202503907	2534	109	560,395	88,697	75,992,750	293,704	12,463	1,917,585	147,949	511,153	12,040,611	40	386,876	32512	138	7,725,328	124	23,266,403	52,828	14,829,964	3,570,763	76	0	Europe	small	1	0	4
False	obj2283	train	0	79	J. Martinez	Northern Code	Dark Matter	22.10.2025	MV202503909	1764	87,9	3,622,767	151,977	73,236,496	2,714,153	70,568	1,395,765	515,914	874,841	7,444,858	189	324,483	70986	267	1,281,176	35	19,525,720	67,290	7,448,561	1,705,455	39	0	Europe	large	3	1	3
False	obj2284	train	0	44	F. Nguyen	Solar Drift 2025	Legacy Cycle	27.06.2025	MV202503912	2575	30,2	4,682,899	170,005	39,213,642	2,673,171	32,048	1,925,530	290,098	473,121	14,532,803	145	84,415	32097	139	3,377,811	168	5,149,029	14,114	1,932,597	3,574,849	57	0	Asia-Pacific	large	1	2	0
False	obj2285	train	0	84	V. Popov	Parallel Lines 2	New Dawn	21.01.2025	MV202503913	1882	50,7	12,076,622	125,541	78,444,449	623,782	9,939	222,367	1,346,234	5,027,941	15,656,036	104	345,565	84984	150	3,387,393	59	30,709,019	94,698	10,817,179	2,712,802	80	0	Latin America	large	4	3	1
False	obj2286	train	0	45	K. Olsen	Northern Code 2025	Dark Matter	10.07.2025	MV202503915	4354	80,5	5,031,677	5,792	11,728,900	661,787	12,088	548,760	123,610	294,685	2,411,784	475	63,488	39080	67	3,529,687	24	38,729,963	23,772	24,356,184	2,609,629	2	0	Americas	large	1	2	3
False	obj2287	train	0	90	W. Stone	Winter Echo 2025 4	Legacy Cycle	15.02.2025	MV202503844	1303	117,9	13,793,878	175,212	23,011,456	9,969,363	406,042	248,749	2,861,523	4,276,693	18,584,003	285	396,217	60665	203	4,422,673	66	28,697,466	63,530	3,970,887	3,229,956	75	0	Americas	small	4	4	4
False	obj2288	train	0	73	H. Andersson	Last Signal 2025 3	Origin Arc	21.04.2025	MV202503845	782	72	1,468,949	177,390	40,681,324	1,038,578	28,288	240,221	317,822	853,445	16,836,024	42	304,490	15376	32	9,340,449	164	5,379,785	82,842	22,546,714	2,166,107	89	0	Asia-Pacific	large	3	0	2
False	obj2289	train	0	67	A. Volkov	Silver Transit 2025 3	Dark Matter	31.01.2025	MV202503846	2149	55,2	13,698,843	15,591	35,308,012	10,864,235	489,747	559,835	3,270,917	10,917,548	14,018,106	461	93,379	64015	250	6,422,143	187	34,544,636	17,028	6,428,072	78,592	47	0	Americas	large	2	4	1
False	obj2290	train	0	83	E. Brooks	Broken Compass 2025	Standalone	21.05.2025	MV202503848	3059	62,5	11,473,827	176,067	52,769,265	3,889,076	79,430	1,373,766	1,959,426	3,744,498	9,301,550	493	288,167	76367	27	3,658,471	56	22,461,315	37,964	10,271,419	1,277,935	94	1	Americas	small	4	3	2
False	obj2291	train	0	66	Z. Ali	Neon Horizon 2025	Chronicles Saga	18.08.2025	MV202503851	3975	50,7	7,105,074	128,628	65,955,747	4,229,866	49,438	472,054	720,574	1,101,547	10,738,371	455	97,382	43052	263	4,443,567	23	42,966,715	81,633	8,704,829	2,063,067	38	0	Latin America	small	2	3	1
False	obj2292	train	0	72	Y. Tanaka	Last Signal	Chronicles Saga	01.12.2025	MV202503852	1431	101,7	2,190,088	75,250	950,844	297,075	5,670	1,044,489	181,243	597,588	18,386,359	341	344,345	76719	66	5,809,690	99	30,832,982	16,166	14,654,902	1,994,669	52	0	Asia-Pacific	medium	3	0	4
False	obj2293	train	0	41	A. Volkov	Silver Transit 2025	Universe Zero	19.03.2025	MV202503862	2150	36,6	21,713,991	68,954	20,195,454	7,957,983	144,316	283,700	5,814,237	11,863,266	5,953,164	469	21,326	50403	238	3,976,590	83	22,351,028	24,494	3,725,422	3,682,034	42	1	Americas	large	0	4	0
False	obj2294	train	0	80	F. Nguyen	Quantum Rain	Standalone	21.09.2025	MV202503863	397	17,5	4,020,872	169,500	24,447,714	1,023,837	40,689	1,856,099	1,085,563	3,507,538	4,327,144	496	473,983	68486	79	7,028,991	160	48,674,836	34,141	23,214,377	4,355,535	83	1	Asia-Pacific	large	3	1	0
False	obj2295	train	0	90	O. Dubois	Silver Transit 2025	Final Chapter	26.05.2025	MV202503864	2649	25,7	10,219,708	20,120	4,021,418	1,636,414	52,412	1,378,821	179,806	362,131	14,970,287	173	117,919	62339	99	1,502,940	52	42,765,579	72,073	2,764,512	1,915,348	48	0	Latin America	large	4	3	0
False	obj2296	train	0	64	C. Wright	Stone Butterfly	Legacy Cycle	13.03.2025	MV202503865	3542	30,1	13,341,785	35,407	74,503,129	1,671,208	77,961	1,139,301	944,256	3,422,863	10,614,735	304	304,578	70332	190	3,348,813	14	19,709,382	59,005	12,407,289	2,291,375	25	1	Europe	small	2	3	0
False	obj2297	train	0	49	O. Dubois	Digital Saints	Dark Matter	02.01.2025	MV202503868	4580	27,2	3,621,506	49,187	48,721,067	1,517,042	30,068	1,848,615	468,661	949,561	13,295,809	405	185,412	87330	64	8,334,561	94	5,768,502	329	14,093,742	569,160	89	1	Latin America	large	1	1	0
False	obj2298	train	0	75	N. Fischer	Final Orbit 2025	Prime Story	21.12.2025	MV202503869	119	25,4	4,795,746	18,862	50,649,335	3,556,819	71,434	1,518,090	892,431	3,560,562	2,701,905	451	449,789	55225	83	6,090,409	118	6,651,921	8,168	8,511,892	788,631	29	0	Europe	small	3	2	0
False	obj2299	train	0	45	I. Hassan	Electric Mirage	Final Chapter	31.01.2025	MV202503870	4822	44,9	2,065,053	84,041	32,015,843	164,410	7,321	264,766	229,055	684,263	16,970,685	298	474,963	39783	288	6,115,457	98	18,950,971	27,910	10,872,190	3,248,638	77	0	Americas	large	1	0	1
False	obj2300	train	0	85	K. Olsen	Binary Sunset	New Dawn	03.11.2025	MV202503883	2350	73,1	9,767,296	167,762	13,712,288	6,845,428	321,727	932,115	526,750	2,088,821	9,618,919	325	192,435	47203	89	9,956,857	87	13,130,482	52,125	3,557,878	4,932,742	46	1	Americas	large	4	3	2
False	obj2301	train	0	65	B. Carter	Winter Echo 2025	Standalone	26.03.2025	MV202503885	1440	100,6	3,034,720	161,274	73,700,813	880,402	18,597	795,132	813,859	2,613,518	1,477,757	352	367,624	34882	247	8,423,750	23	46,461,386	87,443	15,092,928	4,792,365	76	0	Asia-Pacific	large	2	1	4
False	obj2302	train	0	61	H. Andersson	Final Orbit 2025	Universe Zero	22.01.2025	MV202503887	2092	81,4	2,728,185	181,981	27,091,768	2,055,862	44,237	1,000,265	78,143	219,728	6,326,701	417	80,720	20844	291	5,552,460	197	15,953,433	80,624	1,047,590	1,401,889	55	0	Asia-Pacific	large	2	1	3
False	obj2303	train	0	84	R. Silva	Hyperion Rise 2	Universe Zero	11.12.2025	MV202503902	1955	39,8	934,106	23,435	70,495,991	266,405	3,068	1,480,370	263,456	587,639	5,768,100	171	64,005	74256	4	3,712,793	174	25,722,048	8,417	6,057,893	3,947,332	79	0	Latin America	large	4	0	1
False	obj2304	train	0	54	V. Popov	Lunar Cartography 2025	Origin Arc	15.11.2025	MV202503904	4577	80,8	798,785	56,045	71,307,039	223,132	10,012	1,464,551	134,311	409,787	13,964,453	58	405,579	65616	96	6,315,866	103	32,814,571	51,040	798,504	1,489,269	5	1	Latin America	large	1	0	3
False	obj2305	train	0	64	Y. Tanaka	Paper Kingdom 2025 4	Chronicles Saga	22.05.2025	MV202503906	861	67,3	5,768,651	159,189	4,920,685	3,099,386	134,878	57,079	368,466	926,897	577,159	134	411,061	23061	125	3,099,448	69	39,563,893	70,004	19,883,601	1,573,989	93	0	Asia-Pacific	medium	2	2	2
False	obj2306	train	0	43	W. Stone	Ocean of Stars 2025	Standalone	11.03.2025	MV202503916	2066	107,7	3,560,831	2,397	35,662,070	2,832,878	90,032	1,932,480	201,280	528,877	16,798,916	36	282,515	47158	58	9,968,455	85	9,604,297	59,501	15,921,717	3,851,957	11	0	Americas	small	1	1	4
False	obj2307	train	0	90	B. Carter	Iron Garden	New Dawn	08.12.2025	MV202503921	352	39,7	22,344,199	15,097	52,009,409	5,118,073	247,045	370,598	5,454,779	18,271,331	17,764,234	189	154,499	197	226	1,566,798	198	35,979,932	28,815	3,824,942	4,017,308	40	0	Asia-Pacific	large	4	4	1
False	obj2308	train	0	67	B. Carter	Blue Static 2025	Standalone	01.09.2025	MV202503922	2412	19,8	6,241,132	180,995	37,334,425	3,257,380	72,218	492,770	1,465,124	4,463,428	9,443,612	369	342,936	99174	118	5,658,933	74	24,292,559	95,341	2,119,653	2,948,933	61	0	Asia-Pacific	large	2	2	0
False	obj2309	train	0	92	L. Nakamura	Obsidian Heart 2025	Chronicles Saga	05.04.2025	MV202503934	4080	84,9	3,796,980	148,153	7,603,145	2,549,461	62,687	764,257	935,838	1,506,194	17,658,066	488	136,148	61282	24	5,878,347	82	46,968,884	92,081	21,743,714	1,193,666	18	0	Americas	small	4	1	3
False	obj2310	train	0	38	S. Patel	Arctic Pulse 2025	Prime Story	26.08.2025	MV202503937	782	42,9	3,784,978	60,147	35,983,728	2,542,111	52,075	160,249	793,857	2,630,519	4,594,086	487	167,456	5791	196	2,431,401	91	42,916,084	40,918	22,322,331	1,595,051	88	0	Europe	large	0	1	1
False	obj2311	train	0	84	W. Stone	White Noise 2025 4	Standalone	27.09.2025	MV202503941	3069	36,3	1,346,092	174,245	55,323,307	263,647	6,586	1,515,629	370,565	790,067	4,578,748	213	282,436	66407	151	4,425,769	34	14,817,309	35,265	29,287,702	4,964,409	96	0	Americas	small	4	0	0
False	obj2312	train	0	31	M. Chen	Parallel Lines 2025	Prime Story	12.10.2025	MV202503952	2652	37,7	75,848,008	32,415	34,673,919	46,110,528	568,915	640,965	9,407,612	30,759,700	18,001,243	301	421,713	68190	278	507,581	86	45,205,871	69,597	3,900,276	3,400,886	14	1	Asia-Pacific	large	0	4	1
False	obj2313	train	0	58	J. Martinez	Stone Butterfly 2025	Standalone	30.03.2025	MV202503953	2248	84	3,843,594	160,460	38,820,049	2,839,249	82,419	1,072,375	787,166	3,026,122	10,013,613	317	77,374	334	108	3,647,044	13	7,411,229	52,917	21,003,409	4,838,613	93	0	Europe	large	2	1	3
False	obj2314	train	0	46	E. Brooks	Last Signal 2025	Chronicles Saga	10.11.2025	MV202503954	4956	82,8	6,121,094	95,816	7,063,896	1,720,804	37,872	1,614,598	514,134	1,838,521	14,548,341	178	482,319	54586	68	7,825,966	96	6,284,119	86,818	53,623	3,393,741	55	1	Americas	small	1	2	3
False	obj2315	train	0	86	R. Silva	Jade Frequency 2025	New Dawn	30.03.2025	MV202503955	1397	62,9	370,300	71,328	1,075,218	208,672	6,830	629,865	9,539	24,718	2,250,624	179	203,819	44815	191	7,853,280	169	28,667,269	6,970	18,326,962	487,074	81	0	Latin America	large	4	0	2
False	obj2316	train	0	36	G. Murphy	Blue Static 2025	Prime Story	10.04.2025	MV202503957	3664	107,6	10,697,844	80,187	28,215,410	811,027	37,648	81,847	2,916,882	10,813,411	4,974,553	176	197,707	70263	284	1,350,661	175	3,816,278	45,411	28,491,173	1,860,279	88	0	Europe	medium	0	3	4
False	obj2317	train	0	47	E. Brooks	White Noise 2025 4	Chronicles Saga	07.07.2025	MV202503959	3497	17,8	1,328,668	169,709	48,803,288	199,152	6,611	787,615	86,347	134,085	13,177,467	482	363,959	70880	238	6,418,922	136	707,384	28,510	12,861,418	1,509,879	81	1	Americas	small	1	0	0
False	obj2318	train	0	74	T. Kim	Neon Horizon 2025	Universe Zero	28.07.2025	MV202503960	1760	65,1	1,040,448	192,613	36,112,826	460,119	10,797	775,684	127,979	377,515	14,440,698	300	198,000	73536	22	1,662,305	15	40,319,869	41,506	21,332,187	2,205,525	94	0	Americas	small	3	0	2
False	obj2319	train	0	33	J. Martinez	Echo Chamber	Final Chapter	20.07.2025	MV202503970	826	114	7,163,898	32,625	78,974,139	2,844,182	100,395	1,366,326	1,580,899	4,247,077	9,442,810	404	423,855	49597	83	2,493,631	169	34,622,026	19,903	22,295,476	1,398,333	94	0	Europe	large	0	3	4
False	obj2320	train	0	76	M. Chen	Quantum Rain 2025	Chronicles Saga	17.09.2025	MV202503973	4530	61,8	2,829,989	186,954	26,217,839	1,211,364	21,230	494,543	689,667	1,044,588	8,285,540	446	421,847	6265	8	9,995,732	26	18,340,545	50,004	10,467,707	176,699	93	0	Asia-Pacific	large	3	1	2
False	obj2321	train	0	79	T. Kim	Ocean of Stars	Dark Matter	03.03.2025	MV202503974	3157	26	6,932,122	25,413	16,681,332	4,754,494	134,009	360,491	971,450	2,144,554	10,721,839	168	254,692	46985	189	9,224,102	116	45,387,996	15,163	3,476,710	4,620,382	25	1	Americas	small	3	2	0
False	obj2322	train	0	90	D. Rossi	Parallel Lines 2025	Chronicles Saga	11.10.2025	MV202503975	3938	98,6	2,262,763	19,199	53,746,745	551,759	16,376	1,110,082	566,039	963,222	3,516,228	486	338,679	66214	122	7,790,892	3	23,428,332	82,117	27,901,127	738,943	10	0	Latin America	medium	4	1	3
False	obj2323	train	0	72	H. Andersson	Neon Horizon 2025	Standalone	20.11.2025	MV202503976	3553	49,2	1,779,034	163,465	46,766,663	810,706	34,711	911,206	66,924	232,389	18,540,475	8	81,395	54163	226	8,011,990	193	5,914,673	91,627	24,262,249	3,250,422	82	0	Asia-Pacific	large	3	0	1
False	obj2324	train	0	34	Z. Ali	Infinite Margin 2025 3	Universe Zero	11.11.2025	MV202503927	3915	35,9	2,592,680	91,128	17,266,311	1,316,511	62,031	192,065	269,732	625,224	11,395,058	361	409,841	73521	209	2,157,793	62	21,264,446	451	22,560,369	972,784	60	0	Latin America	small	0	1	0
False	obj2325	train	0	37	D. Rossi	Glass Reactor 2025	Legacy Cycle	21.02.2025	MV202503929	3175	96,3	9,845,239	120,573	37,517,902	6,896,544	179,460	1,927,617	141,951	320,022	1,260,816	263	373,841	64416	212	657,816	79	33,231,770	67,734	12,347,562	4,214,135	74	0	Latin America	medium	0	3	3
False	obj2326	train	0	73	N. Fischer	Quantum Rain 2	Dark Matter	02.05.2025	MV202503931	3158	69,9	4,724,173	175,472	20,983,359	2,639,393	50,994	1,547,247	513,461	713,507	19,657,894	0	1,984	21428	106	1,093,354	21	19,501,979	35,052	11,522,524	3,497,786	44	0	Europe	small	3	2	2
False	obj2327	train	0	49	V. Popov	Thunder Archive 2025	Standalone	01.07.2025	MV202503932	3348	99,8	7,940,812	192,174	59,765,548	5,683,518	228,702	1,659,970	634,322	1,038,467	17,204,504	222	253,951	14459	13	8,301,882	78	13,814,424	53,429	15,662,114	2,152,348	90	1	Latin America	large	1	3	4
False	obj2328	train	0	59	H. Andersson	Kinetic Prayer 2025	Dark Matter	09.02.2025	MV202503933	4241	109,7	1,981,218	43,986	17,888,219	312,671	11,975	872,770	510,290	1,863,874	4,740,520	353	310,913	92336	212	4,719,051	159	33,822,725	56,941	7,942,875	1,428,636	15	1	Asia-Pacific	large	2	0	4
False	obj2329	train	0	85	Y. Tanaka	Golden Ratio 2025 4	Open Sky	04.09.2025	MV202503944	1034	24,9	6,199,102	70,847	63,555,488	1,866,824	21,581	499,281	949,780	2,001,394	2,415,539	374	28,877	67232	289	6,313,110	85	45,529,064	21,519	18,598,781	2,783,595	37	0	Asia-Pacific	medium	4	2	0
False	obj2330	train	0	57	P. Singh	Winter Echo	Legacy Cycle	13.10.2025	MV202503945	4602	93,9	1,888,967	108,956	67,323,927	456,250	19,504	1,160,822	302,867	415,168	9,424,201	59	109,082	2926	172	8,487,894	170	4,571,481	74,819	7,303,358	1,210,925	98	0	Latin America	small	2	0	3
False	obj2331	train	0	76	Y. Tanaka	Jade Frequency 2025	Open Sky	21.01.2025	MV202503947	4589	97,6	20,745,553	38,751	37,903,102	12,957,873	351,231	484,102	5,852,668	14,766,840	2,321,901	10	115,990	17627	283	2,822,103	141	35,148,396	43,783	25,170,300	3,727,353	56	0	Asia-Pacific	medium	3	4	3
False	obj2332	train	0	90	W. Stone	Ember Valley 2025	Origin Arc	24.09.2025	MV202503948	4981	110,6	12,389,469	165,094	52,212,668	3,670,459	68,139	905,436	737,339	1,148,310	5,578,160	11	30,806	91894	164	1,462,856	103	20,841,558	8,450	9,243,420	499,187	93	0	Americas	small	4	3	4
False	obj2333	train	0	69	L. Nakamura	Digital Saints	Final Chapter	02.12.2025	MV202503961	4110	29,5	818,118	143,918	22,400,758	443,350	21,648	1,700,213	194,503	253,903	10,105,457	29	83,687	57498	176	4,968,503	83	48,772,235	13,531	19,477,323	850,132	48	0	Americas	small	3	0	0
False	obj2334	train	0	63	V. Popov	Neon Horizon 2025	Universe Zero	04.01.2025	MV202503964	3450	64,7	3,286,576	93,035	69,194,250	2,026,823	40,441	1,584,489	503,721	967,728	1,203,626	86	207,499	73082	81	9,905,164	84	2,524,131	61,947	10,232,783	2,110,975	46	0	Latin America	large	2	1	2
False	obj2335	train	0	48	R. Silva	Crystal Fault 2	Open Sky	21.11.2025	MV202503966	3805	95,3	5,800,605	49,464	55,311,133	2,989,674	84,295	1,341,863	1,135,963	2,004,186	8,112,505	440	387,205	82621	238	5,245,684	73	17,654,656	79,340	21,742,056	1,353,223	73	0	Latin America	large	1	2	3
False	obj2336	train	0	92	Y. Tanaka	Thunder Archive 2025 3	Dark Matter	25.04.2025	MV202503969	3903	114,9	34,090,980	119,743	12,849,993	20,016,582	808,222	1,368,808	7,272,266	8,966,285	11,142,467	151	223,357	39759	185	118,074	113	29,213,781	63,459	27,980,181	1,766,806	88	0	Asia-Pacific	medium	4	4	4
False	obj2337	train	0	74	R. Silva	Silent Protocol 2	New Dawn	31.10.2025	MV202503979	4386	110,5	8,416,617	86,268	49,421,334	2,049,164	49,843	566,643	303,778	1,131,254	15,685,705	484	42,602	70198	253	4,137,594	106	43,773,786	54,313	16,642,594	551,498	49	1	Latin America	large	3	3	4
False	obj2338	train	0	59	N. Fischer	Echo Chamber	Prime Story	17.10.2025	MV202503980	3014	71,7	28,080,129	4,302	4,800,333	21,245,962	445,918	867,038	8,148,626	29,041,768	12,271,926	417	158,077	69648	85	1,187,546	106	45,593,155	50,299	29,659,867	19,807	73	0	Europe	small	2	4	2
False	obj2339	train	0	61	S. Patel	Silent Protocol 2025	Dark Matter	07.07.2025	MV202503981	1849	67,2	19,987,128	138,397	58,863,907	14,346,487	492,132	293,071	3,426,844	11,964,733	14,494,537	68	410,686	21871	179	6,316,268	157	15,423,094	61,414	6,334,715	2,377,027	3	1	Europe	large	2	4	2
False	obj2340	train	0	55	E. Brooks	Iron Garden 2025	Origin Arc	05.02.2025	MV202503982	2997	101,7	4,837,412	158,422	26,925,792	2,340,017	105,824	1,070,714	981,966	2,920,920	19,614,632	385	50,968	32028	104	8,805,033	26	43,219,372	63,264	16,287,074	3,812,690	6	0	Americas	small	1	2	4
False	obj2341	train	0	55	Z. Ali	Solar Drift 2025	Chronicles Saga	24.11.2025	MV202503984	455	118,9	8,479,978	5,247	40,278,745	5,459,712	189,141	1,716,518	679,888	1,018,794	5,219,344	262	381,425	77197	239	4,077,867	187	25,731,726	90,200	14,789,450	4,058,654	15	0	Latin America	small	1	3	4
False	obj2342	train	0	90	Y. Tanaka	Infinite Margin	Open Sky	27.02.2025	MV202503985	2988	90	8,401,903	83,745	46,158,289	1,914,701	56,556	859,015	2,360,500	3,483,747	8,892,577	62	441,032	97603	255	1,340,453	158	7,999,208	30,338	9,514,056	3,285,885	89	0	Asia-Pacific	medium	4	3	3
False	obj2343	train	0	76	A. Volkov	Silver Transit 2025	Origin Arc	12.08.2025	MV202503986	3201	80,1	9,125,005	149,184	70,073,594	2,137,648	44,031	1,067,321	528,211	1,815,597	3,565,262	285	196,636	63348	255	9,244,554	170	9,034,688	82,288	26,564,908	4,828,871	64	0	Americas	large	3	3	3
False	obj2344	train	0	45	A. Volkov	Desert Oracle	Final Chapter	05.12.2025	MV202503998	4229	82,1	4,413,461	60,548	3,199,684	1,673,395	33,835	1,223,080	128,836	346,034	8,276,851	357	450,456	75197	89	7,588,368	113	17,046,019	75,944	5,771,853	4,989,720	2	0	Americas	large	1	2	3
False	obj2345	train	0	56	T. Kim	City of Glass 2025 2	Dark Matter	06.06.2025	MV202503999	1040	17,3	1,777,282	168,148	35,957,026	1,053,427	44,857	784,080	416,380	1,203,287	16,261,739	160	471,897	24	30	802,655	129	49,615,158	94,976	26,015,619	3,989,231	70	0	Americas	small	2	0	0
False	obj2346	train	0	66	R. Silva	Solar Drift	Prime Story	15.09.2025	MV202504006	4948	84,1	20,680,930	56,074	59,707,549	5,404,599	203,243	307,436	4,095,815	9,200,763	18,125,222	340	95,396	31798	73	7,619,591	137	18,399,009	52,828	11,194,679	2,819,234	54	0	Latin America	large	2	4	3
False	obj2347	train	0	83	J. Martinez	Hollow Crown 2025	Standalone	20.10.2025	MV202504008	4318	80,3	289,342	76,962	76,827,160	109,642	4,620	233,453	28,187	89,614	14,016,001	158	391,979	20479	154	9,949,128	15	14,924,904	22,165	21,636,671	2,537,950	26	1	Europe	large	4	0	3
False	obj2348	train	0	59	K. Olsen	Aurora Debt 2025	Open Sky	30.09.2025	MV202504010	2547	27,2	10,329,572	84,094	5,485,435	1,306,436	41,199	184,063	1,103,861	4,149,508	9,446,902	240	393,400	48058	152	8,920,027	67	10,302,978	6,650	6,631,544	4,741,336	57	0	Americas	large	2	3	0
False	obj2349	train	0	31	C. Wright	Hollow Crown 2025 3	Origin Arc	29.12.2025	MV202504013	1180	36,8	18,822,097	98,804	38,417,991	8,799,140	389,301	1,626,373	4,565,247	11,925,095	6,442,873	352	333,767	6844	290	4,997,969	184	6,350,923	29,380	19,452,419	2,202,724	80	0	Europe	small	0	4	0
False	obj2350	train	0	87	H. Andersson	Arctic Pulse 2025	Universe Zero	03.04.2025	MV202504014	4368	81,2	17,679,183	134,481	76,600,106	8,719,331	247,257	747,384	1,247,223	2,449,184	8,899,384	20	154,693	564	273	8,472,817	153	9,149,544	31,653	26,405,490	3,530,714	78	0	Asia-Pacific	large	4	4	3
False	obj2351	train	0	92	A. Volkov	Desert Oracle 4	Standalone	24.12.2025	MV202504024	3893	45,2	3,260,145	126,552	42,111,762	421,424	10,157	70,222	654,122	1,158,726	18,791,711	162	200,696	36619	222	7,711,797	81	16,787,728	14,654	2,921,701	1,756,496	66	0	Americas	large	4	1	1
False	obj2352	train	0	82	S. Patel	Electric Mirage	Dark Matter	13.05.2025	MV202504025	2186	68,5	4,800,004	33,456	3,736,873	3,052,987	66,484	1,937,530	1,021,963	2,132,821	2,261,910	480	277,804	68018	139	1,319,813	10	42,166,899	64,030	20,354,241	4,094,220	87	0	Europe	large	4	2	2
False	obj2353	train	0	88	K. Olsen	Binary Sunset 4	Standalone	12.12.2025	MV202504026	3173	40,9	16,400,366	36,110	9,663,699	5,673,178	61,461	1,866,288	241,682	439,662	14,439,740	236	414,689	69134	240	583,422	80	46,095,207	6,288	26,700,973	2,161,761	97	0	Americas	large	4	4	1
False	obj2354	train	0	38	L. Nakamura	Silent Protocol 2025	New Dawn	18.08.2025	MV202504027	2507	62,5	3,485,074	37,352	59,712,952	1,451,247	62,680	1,157,351	720,144	2,256,761	6,849,022	298	344,314	37877	4	5,758,890	195	10,204,304	12,191	7,391,905	1,009,940	11	1	Americas	small	0	1	2
False	obj2355	train	0	52	C. Wright	Broken Compass	Open Sky	25.08.2025	MV202504028	1846	104,6	13,288,157	102,065	25,004,409	7,137,189	213,044	1,452,630	359,104	1,364,044	18,766,488	128	338,817	90236	221	4,376,754	96	20,256,989	41,941	14,319,907	2,426,655	18	0	Europe	small	1	3	4
False	obj2356	train	0	30	F. Nguyen	Blue Static 2025	Chronicles Saga	04.08.2025	MV202504029	681	53,6	983,499	9,023	25,615,133	185,098	4,653	1,790,429	150,163	307,345	12,505,162	175	23,120	6295	103	8,363,968	109	39,737,924	80,624	7,710,813	2,622,552	57	0	Asia-Pacific	large	0	0	1
False	obj2357	train	0	69	D. Rossi	Stone Butterfly	Origin Arc	08.09.2025	MV202504030	2376	55	4,492,257	132,469	69,535,822	2,956,837	126,321	843,678	162,600	336,080	12,729,991	460	21,799	70197	49	1,094,136	131	15,134,275	69,030	26,872,160	1,973,799	97	0	Latin America	medium	3	2	1
False	obj2358	train	0	80	R. Silva	Blue Static	Open Sky	05.07.2025	MV202504031	3842	28,3	1,957,547	70,269	41,737,105	1,481,982	54,564	1,468,504	120,753	194,800	2,264,343	491	393,979	39922	247	3,279,669	129	8,128,050	30,573	4,463,593	4,868,466	65	0	Latin America	large	3	0	0
False	obj2359	train	0	54	D. Rossi	Binary Sunset 2025 4	Open Sky	04.02.2025	MV202504042	2886	60,5	6,062,221	50,822	16,305,771	2,502,735	76,105	1,511,189	956,805	1,161,031	18,579,195	467	75,697	57915	214	9,739,808	55	20,972,855	28,336	26,528,382	4,910,059	64	0	Latin America	medium	1	2	2
False	obj2360	train	0	56	T. Kim	Silent Protocol 2025	Universe Zero	03.09.2025	MV202504043	1698	76,5	3,520,059	12,967	36,978,176	1,184,069	30,016	995,330	189,038	547,304	7,984,830	317	239,823	54739	242	2,370,048	68	21,680,061	48,208	25,843,615	2,490,090	24	0	Americas	small	2	1	2
False	obj2361	train	0	78	A. Volkov	Broken Compass 2025	Universe Zero	19.10.2025	MV202504045	2268	66,3	20,296,032	72,164	11,517,263	6,489,084	316,562	945,096	5,193,256	17,137,499	15,046,761	132	233,511	56957	184	2,743,370	32	33,382,387	41,770	20,474,551	3,986,333	79	0	Americas	large	3	4	2
False	obj2362	train	0	73	G. Murphy	Jade Frequency 2025 4	Dark Matter	24.12.2025	MV202504046	1229	109,4	3,723,790	123,841	23,743,812	937,114	24,705	95,088	656,628	1,586,491	9,339,550	332	332,703	49098	220	3,904,221	108	18,243,288	73,013	11,452,820	3,719,538	41	0	Europe	medium	3	1	4
False	obj2363	train	0	47	R. Silva	Nova Protocol 2025	Dark Matter	11.09.2025	MV202504048	2667	33,3	2,816,582	181,630	75,867,266	1,025,862	28,859	1,196,353	694,429	2,425,012	9,337,997	299	117,051	67090	144	8,132,508	7	6,785,410	95,510	18,504,025	729,918	46	1	Latin America	large	1	1	0
False	obj2364	train	0	37	W. Stone	Lunar Cartography 2025	Standalone	12.11.2025	MV202503988	2746	112,7	5,766,327	28,065	67,837,051	2,338,620	49,885	163,066	1,279,327	3,934,752	8,649,433	189	161,811	78428	296	7,996,098	133	18,462,648	8,452	17,345,515	570,598	11	0	Americas	small	0	2	4
False	obj2365	train	0	54	Y. Tanaka	Hyperion Rise 2025	Dark Matter	23.05.2025	MV202503992	139	118,8	11,111,124	76,651	40,100,657	3,577,163	77,020	1,861,864	1,010,953	1,502,029	19,878,566	107	497,737	78045	247	8,648,927	48	28,788,756	87,421	26,807,854	1,030,371	91	0	Asia-Pacific	medium	1	3	4
False	obj2366	train	0	51	F. Nguyen	Velvet Storm 2025	Dark Matter	07.12.2025	MV202503994	4866	17	20,662,285	70,309	56,332,378	13,365,852	478,564	455,861	1,097,094	2,541,353	16,222,461	105	203,864	10107	212	8,131,495	102	43,995,291	17,539	16,068,993	2,102,225	7	1	Asia-Pacific	large	1	4	0
False	obj2367	train	0	81	B. Carter	Deep Current	Origin Arc	02.03.2025	MV202504015	4697	101,4	12,922,251	63,682	32,785,508	5,813,839	191,824	749,458	2,203,558	5,791,556	19,364,190	405	85,421	21050	1	7,539,046	137	19,239,570	69,859	14,525,956	2,058,832	51	0	Asia-Pacific	large	4	3	4
False	obj2368	train	0	65	Y. Tanaka	Deep Current	Final Chapter	17.11.2025	MV202504020	4763	106,8	10,924,507	169,788	52,034,944	7,871,627	319,647	478,737	703,016	2,528,244	9,135,193	286	347,661	99942	244	4,443,095	123	36,124,629	28,787	11,412,001	4,567,502	55	0	Asia-Pacific	medium	2	3	4
False	obj2369	train	0	43	N. Fischer	Hyperion Rise	Origin Arc	08.11.2025	MV202504022	3253	106	7,926,472	27,210	59,943,484	2,512,897	43,485	576,147	2,281,559	8,960,570	4,689,083	293	366,143	68720	13	2,758,853	61	31,251,260	14,209	25,502,646	4,652,790	96	0	Europe	small	1	3	4
False	obj2370	train	0	90	C. Wright	Velvet Storm 2025	Standalone	18.02.2025	MV202504033	3368	115,2	23,591,012	40,884	46,485,495	10,226,498	213,641	691,717	3,486,993	12,430,842	4,246,678	476	136,602	44881	198	6,327,474	196	34,790,908	75,705	18,904,697	1,206,585	56	1	Europe	small	4	4	4
False	obj2371	train	0	82	I. Hassan	Red Meridian 2025	Legacy Cycle	29.05.2025	MV202504036	2308	103,8	13,106,544	174,380	25,768,745	6,996,575	299,718	52,632	2,005,031	5,248,789	11,505,059	155	361,392	79627	130	2,772,025	29	15,187,613	25,295	24,179,363	2,937,468	1	0	Americas	large	4	3	4
False	obj2372	train	0	38	E. Brooks	Digital Saints 2025	Final Chapter	15.04.2025	MV202504037	934	55,7	5,535,978	92,655	72,820,462	2,459,243	98,449	1,437,269	1,349,294	4,399,073	2,770,143	247	340,685	64477	285	8,780,302	23	11,683,593	73,807	1,966,190	581,262	13	1	Americas	small	0	2	1
False	obj2373	train	0	40	M. Chen	Frozen Ledger 2025	Universe Zero	18.11.2025	MV202504038	2885	115,6	2,601,197	182,066	58,952,922	1,584,615	58,691	711,849	190,894	712,302	3,938,321	380	306,622	91739	2	4,602,293	189	39,310,882	54,959	22,895,021	453,350	18	0	Asia-Pacific	large	0	1	4
False	obj2374	train	0	47	F. Nguyen	White Noise 2025	Universe Zero	23.11.2025	MV202504039	1221	19	5,148,903	19,883	58,553,414	2,340,732	52,164	1,614,950	1,131,111	3,176,687	1,154,124	305	214,551	34135	97	7,689,850	89	34,301,204	71,761	28,039,311	3,385,893	50	0	Asia-Pacific	large	1	2	0
False	obj2375	train	0	55	M. Chen	Thunder Archive	Dark Matter	10.09.2025	MV202504040	1490	73,5	3,314,456	156,518	72,461,504	961,891	47,561	524,458	928,724	3,566,081	10,854,325	74	345,952	32578	18	9,856,480	165	35,261,925	63,209	17,104,892	4,963,917	22	0	Asia-Pacific	large	1	1	2
False	obj2376	train	0	38	R. Silva	Midnight Cartel 2025	Origin Arc	03.05.2025	MV202504051	4417	29,9	3,193,783	48,623	58,881,604	1,175,889	12,898	1,090,210	531,954	974,901	4,401,880	145	463,527	75755	268	5,559,799	14	19,458,289	66,113	21,409,797	4,064,059	68	0	Latin America	large	0	1	0
False	obj2377	train	0	36	F. Nguyen	Blue Static 2	Standalone	12.08.2025	MV202504054	2489	31,1	3,987,209	127,235	52,975,063	1,746,295	74,403	1,746,755	586,936	966,464	5,534,620	302	309,338	88216	254	4,987,044	142	34,688,073	51,041	18,200,344	4,020,143	15	0	Asia-Pacific	large	0	1	0
False	obj2378	train	0	59	P. Singh	Shadow Circuit 2025	Prime Story	11.12.2025	MV202504055	2598	60,9	714,832	83,431	8,324,680	71,734	2,961	258,332	35,176	96,672	14,657,054	50	98,991	65903	250	6,990,644	190	32,190,512	85,223	1,848,114	3,995,796	41	1	Latin America	small	2	0	2
False	obj2379	train	0	83	T. Kim	Deep Current	Dark Matter	04.01.2025	MV202504059	3215	52,3	1,729,641	100,326	69,914,302	952,295	29,388	1,490,959	431,415	1,675,348	10,395,024	211	245,334	72419	69	5,507,845	198	2,198,565	62,769	15,623,483	1,107,341	68	0	Americas	small	4	0	1
False	obj2380	train	0	36	T. Kim	Quantum Rain 2025 3	Chronicles Saga	25.09.2025	MV202504069	4396	75,7	9,066,252	67,879	41,771,673	5,915,009	150,890	1,743,124	943,735	2,736,250	1,426,218	422	256,808	61350	52	141,865	134	39,228,618	86,522	29,500,689	168,374	40	0	Americas	small	0	3	2
False	obj2381	train	0	44	R. Silva	Kinetic Prayer 2025	Prime Story	03.03.2025	MV202504071	3577	71,9	14,818,836	186,160	30,649,362	1,194,878	31,211	1,515,267	230,149	570,686	11,590,311	464	411,777	280	51	6,480,629	126	47,443,175	69,202	5,607,119	3,879,341	91	0	Latin America	large	1	4	2
False	obj2382	train	0	49	D. Rossi	Hollow Crown 2025	New Dawn	18.01.2025	MV202504073	3449	47	2,391,429	72,184	36,167,981	216,911	6,236	1,316,258	427,279	584,959	15,561,583	312	385,610	77638	30	3,508,095	38	32,899,566	59,991	19,553,387	1,452,066	82	0	Latin America	medium	1	1	1
False	obj2383	train	0	83	F. Nguyen	Stone Butterfly	Origin Arc	11.07.2025	MV202504074	3398	67,4	21,356,585	175,742	12,370,256	16,005,278	635,226	1,912,008	1,668,626	5,034,699	7,184,017	19	387,110	57026	282	3,163,930	45	3,467,550	95,297	5,579,182	2,013,194	12	0	Asia-Pacific	large	4	4	2
False	obj2384	train	0	88	D. Rossi	Paper Kingdom 2025	Legacy Cycle	28.08.2025	MV202504076	931	63,8	6,528,248	127,450	6,330,096	3,574,788	54,275	1,858,675	1,615,767	5,509,901	1,607,888	27	3,917	44804	137	9,325,406	14	48,396,123	3,047	13,650,931	3,878,198	14	0	Latin America	medium	4	2	2
False	obj2385	train	0	53	A. Volkov	Final Orbit 2025	Prime Story	10.03.2025	MV202504077	4220	52,3	6,515,070	42,679	31,170,593	3,232,658	111,708	1,667,434	1,187,985	4,036,064	10,645,899	38	355,057	74563	15	7,820,109	17	27,150,522	55,631	25,017,109	912,845	5	0	Americas	large	1	2	1
False	obj2386	train	0	36	L. Nakamura	Silent Protocol	Dark Matter	01.07.2025	MV202504094	2971	59,8	12,212,867	110,033	66,798,424	2,224,528	38,187	1,193,250	591,477	1,899,665	14,779,162	23	412,396	46888	248	3,675,929	164	47,852,239	18,109	15,467,145	399,240	4	0	Americas	small	0	3	2
False	obj2387	train	0	64	P. Singh	Last Signal	Chronicles Saga	23.09.2025	MV202504095	3612	63,5	7,212,884	89,433	39,142,379	5,141,615	86,361	1,311,530	1,066,146	3,693,790	16,244,337	296	334,971	38799	129	994,408	155	29,380,760	3,407	2,898,544	2,836,424	16	0	Latin America	small	2	3	2
False	obj2388	train	0	45	H. Andersson	Electric Mirage 2025	Prime Story	02.07.2025	MV202504105	3875	36,5	3,813,553	166,791	53,591,638	2,917,197	105,348	1,453,925	825,942	2,389,539	3,554,328	443	51,273	61659	19	3,590,161	23	10,450,103	47,197	20,562,570	4,104,514	20	0	Asia-Pacific	large	1	1	0
False	obj2389	train	0	54	T. Kim	Nova Protocol 2025	Origin Arc	05.12.2025	MV202504107	1756	55,8	3,066,925	84,996	12,237,058	2,032,167	50,076	1,094,909	714,608	923,760	12,191,564	443	380,362	237	34	1,880,799	82	718,772	40,731	26,699,849	4,330,651	73	1	Americas	small	1	1	1
False	obj2390	train	0	74	T. Kim	Echo Chamber 2025	Universe Zero	04.05.2025	MV202504109	3980	44,1	5,556,690	157,422	22,818,370	3,709,624	132,508	1,459,609	407,600	790,619	6,687,570	45	340,109	60571	255	9,487,024	156	47,846,086	98,748	11,596,438	747,208	80	0	Americas	small	3	2	1
False	obj2391	train	0	80	T. Kim	Winter Echo 2025 3	Universe Zero	11.02.2025	MV202504112	108	64,7	5,076,815	81,171	4,315,514	1,417,033	34,001	1,533,347	432,042	604,570	18,675,391	316	382,417	6274	73	8,000,749	59	27,870,859	95,465	21,480,460	1,165,834	9	1	Americas	small	3	2	2
False	obj2392	train	0	60	Q. Jensen	Feral Harmony 2025	Legacy Cycle	03.01.2025	MV202504126	693	115,6	4,025,096	28,874	5,104,625	289,003	10,988	468,665	233,230	625,020	19,029,854	444	49,853	85083	164	4,552,105	34	38,849,208	70,772	23,415,007	3,960,070	2	0	Americas	medium	2	1	4
False	obj2393	train	0	33	W. Stone	Aurora Debt	Standalone	25.06.2025	MV202504127	4631	108,8	13,269,334	186,159	13,238,356	7,591,086	332,255	1,723,844	2,329,493	3,667,948	710,694	393	317,880	15646	112	2,555,668	179	38,925,914	41,021	17,595,815	4,493,647	4	0	Americas	small	0	3	4
False	obj2394	train	0	42	N. Fischer	Desert Oracle	Universe Zero	02.05.2025	MV202504128	4766	74,4	18,798,669	136,953	22,320,777	1,010,740	36,538	284,089	3,146,421	11,451,108	15,702,731	252	190,648	41835	149	1,741,453	25	41,962,504	98,670	21,455,149	1,315,797	46	0	Europe	small	0	4	2
False	obj2395	train	0	36	S. Patel	Last Signal	Open Sky	13.03.2025	MV202504129	1940	74,1	4,787,500	185,548	58,918,337	1,471,006	59,596	1,639,671	867,075	2,229,354	19,817,519	362	461,082	86148	108	2,316,828	177	162,686	33,499	1,420,329	3,706,502	6	0	Europe	large	0	2	2
False	obj2396	train	0	54	V. Popov	Thunder Archive 2025	Legacy Cycle	16.02.2025	MV202504131	1213	39,9	8,857,935	76,118	13,732,330	6,876,493	332,940	873,254	280,033	347,980	16,445,471	114	363,065	76887	204	8,969,247	173	39,163,128	27,728	23,255,308	2,632,691	57	0	Latin America	large	1	3	1
False	obj2397	train	0	86	W. Stone	Hollow Crown 2025	Legacy Cycle	11.02.2025	MV202504060	2009	98,5	17,746,430	10,356	57,057,399	3,231,996	153,376	1,119,877	5,137,711	19,700,741	3,812,832	370	32,932	26142	106	1,081,657	90	40,446,569	27,540	18,859,581	974,132	54	0	Americas	small	4	4	3
False	obj2398	train	0	77	O. Dubois	Hollow Crown 3	Legacy Cycle	12.11.2025	MV202504061	435	89,8	4,738,866	15,741	19,129,557	2,637,841	32,636	1,249,447	1,164,682	3,639,679	8,157,369	258	87,139	67068	175	1,746,481	60	43,294,273	62,558	3,318,081	3,884,886	69	0	Latin America	large	3	2	3
False	obj2399	train	0	82	D. Rossi	Deep Current 2025	New Dawn	26.06.2025	MV202504063	2088	67,9	17,229,434	40,340	13,947,139	13,250,231	285,149	916,642	349,272	1,001,296	5,373,061	399	474,757	32723	61	6,838,699	143	1,244,781	32,472	12,010,545	4,280,115	88	1	Latin America	medium	4	4	2
False	obj2400	train	0	31	E. Brooks	Deep Current 3	Universe Zero	07.11.2025	MV202504064	1528	24,9	5,104,471	137,738	62,721,180	3,692,276	144,675	654,130	693,425	2,059,546	5,114,263	101	420,034	1653	207	8,460,841	107	43,779,236	32,845	8,874,021	3,077,905	16	0	Americas	small	0	2	0
False	obj2401	train	0	43	S. Patel	Glass Reactor 2025	Open Sky	12.02.2025	MV202504068	1682	39,4	3,882,846	92,237	64,118,213	2,922,823	47,266	1,743,339	295,804	1,067,284	12,275,902	147	191,280	1128	224	1,512,674	183	43,206,531	77,036	23,250,825	4,178,307	86	0	Europe	large	1	1	1
False	obj2402	train	0	66	E. Brooks	Stone Butterfly 2025	Standalone	15.10.2025	MV202504078	3506	66,7	3,828,220	124,358	57,750,381	1,431,135	15,052	442,107	510,073	1,479,890	6,940,144	434	285,976	20326	141	8,791,634	77	20,930,207	85,842	16,441,671	767,544	70	1	Americas	small	2	1	2
False	obj2403	train	0	44	Q. Jensen	Crimson Archive	Chronicles Saga	02.07.2025	MV202504079	4988	101,3	1,469,063	61,292	1,502,776	368,829	13,214	94,731	118,459	390,560	6,785,926	440	302,650	6708	275	256,031	120	40,522,146	43,604	24,474,890	1,995,592	14	0	Americas	medium	1	0	4
False	obj2404	train	0	91	M. Chen	Quantum Rain 2025	Standalone	07.05.2025	MV202504081	4042	112,8	1,057,557	149,191	20,314,185	132,625	3,881	1,950,258	95,260	215,177	18,660,767	333	256,200	35984	179	7,893,929	68	17,776,149	45,931	2,938,025	3,412,403	75	0	Asia-Pacific	large	4	0	4
False	obj2405	train	0	79	W. Stone	Silent Protocol	Origin Arc	30.12.2025	MV202504083	4012	94,2	8,009,109	2,579	44,277,077	2,823,730	48,807	553,869	1,553,096	2,739,597	13,180,708	187	362,160	36607	34	640,682	188	48,945,488	99,294	3,961,492	3,004,264	75	0	Americas	small	3	3	3
False	obj2406	train	0	68	P. Singh	City of Glass 4	Legacy Cycle	06.07.2025	MV202504084	347	100,3	835,961	97,101	55,348,722	647,082	27,788	1,602,484	110,423	396,267	1,130,532	114	255,951	61369	131	1,572,911	109	25,635,259	99,097	22,677,553	3,444,694	17	0	Latin America	small	2	0	4
False	obj2407	train	0	41	A. Volkov	Ghost Frequency 2025 3	Legacy Cycle	15.05.2025	MV202504085	1255	60,6	1,134,283	54,627	28,043,604	599,635	10,934	917,390	65,770	197,345	3,883,494	87	447,879	59439	28	5,412,808	174	49,983,385	81,140	7,951,239	67,109	64	0	Americas	large	0	0	2
False	obj2408	train	0	60	B. Carter	Jade Frequency 2025	Final Chapter	12.12.2025	MV202504086	1553	25,4	7,724,392	61,830	47,955,053	1,438,930	33,259	101,042	673,839	2,613,767	2,168,207	164	472,493	99418	252	1,473,161	52	40,079,163	60,091	11,071,542	1,545,810	97	1	Asia-Pacific	large	2	3	0
False	obj2409	train	0	41	A. Volkov	Paper Kingdom 2025	Open Sky	13.05.2025	MV202504096	1486	36,8	13,402,836	48,736	36,885,444	6,745,845	314,847	1,211,052	1,589,302	3,043,983	16,028,640	262	52,453	25103	61	3,703,112	193	6,251,100	91,247	5,721,157	954,666	3	1	Americas	large	0	4	0
False	obj2410	train	0	42	M. Chen	Solar Drift 2025	Origin Arc	15.01.2025	MV202504097	1398	49,6	2,972,450	155,964	61,513,017	1,822,675	35,341	1,171,549	455,239	1,134,193	3,238,316	493	452,783	8667	79	1,115,202	60	38,752,236	26,480	24,027,181	2,520,961	63	1	Asia-Pacific	large	0	1	1
False	obj2411	train	0	55	R. Silva	Aurora Debt 2025	Open Sky	28.03.2025	MV202504098	2648	60,9	6,418,392	101,966	10,072,314	1,966,150	86,683	1,757,107	1,020,344	1,544,950	10,673,482	33	493,363	9103	273	7,025,886	134	40,355,584	9,117	25,745,243	2,836,957	27	0	Latin America	large	1	2	2
False	obj2412	train	0	88	O. Dubois	Final Orbit 2025	New Dawn	24.10.2025	MV202504099	1829	73,8	1,952,708	153,314	49,992,754	790,664	27,974	590,870	546,917	2,053,565	18,109,496	147	161,683	96297	178	3,084,107	163	42,999,102	23,886	29,324,931	4,935,237	34	0	Latin America	large	4	0	2
False	obj2413	train	0	81	C. Wright	Paper Kingdom 2025	Final Chapter	04.08.2025	MV202504100	638	119,5	9,931,314	112,511	16,886,389	1,532,355	52,084	267,516	449,730	695,254	7,865,491	7	414,592	50990	184	8,551,511	126	41,728,703	87,537	18,559,429	2,215,797	4	1	Europe	small	4	3	4
False	obj2414	train	0	48	A. Volkov	Neon Horizon 2025	Legacy Cycle	01.10.2025	MV202504101	1908	107,2	2,977,201	198,346	77,396,747	1,506,809	41,344	955,230	301,069	883,243	3,167,962	52	169,965	80406	165	1,809,817	175	12,116,595	71,677	12,030,739	65,763	34	0	Americas	large	1	1	4
False	obj2415	train	0	50	D. Rossi	Electric Mirage 2025	Legacy Cycle	15.09.2025	MV202504103	2941	84	2,830,138	184,053	53,209,294	444,387	15,753	626,804	262,571	663,487	17,467,491	35	400,621	33408	138	6,792,766	15	17,231,824	76,699	27,519,232	3,984,956	88	1	Latin America	medium	1	1	3
False	obj2416	train	0	67	Y. Tanaka	Last Signal 2025	Dark Matter	06.01.2025	MV202504104	4239	29,8	18,826,540	187,436	60,179,751	6,849,153	69,462	169,987	1,712,242	4,554,327	6,412,156	5	147,806	11939	134	2,191,784	190	29,442,887	66,944	5,029,270	3,431,263	80	0	Asia-Pacific	medium	2	4	0
False	obj2417	train	0	48	L. Nakamura	Burning Atlas 2025	New Dawn	06.10.2025	MV202504114	2792	107,3	28,159,244	137,414	76,290,436	2,580,557	116,574	1,662,129	2,897,442	9,249,778	19,497,968	158	290,301	98695	113	782,417	184	7,244,434	19,342	4,344,048	1,833,902	33	0	Americas	small	1	4	4
False	obj2418	train	0	48	Q. Jensen	Paper Kingdom 2025	Chronicles Saga	14.09.2025	MV202504115	3197	118,5	39,187,774	110,259	56,546,022	5,250,399	220,348	968,045	4,004,170	9,554,374	7,936,866	422	479,153	53320	41	6,770,074	100	15,962,259	87,415	6,099,838	527,080	98	0	Americas	medium	1	4	4
False	obj2419	train	0	41	O. Dubois	Frozen Ledger 2025	Final Chapter	20.09.2025	MV202504116	1039	106,8	9,486,901	56,098	21,870,701	3,264,518	154,911	334,974	1,867,582	2,896,828	15,919,373	397	39,457	44460	235	1,865,160	34	12,423,783	99,546	2,343,153	2,235,096	72	0	Latin America	large	0	3	4
False	obj2420	train	0	92	P. Singh	Infinite Margin	Origin Arc	02.06.2025	MV202504117	2788	56,9	7,343,698	169,985	75,307,623	1,894,754	85,137	887,484	1,331,460	3,794,598	3,344,764	232	221,903	80808	166	86,284	15	33,481,511	6,528	3,158,404	2,784,682	99	1	Latin America	small	4	3	1
False	obj2421	train	0	30	F. Nguyen	Deep Current 4	Origin Arc	10.01.2025	MV202504118	1851	100,5	11,782,532	112,379	14,810,396	6,877,070	259,439	890,391	1,882,353	2,896,377	2,832,302	137	194,955	53680	29	6,844,435	67	36,891,622	12,631	5,549,411	829,393	3	1	Asia-Pacific	large	0	3	4
False	obj2422	train	0	42	O. Dubois	Hollow Crown 2025	Chronicles Saga	05.05.2025	MV202504133	2701	104,4	2,240,358	138,702	15,925,429	1,668,402	67,314	1,728,807	426,589	897,129	10,194,628	1	207,885	81056	147	4,166,449	131	2,981,607	13,921	27,650,458	3,889,744	87	0	Latin America	large	0	1	4
False	obj2423	train	0	61	N. Fischer	Hollow Crown 2025	Final Chapter	06.08.2025	MV202504134	2784	58,5	1,786,017	83,176	3,769,344	518,970	6,635	1,862,145	341,360	929,105	7,368,647	210	13,005	47700	4	4,039,621	113	33,557,655	69,880	29,260,781	2,220,432	99	0	Europe	small	2	0	1
False	obj2424	train	0	34	Y. Tanaka	Aurora Debt 2025	Final Chapter	08.06.2025	MV202504137	4725	89,2	1,793,826	45,814	25,567,434	765,562	20,659	1,021,453	340,380	1,194,476	8,683,585	258	401,205	9807	199	9,960,073	142	41,427,618	7,117	1,934,578	3,740,109	46	1	Asia-Pacific	medium	0	0	3
False	obj2425	train	0	44	L. Nakamura	Echo Chamber 2025	Universe Zero	28.07.2025	MV202504138	3032	114,4	4,962,676	7,885	33,490,136	1,687,177	64,862	512,786	514,971	1,271,095	13,275,222	128	340,087	87896	299	1,659,767	174	35,862,117	48,148	27,480,822	130,223	50	0	Americas	small	1	2	4
False	obj2426	train	0	39	M. Chen	Winter Echo 2025	Open Sky	05.08.2025	MV202504139	780	55,5	16,385,822	51,296	39,516,567	11,704,938	519,879	824,553	1,303,380	3,516,755	4,828,811	23	66,834	81190	56	4,493,960	136	16,857,389	20,343	8,411,534	690,129	25	0	Asia-Pacific	large	0	4	1
False	obj2427	train	0	79	G. Murphy	Crystal Fault	Origin Arc	06.04.2025	MV202504150	3271	54,6	6,290,539	191,340	36,305,517	2,999,701	90,519	1,248,341	1,305,547	2,650,338	11,347,766	203	167,244	71152	282	6,645,251	71	45,599,696	52,626	9,861,720	4,097,531	57	0	Europe	medium	3	2	1
False	obj2428	train	0	62	M. Chen	Solar Drift 2025	Standalone	10.10.2025	MV202504151	2624	91,9	346,358	57,246	47,592,793	113,800	2,935	1,714,358	39,172	127,491	4,475,235	60	140,785	94934	13	6,885,497	79	19,590,014	19,279	1,355,333	1,727,308	19	0	Asia-Pacific	large	2	0	3
False	obj2429	train	0	42	L. Nakamura	Parallel Lines	Legacy Cycle	11.02.2025	MV202504152	1459	75,5	11,553,505	107,090	55,589,399	3,172,126	120,134	236,506	1,695,365	5,398,091	10,200,993	212	118,335	19866	130	6,206,828	154	16,217,600	53,572	15,728,368	235,195	22	1	Americas	small	0	3	2
False	obj2430	train	0	51	T. Kim	Midnight Cartel 2025 2	Dark Matter	02.03.2025	MV202504153	4239	89,5	4,158,753	104,086	72,519,700	3,138,440	88,899	1,171,797	925,681	2,178,131	17,253,937	300	288,113	38403	264	5,271,708	128	42,557,654	80,039	23,542,660	3,373,002	71	0	Americas	small	1	2	3
False	obj2431	train	0	39	T. Kim	Jade Frequency 2025	Dark Matter	24.06.2025	MV202504154	3884	89,1	3,546,301	160,690	31,588,612	1,556,891	45,993	1,262,282	723,986	2,130,814	19,054,473	385	331,348	66436	133	9,028,586	59	40,256,971	56,570	20,490,015	1,919,471	24	0	Americas	small	0	1	3
False	obj2432	train	0	36	G. Murphy	City of Glass 2025	Chronicles Saga	22.05.2025	MV202504155	4620	24	10,013,716	15,017	37,950,484	4,039,600	150,249	1,838,438	313,862	559,826	16,865,000	25	210,190	9292	180	8,156,659	198	16,600,706	43,710	27,992,456	352,934	35	0	Europe	medium	0	3	0
False	obj2433	train	0	55	R. Silva	Red Meridian	Legacy Cycle	11.01.2025	MV202504156	154	52,8	16,717,723	133,958	36,402,148	6,510,099	291,779	1,393,395	3,225,066	6,491,368	361,413	64	416,916	98326	290	6,537,819	88	37,909,725	55,911	13,614,952	3,972,331	22	0	Latin America	large	1	4	1
False	obj2434	train	0	32	Z. Ali	Hollow Crown 2025	Dark Matter	27.09.2025	MV202504157	4610	62	15,390,393	26,842	52,665,960	3,298,849	164,561	1,930,272	2,011,656	7,215,721	8,789,589	9	483,965	38524	137	3,727,390	107	32,010,804	20,214	9,479,374	3,585,453	93	0	Latin America	small	0	4	2
False	obj2435	train	0	44	G. Murphy	Winter Echo 2025	New Dawn	30.01.2025	MV202504158	2853	27,7	2,373,197	11,357	13,892,617	1,189,750	36,416	428,595	235,791	825,950	6,531,663	385	55,989	28801	47	7,593,375	85	23,401,679	18,808	185,670	948,064	78	0	Europe	medium	1	1	0
False	obj2436	train	0	71	A. Volkov	Obsidian Heart 4	New Dawn	07.02.2025	MV202504169	2302	39,2	9,699,403	198,779	53,524,620	2,685,510	110,062	1,982,953	2,895,854	4,538,491	9,815,752	266	144,193	75473	81	986,522	28	6,397,356	62,247	26,256,843	358,366	61	1	Americas	large	3	3	1
False	obj2437	train	0	31	I. Hassan	Hyperion Rise 2025	New Dawn	28.10.2025	MV202504170	1465	100,8	863,955	151,701	40,428,566	550,482	22,684	1,294,913	88,137	243,140	631,068	201	336,888	23484	119	2,564,373	15	10,741,604	21,564	17,544,735	4,789,267	9	0	Americas	large	0	0	4
False	obj2438	train	0	94	D. Rossi	Echo Chamber 2025	Legacy Cycle	30.08.2025	MV202504171	2887	93,4	3,816,146	90,049	58,419,001	723,043	14,683	287,886	731,433	1,203,085	16,027,198	173	254,672	64980	208	5,161,069	107	26,094,058	20,904	3,148,059	2,697,372	24	0	Latin America	medium	4	1	3
False	obj2439	train	0	94	V. Popov	Paper Kingdom	Final Chapter	30.04.2025	MV202504172	12	65,3	3,748,748	44,367	69,716,879	2,079,650	77,623	758,459	749,284	981,232	18,996,495	295	138,403	15097	208	9,748,489	55	12,779,990	21,848	14,019,216	239,587	13	0	Latin America	large	4	1	2
False	obj2440	train	0	60	H. Andersson	Jade Frequency 2025	Origin Arc	17.07.2025	MV202504173	3917	65,2	6,641,502	43,655	13,763,750	5,182,492	143,252	1,260,858	1,587,627	2,801,973	14,939,398	340	187,309	71766	224	9,045,480	0	32,084,613	56,198	26,042,994	1,084,913	80	0	Asia-Pacific	large	2	2	2
False	obj2441	train	0	48	J. Martinez	Last Signal 2025	Legacy Cycle	05.12.2025	MV202504175	3040	64,9	2,926,093	140,402	40,874,273	1,357,620	49,488	979,805	729,326	1,411,670	380,321	16	38,360	67115	2	4,624,373	192	47,739,667	72,387	12,279,061	2,201,841	31	0	Europe	large	1	1	2
False	obj2442	train	0	87	L. Nakamura	Thunder Archive 2025	Chronicles Saga	06.08.2025	MV202504188	2962	17,3	1,132,698	79,158	25,515,359	125,364	3,346	706,717	274,338	713,241	15,133,330	241	307,905	92128	195	1,782,495	79	106,545	3,899	21,746,788	1,715,071	73	1	Americas	small	4	0	0
False	obj2443	train	0	83	K. Olsen	Electric Mirage 2025	Standalone	13.11.2025	MV202504190	1208	90,2	22,885,800	20,632	15,404,370	10,705,134	411,722	107,622	1,830,955	6,095,916	2,879,311	141	358,015	68620	256	5,304,580	24	6,162,733	90,716	2,768,648	497,222	55	0	Americas	large	4	4	3
False	obj2444	train	0	35	C. Wright	Shadow Circuit 2025 3	Standalone	21.01.2025	MV202504192	4299	31,3	13,615,109	34,601	6,517,191	9,369,495	153,424	1,977,300	3,518,868	5,585,814	11,406,146	141	56,303	7941	284	8,338,410	79	37,990,663	60,256	7,442,930	1,737,079	17	0	Europe	small	0	4	0
False	obj2445	train	0	33	D. Rossi	Ember Valley	New Dawn	20.10.2025	MV202504193	104	111,6	1,511,699	162,681	14,339,111	1,057,838	16,468	1,866,400	128,322	167,133	4,146,484	54	353,450	20760	160	952,118	130	3,908,285	65,686	27,814,153	2,527,921	56	1	Latin America	medium	0	0	4
False	obj2446	train	0	45	H. Andersson	Hollow Crown 2025	Legacy Cycle	30.10.2025	MV202504143	226	45,4	5,466,094	155,565	17,134,033	3,970,101	85,935	667,730	913,340	1,718,822	13,115,444	410	17,451	70651	167	4,232,504	26	3,397,904	82,884	26,244,073	3,228,426	97	0	Asia-Pacific	large	1	2	1
False	obj2447	train	0	49	D. Rossi	Desert Oracle	Legacy Cycle	07.09.2025	MV202504144	3494	51,6	866,491	22,424	51,783,637	338,023	10,271	1,473,135	119,285	393,699	4,171,147	161	140,027	13292	207	1,627,763	166	32,947,835	79,117	20,632,276	348,565	11	0	Latin America	medium	1	0	1
False	obj2448	train	0	35	S. Patel	Paper Kingdom 2025	Standalone	29.07.2025	MV202504145	2261	78,2	3,294,188	152,197	16,211,481	1,054,669	11,199	1,286,884	334,159	808,864	10,954,235	85	469,839	42496	279	4,096,919	143	1,956,913	45,178	20,829,969	286,218	17	0	Europe	large	0	1	2
False	obj2449	train	0	46	C. Wright	Aurora Debt 2025	Universe Zero	21.03.2025	MV202504146	489	79,6	4,855,551	25,582	60,187,757	1,508,263	66,009	281,104	1,218,786	4,341,955	3,415,417	326	190,286	37147	66	3,577,371	193	12,756,972	17,422	6,255,569	1,190,857	68	0	Europe	small	1	2	3
False	obj2450	train	0	73	W. Stone	Burning Atlas 2025	Standalone	09.09.2025	MV202504147	1255	75,3	3,740,782	70,577	53,030,187	2,476,654	24,798	755,901	666,410	1,047,574	18,720,965	142	331,353	15417	175	1,856,186	116	18,303,776	35,504	22,642,996	403,889	72	0	Americas	small	3	1	2
False	obj2451	train	0	66	Z. Ali	Neon Horizon 2025 4	Dark Matter	03.03.2025	MV202504149	2019	111,7	5,310,285	31,861	34,828,537	1,886,841	48,164	1,241,711	1,334,670	4,015,045	17,218,434	312	298,395	57307	9	1,886,682	108	45,887,180	68,958	7,241,311	659,791	14	1	Latin America	small	2	2	4
False	obj2452	train	0	61	V. Popov	Glass Reactor 2025	Origin Arc	30.07.2025	MV202504161	990	36,9	1,285,218	142,348	45,186,501	548,184	12,955	1,192,624	71,997	123,244	17,250,456	114	374,523	48006	282	8,663,104	51	33,413,088	33,147	2,253,596	4,148,561	12	1	Latin America	large	2	0	0
False	obj2453	train	0	61	Q. Jensen	Nova Protocol 2025 3	Chronicles Saga	27.09.2025	MV202504165	3431	15,1	11,706,381	48,847	11,526,774	9,068,508	300,672	1,942,064	206,139	718,862	17,518,860	76	52,941	3404	112	4,137,240	149	20,678,306	582	20,867,630	3,720,681	46	0	Americas	medium	2	3	0
False	obj2454	train	0	79	B. Carter	Quantum Rain 2025	Origin Arc	31.07.2025	MV202504167	1449	84	1,836,360	13,271	10,845,572	353,301	6,341	1,419,818	266,114	762,661	2,467,373	498	363,193	91267	240	9,158,707	60	28,326,492	55,461	26,331,796	3,142,850	82	1	Asia-Pacific	large	3	0	3
False	obj2455	train	0	62	V. Popov	Arctic Pulse 2025	Legacy Cycle	08.02.2025	MV202504177	4502	68,6	2,887,534	120,575	76,127,864	2,307,714	94,697	1,884,127	172,120	470,991	15,187,773	63	274,045	76752	153	2,823,954	165	9,897,239	3,164	24,743,099	4,917,823	69	1	Latin America	large	2	1	2
False	obj2456	train	0	59	Z. Ali	Shadow Circuit	Prime Story	01.02.2025	MV202504178	4895	57,7	28,100,285	171,390	44,783,770	8,468,828	190,055	1,196,982	4,863,170	17,759,859	10,346,922	41	228,812	62534	4	2,667,845	17	13,503,316	76,568	21,598,569	3,229,517	41	0	Latin America	small	2	4	1
False	obj2457	train	0	51	V. Popov	Arctic Pulse	Universe Zero	29.05.2025	MV202504181	31	98,7	5,438,178	140,077	5,573,203	3,627,247	93,684	671,117	66,787	224,188	11,737,392	333	302,813	18600	148	9,325,536	109	31,831,553	15,372	1,609,373	493,388	20	0	Latin America	large	1	2	3
False	obj2458	train	0	40	D. Rossi	Ocean of Stars 2025	New Dawn	29.09.2025	MV202504182	3645	115,3	47,398,703	92,077	40,731,562	4,990,826	175,589	573,422	12,876,803	30,814,805	268,508	313	199,321	29838	19	9,254,007	47	21,505,465	46,472	12,374,026	2,399,952	99	0	Latin America	medium	0	4	4
False	obj2459	train	0	84	P. Singh	Digital Saints 2025	Chronicles Saga	04.05.2025	MV202504183	217	60,4	2,258,388	140,342	67,200,342	1,280,025	48,455	586,581	677,008	2,055,298	7,628,293	5	334,871	20185	200	4,825,353	14	34,959,838	97,512	11,206,864	4,254,893	67	0	Latin America	small	4	1	2
False	obj2460	train	0	46	F. Nguyen	Midnight Cartel 2025	Prime Story	16.03.2025	MV202504184	2668	69,2	4,128,863	34,190	71,453,159	945,200	34,791	1,907,260	273,244	427,626	16,412,127	186	332,523	23130	75	9,661,896	38	8,694,238	86,689	4,653,010	1,652,811	34	0	Asia-Pacific	large	1	2	2
False	obj2461	train	0	90	J. Martinez	Jade Frequency 2025	Legacy Cycle	21.11.2025	MV202504196	4526	99	5,080,446	186,653	7,405,392	1,804,911	21,469	745,820	1,342,329	4,672,761	1,280,655	401	288,259	48645	76	7,401,873	178	36,434,667	14,738	26,246,913	99,601	51	0	Europe	large	4	2	3
False	obj2462	train	0	69	K. Olsen	Northern Code 2025 4	Origin Arc	06.02.2025	MV202504197	317	44,8	4,299,001	164,848	43,709,708	1,774,790	56,253	1,800,829	611,718	2,081,970	1,856,704	485	233,473	62549	107	4,687,008	77	3,450,576	27,516	15,989,011	3,507,565	35	0	Americas	large	3	2	1
False	obj2463	train	0	92	T. Kim	Last Signal 2025 2	Universe Zero	01.06.2025	MV202504198	4615	34	5,831,387	193,082	52,613,832	700,912	15,933	778,523	108,867	233,324	7,613,947	246	326,611	23275	121	1,729,615	37	24,530,810	43,052	13,249,563	1,331,360	12	0	Americas	small	4	2	0
False	obj2464	train	0	91	C. Wright	Velvet Storm 2025	Prime Story	13.01.2025	MV202504200	3424	96,6	5,005,558	139,948	30,227,152	3,877,002	126,814	1,910,356	711,777	1,092,031	14,912,826	392	477,602	66829	298	8,835,749	16	48,170,304	65,874	29,768,048	1,270,600	34	1	Europe	small	4	2	3
False	obj2465	train	0	79	A. Volkov	Ocean of Stars	Origin Arc	29.03.2025	MV202504202	3763	112,7	8,439,474	7,868	56,811,956	1,051,339	31,801	1,534,019	548,052	1,823,547	19,874,650	205	153,986	19968	29	9,038,804	141	6,928,274	69,823	9,245,056	1,634,719	98	0	Americas	large	3	3	4
False	obj2466	train	0	75	D. Rossi	Binary Sunset 2025	Final Chapter	12.11.2025	MV202504203	4436	47,1	6,099,999	103,401	75,911,300	3,779,428	177,821	1,574,696	259,173	533,723	3,868,837	260	97,418	23982	139	8,346,623	139	15,032,508	46,334	14,264,405	568,534	5	1	Latin America	medium	3	2	1
False	obj2467	train	0	59	E. Brooks	Binary Sunset 2025	New Dawn	04.06.2025	MV202504213	3125	113,2	6,584,072	179,796	9,709,270	756,406	23,155	437,934	1,848,536	6,781,211	10,352,841	321	42,940	76578	104	2,026,144	77	37,323,199	44,270	17,398,171	2,560,039	8	0	Americas	small	2	2	4
False	obj2468	train	0	91	N. Fischer	Obsidian Heart 2025	Final Chapter	08.01.2025	MV202504215	1311	113,5	8,677,950	67,380	32,001,972	6,510,026	310,222	212,312	1,628,990	5,979,690	12,958,739	277	113,035	60518	106	1,105,506	187	43,802,959	43,883	28,273,954	3,499,013	99	0	Europe	small	4	3	4
False	obj2469	train	0	59	P. Singh	Feral Harmony 2025	Universe Zero	10.07.2025	MV202504218	4178	113,7	840,317	99,559	26,923,290	141,316	2,407	1,076,916	42,272	122,813	4,564,203	230	388,706	91044	157	950,137	79	16,755,997	21,946	15,927,917	3,634,585	46	0	Latin America	small	2	0	4
False	obj2470	train	0	57	K. Olsen	Ocean of Stars 2025	Final Chapter	22.03.2025	MV202504219	3733	78,3	2,955,335	57,972	17,554,956	1,512,276	42,076	418,546	577,376	2,267,572	12,500,303	60	193,102	12793	262	9,076,495	121	22,453,571	35,614	407,557	4,289,450	94	0	Americas	large	2	1	2
False	obj2471	train	0	55	H. Andersson	Kinetic Prayer 2025	Origin Arc	05.01.2025	MV202504220	457	50,1	9,763,376	173,143	15,539,055	4,835,428	59,464	1,734,593	1,938,911	4,855,482	17,060,631	15	295,007	49292	218	8,389,385	144	43,966,433	41,050	22,525,036	248,544	84	1	Asia-Pacific	large	1	3	1
False	obj2472	train	0	35	K. Olsen	Feral Harmony	Open Sky	22.04.2025	MV202504221	2751	28,5	5,796,213	27,950	20,861,440	3,831,459	80,004	305,284	1,125,182	2,594,828	2,920,076	410	193,118	24301	36	108,665	198	37,335,849	13,787	9,795,579	298,864	29	0	Americas	large	0	2	0
False	obj2473	train	0	60	N. Fischer	Winter Echo 2025	Chronicles Saga	08.02.2025	MV202504231	4745	61,5	6,397,941	25,500	53,062,484	1,178,024	30,877	1,594,799	196,104	399,363	9,274,170	440	143,922	60825	56	9,345,343	35	19,738,765	53,797	27,849,363	464,520	17	0	Europe	small	2	2	2
False	obj2474	train	0	57	J. Martinez	Arctic Pulse 3	Final Chapter	18.05.2025	MV202504233	4899	74,7	2,563,263	158,773	40,464,416	861,464	20,412	1,736,668	258,135	406,615	19,353,251	245	2,230	55856	146	5,001,721	133	38,307,897	57,481	26,728,513	1,933,705	33	0	Europe	large	2	1	2
False	obj2475	train	0	54	F. Nguyen	Winter Echo 2025	Final Chapter	30.12.2025	MV202504234	2505	79,9	19,020,814	80,464	46,978,438	12,050,180	170,728	709,164	4,723,121	16,853,106	11,654,146	429	366,812	82438	247	3,850,776	57	8,276,550	21,129	5,983,638	657,606	95	0	Asia-Pacific	large	1	4	3
False	obj2476	train	0	41	Z. Ali	Solar Drift	New Dawn	20.10.2025	MV202504238	1662	66,8	7,961,481	33,097	1,255,736	1,745,434	52,560	420,428	1,096,705	2,778,163	7,665,422	303	318,920	35337	158	3,078,878	113	20,708,387	65,757	26,855,480	2,985,021	85	0	Latin America	small	0	3	2
False	obj2477	train	0	38	Y. Tanaka	Quantum Rain	Dark Matter	05.02.2025	MV202504239	2152	97,1	7,107,036	66,465	79,904,174	1,815,674	65,785	1,867,044	276,023	334,574	3,083,288	138	121,527	93253	165	1,088,677	186	1,498,293	12,776	26,583,620	2,442,892	51	0	Asia-Pacific	medium	0	3	3
False	obj2478	train	0	51	D. Rossi	Burning Atlas 2025 3	Universe Zero	18.11.2025	MV202504249	694	94,2	7,875,485	23,999	29,148,094	906,322	16,125	889,189	2,058,780	5,157,972	11,104,496	467	249,180	13859	272	1,044,198	33	42,844,620	21,003	10,247,543	97,582	71	0	Latin America	medium	1	3	3
False	obj2479	train	0	92	N. Fischer	Solar Drift	Final Chapter	05.09.2025	MV202504251	2639	17,6	23,886,345	169,095	65,535,918	18,707,861	763,808	1,177,005	1,514,879	3,227,754	374,397	72	284,269	9926	132	9,301,463	152	45,932,082	55,721	29,076,291	1,706,814	28	1	Europe	small	4	4	0
False	obj2480	train	0	35	C. Wright	Aurora Debt 4	New Dawn	18.10.2025	MV202504252	1358	110,9	11,472,818	193,186	18,496,448	7,838,636	103,475	1,275,314	2,174,628	2,680,964	15,643,431	381	374,666	66711	31	8,125,319	100	8,811,121	99,147	12,010,622	958,656	72	0	Europe	small	0	3	4
False	obj2481	train	0	93	M. Chen	Frozen Ledger 2025	Standalone	18.10.2025	MV202504254	1878	119,9	4,108,548	5,389	32,151,578	568,502	6,211	1,795,087	891,016	1,759,652	5,361,642	139	416,953	71982	295	183,613	94	35,543,689	1,297	5,597,797	26,555	38	1	Asia-Pacific	large	4	2	4
False	obj2482	train	0	81	J. Martinez	Electric Mirage 2025	Origin Arc	12.03.2025	MV202504255	575	105,5	1,258,253	50,000	74,913,293	461,956	8,133	1,142,472	49,009	127,423	6,191,238	239	411,133	50228	163	7,484,225	21	27,180,810	82,764	22,361,140	4,274,262	52	0	Europe	large	4	0	4
False	obj2483	train	0	69	J. Martinez	Quantum Rain 2025 2	Dark Matter	07.03.2025	MV202504256	3762	118	2,897,883	54,919	68,495,717	853,203	29,053	1,815,208	373,141	634,706	16,738,834	385	175,232	20949	38	6,634,653	168	8,828,766	55,971	29,301,672	220,082	4	1	Europe	large	3	1	4
False	obj2484	train	0	59	L. Nakamura	Feral Harmony	New Dawn	15.03.2025	MV202504267	1841	30,4	6,398,072	46,799	22,694,131	4,738,776	199,186	412,342	1,601,660	3,381,218	5,482,764	492	234,279	17705	218	6,870,828	16	18,069,635	89,204	17,198,817	4,896,322	33	0	Americas	small	2	2	0
False	obj2485	train	0	85	W. Stone	Golden Ratio 2025	Dark Matter	18.09.2025	MV202504268	4650	66,2	11,879,389	134,350	69,896,229	4,148,102	199,220	1,448,097	2,303,219	6,883,760	10,911,468	408	70,097	88105	218	4,981,537	164	42,193,123	17,812	400,977	2,581,588	29	1	Americas	small	4	3	2
False	obj2486	train	0	72	N. Fischer	Kinetic Prayer	Chronicles Saga	05.09.2025	MV202504272	4883	87,9	5,260,870	157,582	78,048,353	2,820,449	71,204	1,605,319	1,158,826	2,746,662	16,415,133	205	270,551	35215	201	7,484,738	116	14,675,256	20,752	24,565,291	4,953,656	65	0	Europe	small	3	2	3
False	obj2487	train	0	69	J. Martinez	Solar Drift 2025 3	Universe Zero	26.11.2025	MV202504204	114	87,1	2,215,827	96,471	65,710,653	1,078,736	12,220	198,893	453,809	635,226	14,645,069	1	61,185	73673	260	2,532,869	57	32,855,991	80,752	26,521,468	458,954	55	1	Europe	large	3	1	3
False	obj2488	train	0	68	W. Stone	Binary Sunset 2025	Origin Arc	28.01.2025	MV202504206	450	69,1	19,923,693	195,919	30,989,274	7,123,566	332,746	675,237	4,641,778	17,961,644	5,770,909	440	97,283	71918	109	3,184,425	132	25,975,505	51,990	4,853,386	1,829,860	31	0	Americas	small	2	4	2
False	obj2489	train	0	42	L. Nakamura	Digital Saints 2025	Open Sky	30.11.2025	MV202504209	54	28,7	46,244,960	138,475	62,082,022	27,208,473	990,376	965,963	5,912,767	22,430,723	11,643,164	140	282,148	34275	31	355,033	184	787,087	39,086	26,679,679	791,730	58	0	Americas	small	0	4	0
False	obj2490	train	0	42	S. Patel	Stone Butterfly 2025	New Dawn	25.11.2025	MV202504210	3663	105,7	2,146,734	187,444	63,292,840	1,347,954	27,652	287,146	159,923	209,420	17,577,184	390	465,105	44937	62	5,299,780	155	2,806,122	12,209	23,174,252	4,699,517	53	0	Europe	large	0	0	4
False	obj2491	train	0	59	N. Fischer	Glass Reactor 2025	Final Chapter	02.06.2025	MV202504211	3268	96,7	2,238,206	78,419	53,193,908	1,568,316	64,079	679,990	520,107	694,870	13,289,199	321	5,092	83085	245	9,658,179	194	1,941,468	81,533	14,358,846	2,560,285	85	0	Europe	small	2	1	3
False	obj2492	train	0	42	E. Brooks	Ember Valley	Prime Story	23.12.2025	MV202504212	2583	81,5	5,291,697	61,681	6,756,596	1,378,983	27,240	1,342,367	680,451	2,215,941	16,474,544	218	85,768	73084	107	1,913,456	115	17,477,982	79,855	2,872,698	3,665,026	20	0	Americas	small	0	2	3
False	obj2493	train	0	48	R. Silva	Carbon Dreams	New Dawn	15.09.2025	MV202504222	1729	88,9	1,017,539	50,867	62,990,289	530,547	20,516	1,769,007	95,179	332,524	15,639,689	57	356,728	5853	70	8,470,875	116	22,572,689	74,729	12,582,706	294,367	2	0	Latin America	large	1	0	3
False	obj2494	train	0	58	E. Brooks	Silver Transit 4	Chronicles Saga	06.10.2025	MV202504224	1971	57,4	11,479,652	193,411	68,574,785	2,091,085	73,899	1,802,095	2,690,754	9,897,510	7,482,770	331	262,615	16767	268	138,200	82	42,425,890	28,779	6,685,964	845,001	54	1	Americas	small	2	3	1
False	obj2495	train	0	51	J. Martinez	Crystal Fault 2025	Standalone	05.12.2025	MV202504227	4595	112,7	6,962,007	174,606	14,693,915	5,441,233	231,079	1,297,420	708,505	2,510,996	16,421,697	69	438,953	49691	291	7,597,865	176	26,600,853	53,909	26,369,420	2,569,625	6	0	Europe	large	1	2	4
False	obj2496	train	0	81	R. Silva	White Noise 2025	Dark Matter	11.04.2025	MV202504228	966	103,2	18,991,827	102,625	50,558,311	1,713,028	47,816	1,555,235	588,131	2,156,575	17,634,960	276	227,944	39619	183	931,344	36	8,363,590	55,952	21,877,786	3,782,198	74	0	Latin America	large	4	4	4
False	obj2497	train	0	43	N. Fischer	Thunder Archive 2025	Universe Zero	09.03.2025	MV202504229	4693	76,9	10,040,955	102,921	31,608,301	2,199,977	38,707	1,836,132	105,657	232,848	17,932,908	98	471,398	59310	19	4,085,807	70	17,954,172	38,185	20,999,465	4,113,223	71	0	Europe	small	1	3	2
False	obj2498	train	0	45	P. Singh	Carbon Dreams	Origin Arc	27.02.2025	MV202504244	1655	46	11,139,086	133,281	58,488,247	727,645	34,950	119,766	3,302,237	7,892,730	12,998,909	292	69,303	30272	147	3,021,235	193	1,541,800	47,001	3,967,843	2,875,317	69	0	Latin America	small	1	3	1
False	obj2499	train	0	79	C. Wright	Feral Harmony 2025	Universe Zero	12.03.2025	MV202504248	1677	55	2,813,302	161,206	66,471,439	213,046	3,868	1,641,223	294,905	993,974	4,351,374	43	33,999	46654	178	8,635,970	46	33,852,492	97,427	3,316,366	3,392,286	34	0	Europe	small	3	1	1
False	obj2500	train	0	30	W. Stone	Quantum Rain 2025	Standalone	26.04.2025	MV202504258	1146	67,2	4,881,929	100,087	68,566,633	2,342,630	42,400	61,145	867,358	2,320,113	11,018,634	28	125,233	15779	181	6,125,587	35	49,042,339	51,672	26,595,674	1,036,184	77	0	Americas	small	0	2	2
False	obj2501	train	0	44	V. Popov	Golden Ratio 2025 4	Chronicles Saga	30.11.2025	MV202504259	192	42,5	7,362,971	105,973	27,837,564	415,198	4,505	1,581,956	1,915,473	4,409,680	4,540,360	139	397,786	70271	78	4,775,703	73	36,411,479	10,295	8,350,651	2,085,981	54	1	Latin America	large	1	3	1
False	obj2502	train	0	57	N. Fischer	Shadow Circuit 2025	Prime Story	21.06.2025	MV202504261	2422	85,4	37,457,528	132,203	23,849,276	8,512,368	227,731	1,656,689	6,902,185	8,663,499	9,432,047	241	29,143	24166	86	5,971,750	46	36,471,668	51,153	28,090,149	1,212,958	17	0	Europe	small	2	4	3
False	obj2503	train	0	46	N. Fischer	Velvet Storm 2025	Universe Zero	06.10.2025	MV202504263	4165	25	58,450,625	44,794	42,278,169	14,208,171	383,677	1,980,751	14,921,907	32,869,045	9,069,740	187	18,560	20818	61	7,859,804	198	47,710,890	8,445	29,173,888	4,020,699	79	0	Europe	small	1	4	0
False	obj2504	train	0	84	T. Kim	Velvet Storm 2025	New Dawn	06.02.2025	MV202504264	3236	30,8	34,312,733	14,329	24,386,310	12,018,275	277,101	468,094	7,127,381	25,257,465	11,509,499	251	415,282	4854	225	9,722,570	22	36,870,526	28,943	1,863,328	3,123,896	31	0	Americas	small	4	4	0
False	obj2505	train	0	73	R. Silva	Carbon Dreams 2025	New Dawn	30.04.2025	MV202504266	3161	51,4	5,111,750	37,070	21,593,256	1,523,196	21,536	266,879	1,118,408	3,148,822	18,053,723	155	292,688	19338	287	3,289,945	195	3,467,887	21,725	16,590,235	150,095	80	0	Latin America	large	3	2	1
False	obj2506	train	0	56	O. Dubois	Northern Code 2025	Chronicles Saga	01.07.2025	MV202504276	2076	60,5	11,439,184	79,394	50,329,908	711,457	13,475	860,119	1,114,054	3,811,102	13,563,090	8	160,870	54644	97	1,601,279	136	36,553,202	16,929	12,448,559	923,332	69	0	Latin America	large	2	3	2
False	obj2507	train	0	64	C. Wright	Nova Protocol 2025	Open Sky	05.10.2025	MV202504278	779	89,6	2,239,962	96,111	58,816,906	819,697	28,222	268	577,928	1,373,073	16,680,015	270	66,132	47184	269	1,938,342	187	22,961,555	74,642	13,577,599	4,473,138	15	0	Europe	small	2	1	3
False	obj2508	train	0	40	C. Wright	Feral Harmony 2025	Final Chapter	02.06.2025	MV202504280	2301	106,2	4,144,038	47,914	29,384,601	2,693,897	95,997	1,703,845	908,758	1,910,515	226,606	243	368,620	87241	297	2,355,367	176	43,339,786	98,375	25,605,076	1,534,848	81	0	Europe	small	0	2	4
False	obj2509	train	0	46	K. Olsen	Ghost Frequency 2025	Prime Story	28.05.2025	MV202504281	2833	38,8	1,985,897	34,880	12,368,732	944,824	44,398	247,420	474,879	1,747,181	14,832,412	28	134,563	13985	253	7,354,072	84	31,494,938	34,601	2,445,358	3,009,519	79	0	Americas	large	1	0	1
False	obj2510	train	0	47	G. Murphy	Desert Oracle 2025	Origin Arc	09.12.2025	MV202504283	3631	37,6	805,086	192,625	33,011,730	587,078	13,666	1,070,132	51,435	118,651	1,041,932	482	283,625	73799	210	3,474,103	136	45,305,363	64,593	4,346,061	2,974,723	93	0	Europe	medium	1	0	0
False	obj2511	train	0	81	Z. Ali	Golden Ratio	Open Sky	15.02.2025	MV202504294	3258	54,8	5,286,934	80,102	53,043,587	3,571,605	154,965	882,962	1,439,835	5,594,534	10,607,109	411	459,856	37077	259	8,704,537	183	13,354,387	17,717	23,828,942	2,279,490	31	0	Latin America	small	4	2	1
False	obj2512	train	0	55	P. Singh	Silent Protocol 2025	Final Chapter	27.11.2025	MV202504295	2733	96,8	2,912,990	83,161	23,664,487	2,047,578	83,294	1,907,962	461,819	1,308,622	15,675,244	360	490,312	69173	57	6,845,187	138	35,299,362	74,804	17,562,181	4,378,311	93	0	Latin America	small	1	1	3
False	obj2513	train	0	73	L. Nakamura	Glass Reactor 2025	Open Sky	26.07.2025	MV202504297	2181	18,3	12,905,753	143,291	65,759,392	8,558,908	401,802	153,201	1,968,117	2,719,492	5,241,623	39	46,965	70483	130	9,539,868	93	6,623,973	36,961	1,779,093	2,119,636	42	0	Americas	small	3	3	0
False	obj2514	train	0	64	B. Carter	Crystal Fault 2025	Universe Zero	02.12.2025	MV202504298	1124	83,4	2,265,732	84,062	55,922,532	151,724	5,952	884,231	486,185	956,984	8,163,810	64	308,143	66067	98	2,109,128	129	12,233,369	92,637	3,197,344	3,238,467	46	0	Asia-Pacific	large	2	1	3
False	obj2515	train	0	83	S. Patel	Deep Current	Origin Arc	09.01.2025	MV202504301	2510	110,6	13,205,763	181,959	69,676,590	2,726,250	31,780	1,806,448	921,118	2,880,848	16,399,181	85	323,539	11865	4	8,230,398	8	14,298,638	30,031	14,165,999	2,107,296	43	0	Europe	large	4	3	4
False	obj2516	train	0	35	K. Olsen	Violet Engine	Universe Zero	16.08.2025	MV202504312	1136	17,6	22,384,405	96,973	34,281,203	16,110,854	684,116	1,254,146	4,744,546	16,002,407	958,127	327	44,827	70046	92	4,319,525	92	18,419,637	67,631	7,479,296	4,487,787	75	0	Americas	large	0	4	0
False	obj2517	train	0	33	C. Wright	Aurora Debt 2025	Legacy Cycle	30.06.2025	MV202504313	145	88,9	23,345,362	98,625	12,593,951	10,894,408	487,965	1,156,326	579,071	2,022,289	2,180,060	342	368,744	33399	202	4,814,359	118	44,938,543	88,572	158,244	899,919	11	0	Europe	small	0	4	3
False	obj2518	train	0	39	C. Wright	White Noise 2025	Origin Arc	28.08.2025	MV202504314	4124	37,1	9,395,214	55,739	51,102,619	4,612,306	87,158	67,918	725,310	2,795,880	2,609,198	327	291,534	56245	69	6,274,780	173	9,500,353	6,437	22,371,759	1,198,915	9	1	Europe	small	0	3	0
False	obj2519	train	0	66	Y. Tanaka	Quantum Rain 2025 3	Universe Zero	19.03.2025	MV202504317	1920	75	8,619,268	102,325	58,887,792	4,981,507	96,405	1,625,718	1,312,962	4,849,024	10,696,769	58	283,909	40762	209	8,846,935	37	37,287,995	89,000	18,314,118	629	10	0	Asia-Pacific	medium	2	3	2
False	obj2520	train	0	42	L. Nakamura	White Noise	New Dawn	06.05.2025	MV202504318	2238	24,2	685,025	37,719	29,147,681	515,183	19,905	806,175	61,406	154,833	7,186,343	66	326,907	77569	293	8,878,272	18	41,914,955	23,746	28,955,160	3,211,204	58	0	Americas	small	0	0	0
False	obj2521	train	0	70	A. Volkov	Red Meridian 2025	Final Chapter	23.07.2025	MV202504319	3673	115,3	212,807	12,608	77,616,704	93,811	3,233	1,929,569	10,492	32,256	6,147,774	58	90,629	55062	260	5,573,835	28	10,155,254	68,981	12,858,244	1,963,419	95	0	Americas	large	3	0	4
False	obj2522	train	0	34	N. Fischer	Digital Saints 2025 2	Universe Zero	10.07.2025	MV202504320	4168	64,9	6,236,743	30,701	8,737,063	3,823,840	162,228	1,938,344	1,186,957	4,540,169	8,749,664	391	423,343	10965	71	5,607,913	23	9,661,010	965	10,126,885	3,463,251	93	0	Europe	small	0	2	2
False	obj2523	train	0	66	Q. Jensen	Thunder Archive 2025	Legacy Cycle	12.04.2025	MV202504330	985	38	12,872,298	151,977	72,992,277	3,598,854	62,487	1,901,252	3,346,933	9,841,547	16,286,110	463	160,446	54305	41	7,068,103	105	22,318,002	80,754	21,600,611	4,731,209	97	0	Americas	medium	2	3	1
False	obj2524	train	0	50	Y. Tanaka	Hyperion Rise 2	Chronicles Saga	17.03.2025	MV202504332	2729	74,2	7,211,768	160,953	40,035,347	2,074,507	29,336	1,604,078	487,938	1,714,922	52,629	492	6,381	3796	37	9,999,661	123	11,784,992	14,076	16,822,613	2,819,897	92	0	Asia-Pacific	medium	1	3	2
False	obj2525	train	0	87	P. Singh	City of Glass 2025	Open Sky	05.12.2025	MV202504333	4254	20,6	21,611,969	67,834	10,581,225	8,378,410	294,368	780,774	639,262	804,301	6,126,104	402	269,384	9206	189	745,210	5	33,403,197	56,008	29,582,847	4,597,939	50	0	Latin America	small	4	4	0
False	obj2526	train	0	90	J. Martinez	Binary Sunset 2025 4	Chronicles Saga	22.09.2025	MV202504334	4008	85,6	3,346,073	166,219	68,005,216	2,015,624	66,291	1,395,246	627,547	2,180,056	13,183,237	235	27,634	26826	20	4,235,087	156	12,153,993	34,474	27,672,434	1,066,470	99	0	Europe	large	4	1	3
False	obj2527	train	0	93	S. Patel	Solar Drift 2025	Open Sky	29.06.2025	MV202504337	547	79,7	6,801,194	124,262	62,518,794	2,996,344	33,510	1,351,215	1,477,501	5,886,686	11,006,770	89	460,107	8250	256	7,190,664	146	8,663,684	61,589	5,520,377	3,740,301	68	0	Europe	large	4	2	3
False	obj2528	train	0	77	E. Brooks	Northern Code 2025	Prime Story	03.08.2025	MV202504338	3098	15,9	6,124,083	105,895	21,544,358	1,961,697	19,868	1,622,767	817,204	1,914,963	14,427,128	184	233,669	23810	7	3,511,651	16	26,356,288	17,665	17,754,519	4,296,100	4	0	Americas	small	3	2	0
False	obj2529	train	0	59	F. Nguyen	Solar Drift 2025	Standalone	12.04.2025	MV202504285	3845	28	4,159,614	162,516	34,814,197	1,670,298	42,115	984,150	1,091,688	3,921,082	16,806,177	493	317,395	17846	92	5,594,795	171	40,735,453	96,489	14,004,539	2,735,017	39	0	Asia-Pacific	large	2	2	0
False	obj2530	train	0	73	N. Fischer	Silver Transit 4	Legacy Cycle	26.05.2025	MV202504290	2088	64,4	1,988,136	16,180	31,575,678	134,603	5,698	925,628	138,358	278,081	10,707,444	113	324,148	67903	263	2,709,537	45	11,258,757	13,196	10,325,394	3,369,479	13	1	Europe	small	3	0	2
False	obj2531	train	0	74	O. Dubois	Lunar Cartography 3	Legacy Cycle	24.03.2025	MV202504292	1951	51,1	12,075,143	161,450	63,785,154	9,228,299	276,345	243,766	3,233,393	10,284,659	8,017,431	192	233,903	1162	61	8,866,586	55	18,756,374	67,200	28,818,884	1,412,389	88	0	Latin America	large	3	3	1
False	obj2532	train	0	71	M. Chen	Solar Drift 2025	Open Sky	25.06.2025	MV202504303	4990	55,6	5,167,532	63,071	76,933,768	1,120,254	45,384	490,325	1,490,925	2,975,873	11,605,312	249	176,227	74224	127	7,334,816	25	39,769,415	37,871	6,298,516	4,269,295	44	0	Asia-Pacific	large	3	2	1
False	obj2533	train	0	71	J. Martinez	Desert Oracle 2025	Legacy Cycle	02.10.2025	MV202504304	704	70,9	3,974,028	103,573	27,390,511	946,272	20,374	256,433	189,664	734,586	18,088,033	25	1,280	31069	253	174,893	28	21,894,106	14,020	5,426,437	3,648,074	53	0	Europe	large	3	1	2
False	obj2534	train	0	80	T. Kim	Ocean of Stars 2025	Origin Arc	31.08.2025	MV202504305	4612	108,7	790,218	97,303	30,505,343	138,096	4,089	1,124,491	189,524	455,528	15,817,794	161	196,576	37031	144	4,490,822	2	16,893,628	91,163	16,787,259	3,101,722	64	1	Americas	small	3	0	4
False	obj2535	train	0	33	D. Rossi	Blue Static 2025	Dark Matter	04.08.2025	MV202504306	259	19,9	14,628,811	59,900	47,984,317	5,055,218	168,674	1,088,105	1,264,996	2,690,423	1,367,518	344	477,149	48055	123	2,663,951	53	23,983,170	50,409	9,123,059	1,642,667	46	0	Latin America	medium	0	4	0
False	obj2536	train	0	90	P. Singh	Frozen Ledger 2025	Dark Matter	13.01.2025	MV202504307	4822	53,8	6,734,937	89,471	53,036,166	3,973,704	75,113	1,242,263	1,857,594	6,432,673	5,470,375	247	127,060	61850	130	6,257,114	37	26,621,050	70,962	16,211,565	86,080	57	0	Latin America	small	4	2	1
False	obj2537	train	0	67	F. Nguyen	Desert Oracle 2025	Final Chapter	21.10.2025	MV202504308	1343	18	5,372,268	99,558	49,163,213	3,026,806	104,767	161,981	1,089,986	3,569,132	9,524,949	13	465,173	78980	201	2,504,544	60	13,322,459	94,500	20,652,136	3,000,753	19	0	Asia-Pacific	large	2	2	0
False	obj2538	train	0	55	Y. Tanaka	White Noise 2025 3	Open Sky	20.12.2025	MV202504310	2831	99	12,830,444	192,016	19,363,564	1,396,599	52,453	106,671	3,677,586	13,152,984	3,852,749	413	237,266	26221	86	3,516,085	85	32,047,924	41,569	9,206,100	4,211,357	48	0	Asia-Pacific	medium	1	3	3
False	obj2539	train	0	56	S. Patel	Hollow Crown	Open Sky	21.12.2025	MV202504322	3300	49,5	3,261,930	24,777	32,174,876	2,607,708	59,401	684,774	443,859	1,133,894	13,038,382	282	242,587	13114	136	4,468,545	159	32,251,189	41,329	18,281,828	4,138,262	69	0	Europe	large	2	1	1
False	obj2540	train	0	39	H. Andersson	Echo Chamber 2025	Standalone	14.01.2025	MV202504323	1803	80,5	1,499,352	4,771	77,790,855	291,453	7,856	649,127	182,312	552,997	17,659,186	313	443,942	29016	129	6,192,491	140	8,734,865	74,079	17,239,019	2,082,939	41	0	Asia-Pacific	large	0	0	3
False	obj2541	train	0	44	K. Olsen	Glass Reactor	New Dawn	11.07.2025	MV202504324	1199	112,2	358,770	5,333	21,473,435	48,558	2,331	312,376	27,302	63,692	7,656,817	286	449,094	53343	134	8,588,339	192	40,727,004	75,840	19,299,902	4,307,512	15	1	Americas	large	1	0	4
False	obj2542	train	0	76	C. Wright	Ocean of Stars	Legacy Cycle	18.10.2025	MV202504328	2003	113,5	670,098	59,838	72,382,325	217,644	9,037	959,293	171,071	666,125	12,044,459	158	10,983	51556	135	1,632,186	157	21,590,481	57,681	25,252,086	3,647,670	16	0	Europe	small	3	0	4
False	obj2543	train	0	67	P. Singh	Final Orbit 2025	Legacy Cycle	24.03.2025	MV202504340	603	60,9	7,165,024	5,538	78,974,312	2,854,219	108,224	845,647	1,284,203	2,349,303	3,738,717	438	32,438	35416	62	5,497,483	6	41,230,149	82,620	19,662,531	1,901,474	78	0	Latin America	small	2	3	2
False	obj2544	train	0	80	F. Nguyen	Hyperion Rise 2025	Open Sky	17.01.2025	MV202504341	3732	101,4	9,713,349	84,765	74,313,206	2,891,310	104,202	1,363,041	2,189,654	8,109,006	2,947,924	16	380,057	84977	163	7,900,974	195	11,008,604	27,240	8,558,128	1,036,119	14	0	Asia-Pacific	large	3	3	4
False	obj2545	train	0	50	W. Stone	Shadow Circuit 2025	Universe Zero	09.02.2025	MV202504343	184	66	28,823,234	176,054	3,015,857	3,379,994	98,742	963,658	6,762,498	20,238,706	9,008,595	229	163,557	90399	123	4,126,593	179	38,139,936	77,747	26,784,275	1,326,819	23	0	Americas	small	1	4	2
False	obj2546	train	0	51	S. Patel	Desert Oracle 2025	Chronicles Saga	15.08.2025	MV202504345	547	120	6,922,663	66,324	64,015,245	2,341,818	109,260	1,178,602	1,055,172	2,057,494	548,209	77	60,225	36018	282	7,357,241	162	9,981,675	58,611	8,007,578	3,673,080	27	0	Europe	large	1	2	4
False	obj2547	train	0	65	P. Singh	Silent Protocol	Legacy Cycle	17.02.2025	MV202504346	3241	70,9	2,518,175	97,099	2,537,714	914,083	27,813	1,289,185	678,655	862,413	13,939,305	401	64,902	20643	98	4,865,692	131	18,981,474	19,023	266,579	4,249,788	30	0	Latin America	small	2	1	2
False	obj2548	train	0	36	A. Volkov	Silent Protocol	Standalone	11.09.2025	MV202504347	2989	31	89,959,923	13,854	24,012,278	23,705,297	880,919	356,106	8,180,844	16,239,194	17,117,616	413	422,312	86041	292	4,247,655	96	31,318,956	76,732	25,959,870	841,539	72	1	Americas	large	0	4	0
False	obj2549	train	0	70	C. Wright	Silver Transit 2025	Standalone	22.06.2025	MV202504357	4729	60,4	10,497,554	126,460	42,556,547	5,004,758	85,294	1,912,203	744,508	1,511,516	3,820,404	339	289,357	49924	162	5,253,083	31	10,784,297	97,087	14,674,372	902,324	49	0	Europe	small	3	3	2
False	obj2550	train	0	75	Z. Ali	Lunar Cartography 3	Legacy Cycle	09.06.2025	MV202504358	4654	57,4	22,148,419	78,431	21,994,621	14,781,249	678,792	439,488	1,180,686	3,565,705	17,524,556	229	341,487	66922	160	7,078,345	82	161,963	36,135	21,266,042	2,152,235	71	1	Latin America	small	3	4	1
False	obj2551	train	0	33	Z. Ali	Thunder Archive	Prime Story	02.04.2025	MV202504359	4442	39,8	10,681,167	69,367	27,442,107	5,943,746	103,960	1,729,301	2,273,032	5,339,874	8,504,612	145	374,404	43149	207	1,525,980	28	12,298,220	3,371	5,566,289	3,475,170	66	0	Latin America	small	0	3	1
False	obj2552	train	0	54	F. Nguyen	Shadow Circuit	Dark Matter	05.11.2025	MV202504362	4282	65,6	7,841,186	53,734	28,304,977	5,738,681	284,512	435,401	192,292	765,596	6,555,736	22	354,603	18181	9	8,906,293	25	1,131,555	93,826	8,370,151	4,889,777	42	0	Asia-Pacific	large	1	3	2
False	obj2553	train	0	66	D. Rossi	Blue Static 2025 3	Origin Arc	19.11.2025	MV202504376	4231	98,8	2,846,237	166,443	23,676,417	171,448	4,645	1,958,409	111,984	387,000	6,098,318	119	443,264	35007	99	1,015,018	47	34,778,497	99,470	28,380,661	3,199,717	30	0	Latin America	medium	2	1	3
False	obj2554	train	0	30	Q. Jensen	Echo Chamber 2025	Dark Matter	13.08.2025	MV202504378	983	32,2	5,394,436	9,972	60,478,480	1,836,302	60,001	217,253	933,559	2,633,760	3,796,960	416	370,623	84755	207	3,887,006	20	20,996,206	62,239	22,342,494	1,266,299	66	1	Americas	medium	0	2	0
False	obj2555	train	0	80	V. Popov	Blue Static 2025	Prime Story	02.03.2025	MV202504379	1237	24,8	3,557,595	120,464	7,215,221	551,145	25,404	1,739,665	738,483	2,818,907	1,263,260	145	111,315	73541	79	4,473,431	126	15,649,885	75,941	12,317,157	2,969,276	71	0	Latin America	large	3	1	0
False	obj2556	train	0	56	I. Hassan	Blue Static 2025	Universe Zero	25.06.2025	MV202504381	635	46,9	12,383,311	49,131	29,917,288	7,828,974	139,001	404,381	3,669,105	8,929,332	8,498,155	435	67,837	90622	68	7,955,916	143	34,702,934	75,291	20,286,627	4,343,099	22	0	Americas	large	2	3	1
False	obj2557	train	0	89	R. Silva	Carbon Dreams	New Dawn	12.05.2025	MV202504382	784	35	2,204,147	51,204	43,147,080	708,768	28,388	1,581,040	641,084	1,178,464	13,803,572	416	17,291	60757	243	1,865,591	44	31,063,320	85,113	8,964,215	3,052,828	94	0	Latin America	large	4	1	0
False	obj2558	train	0	32	B. Carter	Golden Ratio 2025	New Dawn	06.07.2025	MV202504393	2845	112,9	2,241,017	67,332	42,180,209	592,175	9,640	1,855,603	482,823	999,138	886,165	152	369,607	74090	47	7,373,070	63	12,772,200	4,576	29,829,230	2,810,046	14	0	Asia-Pacific	large	0	1	4
False	obj2559	train	0	39	R. Silva	Lunar Cartography 2025	Final Chapter	08.09.2025	MV202504397	3531	20,6	13,834,984	104,112	56,533,601	3,587,743	131,375	1,015,183	166,707	401,698	15,598,657	198	55,176	21824	82	229,129	94	3,871,344	93,370	8,992,902	2,075,976	3	0	Latin America	large	0	4	0
False	obj2560	train	0	70	Y. Tanaka	Hollow Crown	Chronicles Saga	15.02.2025	MV202504399	3111	47,3	28,359,531	145,517	70,587,102	11,974,801	153,309	16,289	6,940,032	10,415,604	11,224,178	335	124,667	63471	129	2,952,113	93	11,051,611	89,875	17,438,719	3,268,947	1	1	Asia-Pacific	medium	3	4	1
False	obj2561	train	0	73	Y. Tanaka	Digital Saints	New Dawn	22.01.2025	MV202504401	3466	72,3	1,093,034	22,838	40,522,114	72,486	2,899	289,460	244,026	489,029	11,993,742	427	9,520	76838	202	703,106	128	7,091,149	40,525	1,257,260	793,720	54	0	Asia-Pacific	medium	3	0	2
False	obj2562	train	0	76	J. Martinez	Velvet Storm 2025	Open Sky	03.01.2025	MV202504411	3095	58,9	3,526,034	183,873	18,647,135	1,334,694	59,781	396,690	472,226	891,711	13,454,883	348	410,408	25814	174	7,895,099	114	40,112,285	19,098	6,881,981	2,646,238	41	1	Europe	large	3	1	1
False	obj2563	train	0	94	K. Olsen	Glass Reactor 2025	Standalone	27.08.2025	MV202504412	988	35,4	7,643,549	93,942	29,376,041	3,553,713	88,055	348,448	2,172,365	7,171,590	12,386,555	98	366,847	58420	28	6,169,884	173	14,444,541	81,260	21,591,009	1,290,583	30	1	Americas	large	4	3	0
False	obj2564	train	0	34	H. Andersson	Crimson Archive 2025	Chronicles Saga	25.05.2025	MV202504413	4192	16,7	4,941,251	70,346	78,532,532	1,425,881	31,162	1,848,163	971,445	3,355,690	4,835,965	295	128,419	71655	261	7,096,231	149	36,759,140	20,537	26,068,837	3,611,276	92	0	Asia-Pacific	large	0	2	0
False	obj2565	train	0	34	B. Carter	Crystal Fault 2025	Prime Story	27.02.2025	MV202504417	4455	61,8	6,198,229	106,395	36,754,416	4,822,506	146,838	1,654,997	63,551	159,296	17,697,201	173	77,912	87125	209	6,155,655	49	15,306,739	29,384	24,056,721	2,991,931	8	1	Asia-Pacific	large	0	2	2
False	obj2566	train	0	65	Z. Ali	Iron Garden 2025	Standalone	03.02.2025	MV202504349	1200	89	11,024,017	170,092	7,966,227	2,977,272	111,137	1,357,766	2,185,242	8,017,815	3,474,463	155	7,108	22446	28	1,901,956	97	48,483,245	52,814	22,426,875	2,449,924	88	0	Latin America	small	2	3	3
False	obj2567	train	0	41	O. Dubois	Blue Static 2025	Chronicles Saga	26.08.2025	MV202504350	437	100,7	1,784,632	158,289	13,722,671	1,252,865	37,809	273,765	338,261	532,299	19,566,007	303	211,215	89545	134	2,081,441	123	34,777,911	62,076	11,131,233	4,415,902	44	0	Latin America	large	0	0	4
False	obj2568	train	0	49	P. Singh	Ghost Frequency	Origin Arc	25.11.2025	MV202504351	4380	82	2,103,928	151,354	75,893,118	122,373	5,390	398,924	450,456	1,730,227	10,676,828	276	401,197	9648	76	6,806,836	34	20,697,709	45,618	722,345	538,206	9	1	Latin America	small	1	0	3
False	obj2569	train	0	87	I. Hassan	Solar Drift 2025	New Dawn	22.02.2025	MV202504354	4456	86,6	2,471,089	125,253	24,889,854	270,916	6,617	1,885,530	681,198	2,384,833	2,727,404	303	485,933	95865	220	1,351,313	197	46,950,580	37,289	66,838	150,799	56	0	Americas	large	4	1	3
False	obj2570	train	0	54	B. Carter	Kinetic Prayer 2025	Chronicles Saga	14.09.2025	MV202504366	1914	61,1	13,178,919	91,262	75,177,197	4,532,031	150,669	1,607,602	2,602,889	3,232,630	5,773,132	185	428,579	61332	296	3,313,953	178	9,791,360	90,403	11,905,587	2,911,232	97	0	Asia-Pacific	large	1	3	2
False	obj2571	train	0	70	Q. Jensen	Echo Chamber 2025	Dark Matter	03.07.2025	MV202504369	3054	55,3	4,682,868	51,698	24,253,072	3,148,053	109,419	809,141	886,730	1,195,092	12,647,671	455	147,252	5661	238	8,426,896	34	9,660,143	54,994	20,718,909	4,716,359	37	1	Americas	medium	3	2	1
False	obj2572	train	0	68	I. Hassan	Electric Mirage 2025	Universe Zero	31.01.2025	MV202504371	2963	57,3	823,496	36,409	69,428,496	604,662	16,467	537,926	116,666	155,530	6,581,537	274	29,412	45720	143	6,265,791	190	29,984,900	15,834	7,550,805	2,648,524	50	0	Americas	large	2	0	1
False	obj2573	train	0	33	I. Hassan	White Noise 2025	Open Sky	26.04.2025	MV202504372	1925	117,2	3,865,772	35,999	52,951,338	296,398	14,043	1,384,424	580,683	1,132,917	16,301,579	498	292,078	86976	112	4,809,174	19	26,425,302	63,186	41,445	2,431,525	44	0	Americas	large	0	1	4
False	obj2574	train	0	68	L. Nakamura	Red Meridian 2025 4	Legacy Cycle	23.09.2025	MV202504374	4463	101,7	4,420,402	102,011	60,530,169	2,523,405	56,452	236,339	381,123	1,159,340	14,474,507	123	105,802	34286	121	524,914	87	6,558,669	19,403	25,527,922	3,330,405	66	0	Americas	small	2	2	4
False	obj2575	train	0	76	E. Brooks	Nova Protocol 2025	Dark Matter	11.01.2025	MV202504387	3756	40,7	1,208,218	120,132	22,646,426	504,975	20,330	1,147,907	165,239	241,779	16,670,239	437	327,908	12517	135	659,682	136	46,351,862	71,381	24,918,924	308,737	52	0	Americas	small	3	0	1
False	obj2576	train	0	34	A. Volkov	Shadow Circuit 2025	Open Sky	01.08.2025	MV202504390	3844	25,8	17,260,732	37,017	4,986,719	10,164,367	264,050	799,717	2,975,563	10,662,095	2,450,136	95	329,657	7424	278	6,450,541	70	40,742,799	23,101	26,647,096	3,074,309	31	1	Americas	large	0	4	0
False	obj2577	train	0	90	E. Brooks	Glass Reactor 2025	Legacy Cycle	02.08.2025	MV202504391	1857	77,3	3,365,406	35,658	6,535,480	1,875,458	50,754	620,655	639,766	783,830	12,183,636	9	136,232	23693	207	1,313,774	62	4,998,442	61,247	29,343,502	4,519,741	36	0	Americas	small	4	1	2
False	obj2578	train	0	74	E. Brooks	Binary Sunset 2025	Chronicles Saga	29.03.2025	MV202504392	3562	30	3,349,560	159,920	42,585,029	1,855,458	52,090	821,182	797,275	1,692,818	10,131,480	98	230,830	90070	86	9,915,336	165	11,321,377	34,104	11,417,215	4,959,205	45	0	Americas	small	3	1	0
False	obj2579	train	0	61	L. Nakamura	White Noise 2025	Final Chapter	08.11.2025	MV202504402	2088	89	5,219,034	104,559	2,360,834	3,215,491	134,690	1,095,366	509,646	1,419,709	12,900,301	378	446,588	69033	227	7,512,189	152	17,035,596	63,263	21,380,594	1,633,821	18	0	Americas	small	2	2	3
False	obj2580	train	0	64	R. Silva	Golden Ratio	Prime Story	20.04.2025	MV202504403	4682	113,1	1,514,439	61,857	4,362,704	960,565	44,143	1,023,727	227,339	767,113	6,741,293	307	224,778	39691	71	5,550,245	89	8,735,005	67,362	5,381,445	977,384	14	0	Latin America	large	2	0	4
False	obj2581	train	0	84	K. Olsen	Carbon Dreams 2025 3	Origin Arc	09.01.2025	MV202504404	3515	113,1	3,505,934	63,516	6,338,973	2,527,909	115,816	1,292,336	761,238	1,942,384	16,896,269	30	333,902	26148	88	7,622,668	112	45,579,275	63,097	21,095,902	965,905	65	1	Americas	large	4	1	4
False	obj2582	train	0	42	Q. Jensen	Glass Reactor 2025 4	New Dawn	15.04.2025	MV202504407	2538	19,4	6,929,969	133,698	28,736,644	1,294,496	17,942	1,741,618	1,812,771	3,611,928	14,676,070	310	490,392	18640	286	9,126,502	193	12,460,222	12,480	20,763,329	1,391,044	76	0	Americas	medium	0	2	0
False	obj2583	train	0	71	W. Stone	Blue Static 2025	Prime Story	09.10.2025	MV202504408	2891	69,6	9,246,652	12,356	20,029,767	7,060,955	164,432	1,418,858	104,191	183,468	4,549,043	223	222,165	60801	213	6,764,115	40	34,387,646	28,405	9,671,830	906,126	78	0	Americas	small	3	3	2
False	obj2584	train	0	71	A. Volkov	Golden Ratio 2025	Prime Story	25.10.2025	MV202504409	577	17,8	5,309,860	15,045	8,656,661	2,293,586	28,612	153,333	242,191	496,804	1,864,460	125	332,406	49945	256	9,441,228	73	20,335,047	4,480	23,908,166	1,380,791	10	0	Americas	large	3	2	0
False	obj2585	train	0	55	D. Rossi	Red Meridian 2025	Chronicles Saga	10.12.2025	MV202504410	869	51,9	1,134,481	144,081	1,434,990	603,298	8,521	366,975	36,221	58,129	12,859,139	109	344,262	6922	76	8,238,896	86	8,603,242	92,594	22,726,551	256,733	4	0	Latin America	medium	1	0	1
False	obj2586	train	0	69	L. Nakamura	Red Meridian	Chronicles Saga	25.05.2025	MV202504421	2507	56,9	2,844,783	51,763	47,678,234	1,742,070	82,856	1,469,586	256,241	582,422	19,674,700	199	167,057	57243	122	5,979,336	145	22,769,380	17,491	26,422,954	3,421,199	32	0	Americas	small	3	1	1
False	obj2587	train	0	79	N. Fischer	Hyperion Rise 2025	New Dawn	13.07.2025	MV202504423	1277	113,7	1,859,898	139,252	42,737,109	138,089	2,095	1,695,565	170,782	476,770	19,023,368	40	53,456	6293	265	1,158,284	190	554,667	29,988	10,131,458	905,525	64	0	Europe	small	3	0	4
False	obj2588	train	0	83	R. Silva	Velvet Storm	New Dawn	29.10.2025	MV202504425	2098	92,5	7,698,583	189,855	66,727,430	4,213,879	53,025	1,191,122	113,102	255,073	8,092,665	432	229,195	88574	92	8,751,992	183	15,137,841	70,124	12,670,493	479,234	68	0	Latin America	large	4	3	3
False	obj2589	train	0	59	H. Andersson	Neon Horizon	Final Chapter	29.05.2025	MV202504426	3738	52,8	11,262,715	173,033	46,639,035	8,887,218	361,726	661,151	3,223,228	5,742,255	18,107,071	351	148,577	95187	187	2,676,451	85	12,723,613	71,010	27,142,877	4,396,109	97	0	Asia-Pacific	large	2	3	1
False	obj2590	train	0	40	V. Popov	Desert Oracle 2025	Final Chapter	23.09.2025	MV202504427	1009	16,8	6,317,377	35,607	53,565,012	4,335,250	153,399	1,745,898	1,652,792	5,652,332	1,601,391	78	71,647	44173	163	9,409,786	47	30,343,092	5,279	16,272,569	3,270,599	10	0	Latin America	large	0	2	0
False	obj2591	train	0	35	M. Chen	White Noise 2025	Final Chapter	25.06.2025	MV202504428	4288	48,2	4,137,094	119,462	39,839,022	760,227	24,776	56,464	119,373	224,536	8,852,197	230	20,317	70671	5	8,422,402	23	40,128,432	44,616	15,747,390	388,280	15	0	Asia-Pacific	large	0	2	1
False	obj2592	train	0	72	H. Andersson	Obsidian Heart 2025	Final Chapter	03.03.2025	MV202504440	1031	85,2	2,191,183	117,544	49,692,623	724,339	34,709	683,476	474,144	1,056,097	14,065,484	224	183,543	38941	34	4,362,210	95	31,915,796	18,020	26,584,084	1,541,018	80	0	Asia-Pacific	large	3	0	3
False	obj2593	train	0	57	E. Brooks	Infinite Margin 2025	Chronicles Saga	03.06.2025	MV202504442	3011	83,5	3,636,539	137,810	35,119,286	2,682,675	52,847	824,328	641,586	1,551,068	5,318,346	409	425,281	82215	55	814,807	11	1,886,884	77,834	18,986,052	2,497,689	50	0	Americas	small	2	1	3
False	obj2594	train	0	75	D. Rossi	Desert Oracle	Open Sky	24.12.2025	MV202504443	3319	77,9	2,108,741	112,964	71,372,491	243,572	12,157	228,640	260,268	404,830	4,257,840	151	274,843	32718	215	2,090,608	50	9,634,656	11,819	28,352,690	594,271	16	1	Latin America	medium	3	0	2
False	obj2595	train	0	90	K. Olsen	Thunder Archive 2025	Origin Arc	08.04.2025	MV202504446	2445	27,9	8,531,269	53,072	41,663,453	2,718,241	48,650	606,526	549,363	1,021,993	49,201	155	145,419	37714	192	3,682,045	176	39,611,976	18,310	12,137,238	4,614,684	14	0	Americas	large	4	3	0
False	obj2596	train	0	86	B. Carter	Obsidian Heart	Final Chapter	03.06.2025	MV202504456	2914	47,9	1,216,197	105,647	22,014,388	92,357	2,191	565,465	257,458	771,876	16,359,049	43	188	67439	221	5,415,375	164	22,978,043	18,975	13,202,302	828,061	47	0	Asia-Pacific	large	4	0	1
False	obj2597	train	0	59	N. Fischer	Arctic Pulse 2025	Prime Story	19.08.2025	MV202504457	3939	58,8	2,626,149	107,208	22,958,135	500,649	13,695	1,132,119	138,822	320,164	9,744,870	397	11,475	65658	221	7,965,870	11	33,229,510	10,657	20,890,340	228,984	92	0	Europe	small	2	1	1
False	obj2598	train	0	49	W. Stone	Glass Reactor 2025	Origin Arc	23.04.2025	MV202504458	3429	119,8	14,842,636	191,490	59,891,358	10,155,402	221,260	1,955,574	1,638,400	3,468,742	15,285,406	27	250,564	31936	281	4,186,735	66	12,493,851	17,474	10,998,494	4,796,373	49	0	Americas	small	1	4	4
False	obj2599	train	0	57	J. Martinez	Nova Protocol 2025 4	Open Sky	27.06.2025	MV202504460	1502	68,2	1,497,654	26,513	40,608,768	838,564	30,258	120,749	33,251	104,177	15,342,283	162	443,422	24560	28	716,891	54	23,652,151	77,784	11,584,644	106,007	0	1	Europe	large	2	0	2
False	obj2600	train	0	74	G. Murphy	Iron Garden 2025	Prime Story	17.08.2025	MV202504461	4010	59,6	10,076,147	81,010	10,519,006	7,080,656	139,994	1,079,707	1,672,116	4,283,297	9,420,342	455	401,766	58185	54	3,879,704	19	10,480,108	86,040	14,429,308	3,450,516	94	0	Europe	medium	3	3	2
False	obj2601	train	0	86	P. Singh	Solar Drift 2025	Open Sky	09.09.2025	MV202504462	3278	25,4	10,400,945	175,381	11,142,748	6,202,439	171,408	475,276	1,702,286	3,810,593	16,195,101	197	71,573	50047	274	1,220,186	185	3,156,313	75,501	28,672,656	442,198	46	0	Latin America	small	4	3	0
False	obj2602	train	0	89	I. Hassan	Hollow Crown 2025	Dark Matter	02.01.2025	MV202504464	217	106	1,364,126	170,034	30,706,135	988,839	20,254	1,570,890	129,922	419,494	14,717,921	251	329,330	75169	241	2,474,892	156	33,113,653	63,456	23,208,780	3,530,865	87	0	Americas	large	4	0	4
False	obj2603	train	0	70	P. Singh	Digital Saints 2025 4	Open Sky	26.07.2025	MV202504476	140	60,8	5,522,799	90,626	57,002,180	1,361,821	31,677	176,808	567,746	820,250	15,749,898	99	486,976	1702	5	8,607,350	111	541,981	40,110	9,414,904	1,504,225	90	1	Latin America	small	3	2	2
False	obj2604	train	0	68	Q. Jensen	Deep Current 2025 2	Origin Arc	09.09.2025	MV202504477	1113	56,7	2,540,489	165,482	15,711,371	1,105,259	42,531	1,616,979	226,093	648,431	7,622,429	1	216,726	97052	284	7,618,008	162	44,781,275	99,060	11,331,617	3,742,505	29	0	Americas	medium	2	1	1
False	obj2605	train	0	40	K. Olsen	Arctic Pulse 2025	Universe Zero	03.03.2025	MV202504478	1781	101,9	1,756,520	51,106	38,861,114	125,745	1,468	363,154	216,578	494,567	6,922,006	47	412,901	35547	234	3,660,506	141	40,257,717	13,509	3,846,030	3,118,554	9	1	Americas	large	0	0	4
False	obj2606	train	0	91	W. Stone	Midnight Cartel	Open Sky	10.02.2025	MV202504480	1324	46,3	4,370,592	9,108	66,628,949	1,278,512	18,839	1,070,578	95,267	177,408	8,189,271	41	302,824	47001	16	6,852,476	113	37,730,186	69,148	10,821,255	4,272,960	9	0	Americas	small	4	2	1
False	obj2607	train	0	55	W. Stone	Final Orbit 2025	Prime Story	26.05.2025	MV202504482	4073	52,2	2,737,935	151,121	22,792,670	2,039,515	66,075	825,584	375,260	1,382,077	16,534,360	292	123,652	97317	86	689,032	14	45,361,083	28,300	11,389,214	1,723,802	91	1	Americas	small	1	1	1
False	obj2608	train	0	93	W. Stone	Jade Frequency 2025	New Dawn	26.03.2025	MV202504430	3707	40,9	5,914,294	172,917	16,619,130	2,045,617	101,204	1,419,247	749,000	927,635	11,958,169	364	180,675	72232	213	8,889,888	176	36,938,544	52,673	11,953,389	3,666,777	91	0	Americas	small	4	2	1
False	obj2609	train	0	63	P. Singh	Nova Protocol 2025	Legacy Cycle	01.08.2025	MV202504431	2373	75,9	6,714,195	144,618	78,208,270	2,096,496	53,419	684,617	307,070	1,013,071	6,507,975	233	253,392	48711	41	4,366,132	137	47,041,816	47,104	16,406,446	3,024,582	56	0	Latin America	small	2	2	2
False	obj2610	train	0	84	J. Martinez	City of Glass 2025 2	Chronicles Saga	17.05.2025	MV202504433	2057	111,7	5,259,014	52,169	43,920,937	3,911,844	195,046	68,093	549,266	2,014,978	15,948,800	318	221,091	73113	281	6,062,812	108	48,283,407	33,570	17,364,736	1,148,298	60	1	Europe	large	4	2	4
False	obj2611	train	0	69	H. Andersson	Violet Engine 2025	Prime Story	19.05.2025	MV202504435	3309	29,6	4,413,206	132,164	5,460,990	2,017,841	75,633	691,492	1,016,397	1,567,524	3,206,799	355	425,917	58499	219	5,995,046	152	31,434,359	59,238	1,053,293	3,746,818	40	0	Asia-Pacific	large	3	2	0
False	obj2612	train	0	34	G. Murphy	Stone Butterfly	Origin Arc	06.06.2025	MV202504437	759	94,9	5,085,771	33,118	15,495,024	2,571,883	98,538	1,960,392	749,527	1,065,485	18,422,572	383	261,630	66707	7	3,510,949	194	19,917,054	96,614	9,053,356	633,645	8	0	Europe	medium	0	2	3
False	obj2613	train	0	30	C. Wright	Violet Engine 2025	Standalone	20.04.2025	MV202504447	1870	22	3,230,078	145,372	40,183,398	1,687,899	76,226	1,818,734	580,085	1,042,397	14,511,108	431	156,557	40528	189	7,017,224	172	32,873,216	41,557	3,267,226	2,887,658	82	0	Europe	small	0	1	0
False	obj2614	train	0	45	V. Popov	Jade Frequency	Origin Arc	10.12.2025	MV202504449	2891	77,5	2,179,085	14,113	47,745,277	827,027	11,331	1,824,446	456,157	785,295	12,880,576	181	491,020	50599	249	6,727,756	138	42,431,797	46,354	28,801,571	3,742,683	37	1	Latin America	large	1	0	2
False	obj2615	train	0	34	K. Olsen	Midnight Cartel	Prime Story	04.01.2025	MV202504452	2071	85,7	10,745,212	197,774	16,179,329	8,394,029	283,436	937,145	147,090	496,755	6,019,642	182	442,030	6615	113	5,378,386	33	39,790,552	28,118	22,747,326	3,806,328	52	1	Americas	large	0	3	3
False	obj2616	train	0	75	T. Kim	Blue Static	Prime Story	04.02.2025	MV202504455	2472	119,5	5,968,187	167,129	11,962,194	4,325,196	196,275	1,533,366	1,143,158	1,903,807	7,504,442	128	425,903	55112	192	8,212,131	2	31,291,326	56,257	9,663,148	3,304,830	82	1	Americas	small	3	2	4
False	obj2617	train	0	55	C. Wright	Lunar Cartography	Chronicles Saga	03.02.2025	MV202504467	4426	76,2	1,038,836	67,784	69,745,927	722,029	13,535	1,689,453	192,539	359,396	734,556	103	237,617	45944	82	5,604,424	136	11,000,661	54,659	21,495,252	2,068,451	49	1	Europe	small	1	0	2
False	obj2618	train	0	52	T. Kim	Northern Code	Dark Matter	16.08.2025	MV202504468	2017	72,2	12,879,631	119,496	63,160,735	5,423,097	64,278	1,985,877	1,976,807	3,938,853	17,611,606	72	94,155	76999	68	3,082,051	114	19,318,735	3,040	10,400,244	2,089,619	71	0	Americas	small	1	3	2
False	obj2619	train	0	33	C. Wright	City of Glass 2025	Prime Story	08.05.2025	MV202504469	1780	74	1,188,147	107,883	14,727,106	176,401	2,103	952,490	149,648	343,648	14,587,436	284	56,900	29914	206	2,233,414	68	11,447,388	95,245	23,541,262	4,254,218	91	0	Europe	small	0	0	2
False	obj2620	train	0	86	S. Patel	Nova Protocol 2025	New Dawn	11.09.2025	MV202504470	1058	49,6	5,050,978	3,622	19,824,477	445,864	5,206	1,607,235	968,353	3,648,747	2,686,360	489	83,273	58088	39	2,443,429	168	45,669,992	96,364	11,010,391	4,408,183	50	0	Europe	large	4	2	1
False	obj2621	train	0	67	G. Murphy	Final Orbit	Final Chapter	08.01.2025	MV202504471	4851	40,2	2,333,304	196,634	3,267,158	1,610,562	44,718	624,175	485,401	1,234,197	17,646,980	299	24,939	18252	154	1,893,997	62	16,617,482	12,334	5,179,477	3,298,983	84	0	Europe	medium	2	1	1
False	obj2622	train	0	38	F. Nguyen	Quantum Rain 2025	New Dawn	01.08.2025	MV202504472	1733	72,9	5,020,133	69,157	22,001,369	2,958,089	68,117	1,535,050	1,444,708	4,924,726	17,656,477	172	70,225	40733	271	8,997,864	180	33,216,816	43,191	1,163,271	3,356,706	46	0	Asia-Pacific	large	0	2	2
False	obj2623	train	0	85	I. Hassan	Paper Kingdom 2025	Universe Zero	22.11.2025	MV202504483	3473	68,7	24,373,116	198,783	52,634,674	13,865,821	567,300	867,917	3,040,210	6,778,874	12,749,807	333	176,653	46013	42	4,423,182	13	28,558,484	14,305	24,827,774	4,790,543	4	0	Americas	large	4	4	2
False	obj2624	train	0	80	T. Kim	Winter Echo	Open Sky	25.12.2025	MV202504486	3054	82,1	5,398,153	39,119	11,616,557	3,121,712	154,247	823,548	272,081	531,097	6,698,442	65	257,318	16467	63	2,062,910	128	48,188,048	79,579	25,701,800	417,262	7	1	Americas	small	3	2	3
False	obj2625	train	0	72	S. Patel	Red Meridian 2025 2	Prime Story	30.04.2025	MV202504490	2246	91,7	9,327,675	165,061	69,713,355	2,799,783	37,585	329,538	2,054,991	7,574,389	17,477,170	205	463,120	60858	171	1,041,915	68	36,217,918	32,542	28,898,662	201,720	68	1	Europe	large	3	3	3
False	obj2626	train	0	62	H. Andersson	Infinite Margin 2025	Universe Zero	10.08.2025	MV202504501	414	107,2	3,836,419	37,412	57,865,493	1,353,075	48,853	606,246	786,932	2,766,737	3,201,009	428	437,061	7064	138	7,610,139	20	44,796,426	16,573	7,357,324	3,567,522	92	0	Asia-Pacific	large	2	1	4
False	obj2627	train	0	67	W. Stone	Broken Compass 2025	Standalone	10.01.2025	MV202504503	72	41,7	10,732,649	9,665	28,030,656	2,508,937	29,109	1,286,017	531,862	671,009	8,248,778	451	85,201	45096	229	4,922,944	76	37,578,040	74,229	24,259,761	336,397	59	0	Americas	small	2	3	1
False	obj2628	train	0	71	F. Nguyen	Echo Chamber 2025	Chronicles Saga	12.10.2025	MV202504504	2598	100,6	7,274,206	114,200	54,016,340	1,237,821	27,398	1,687,267	374,417	836,290	643,498	477	324,470	75923	85	1,804,195	111	5,080,306	7,693	974,965	1,543,435	93	0	Asia-Pacific	large	3	3	4
False	obj2629	train	0	52	V. Popov	Violet Engine 2025	Origin Arc	17.09.2025	MV202504506	2499	79,6	43,221,946	2,450	63,147,115	22,614,065	441,324	1,409,605	12,274,033	32,430,536	5,498,899	311	210,225	89774	233	6,766,114	124	39,736,269	89,642	16,186,941	2,473,642	89	0	Latin America	large	1	4	3
False	obj2630	train	0	79	M. Chen	Desert Oracle 2025	Final Chapter	21.01.2025	MV202504507	2445	90,5	4,109,643	128,855	54,133,568	1,866,206	69,417	562,558	437,263	1,625,101	19,084,454	461	266,274	99414	68	7,614,978	53	3,770,330	82,218	14,709,321	2,176,102	48	1	Asia-Pacific	large	3	2	3
False	obj2631	train	0	58	B. Carter	Crystal Fault 2025	Prime Story	26.06.2025	MV202504508	2153	79,4	14,146,549	167,310	32,377,692	7,933,066	140,228	260,118	2,691,459	9,837,878	6,169,149	27	113,531	5809	57	8,598,094	199	21,056,752	14,470	23,442,647	4,570,230	87	1	Asia-Pacific	large	2	4	3
False	obj2632	train	0	55	P. Singh	Last Signal 2025	Chronicles Saga	25.08.2025	MV202504509	2987	30,1	2,214,580	110,580	34,577,825	207,060	2,680	115,223	33,646	48,250	9,772,170	20	367,780	16220	245	1,174,319	43	5,627,448	58,141	16,268,535	59,356	31	0	Latin America	small	1	1	0
False	obj2633	train	0	66	B. Carter	Solar Drift 2025	Prime Story	29.03.2025	MV202504519	752	30,5	6,191,368	162,408	78,600,676	965,343	25,384	1,257,793	87,479	125,990	19,337,429	88	42,630	32705	209	8,648,932	152	40,464,200	20,979	28,090,725	4,553,582	76	1	Asia-Pacific	large	2	2	0
False	obj2634	train	0	92	J. Martinez	Last Signal 2025	Final Chapter	17.02.2025	MV202504520	1259	109,1	773,639	113,213	22,513,365	516,820	20,780	824,880	125,222	337,958	15,016,559	259	357,347	20470	238	1,332,102	173	33,978,447	29,721	2,301,218	268,157	15	0	Europe	large	4	0	4
False	obj2635	train	0	68	V. Popov	Stone Butterfly 2025	Chronicles Saga	08.06.2025	MV202504525	3754	83,7	835,575	113,220	37,522,379	462,913	11,272	242,569	95,069	367,879	12,825,011	302	466,232	66135	154	9,227,689	67	23,146,298	41,210	13,262,085	1,192,755	16	0	Latin America	large	2	0	3
False	obj2636	train	0	36	P. Singh	Hollow Crown	Dark Matter	07.09.2025	MV202504526	1473	41,5	4,662,282	29,999	20,154,685	3,526,098	173,378	209,303	411,632	1,065,724	11,066,088	72	281,341	3486	64	4,799,130	151	23,068,769	61,525	13,946,240	298,529	48	1	Latin America	small	0	2	1
False	obj2637	train	0	54	J. Martinez	Red Meridian 2025	Standalone	16.12.2025	MV202504527	1908	35,7	17,633,711	106,496	75,000,102	11,801,014	313,271	1,584,062	2,031,923	2,906,935	11,917,633	215	232,443	31289	214	5,570,873	96	26,199,409	67,562	1,937,217	3,413,187	26	1	Europe	large	1	4	0
False	obj2638	train	0	73	W. Stone	Broken Compass 2025	Origin Arc	11.07.2025	MV202504537	776	49,7	7,050,455	167,742	76,497,945	4,968,828	141,059	1,846,222	801,976	1,859,229	5,810,146	186	239,297	32869	266	7,522,481	152	33,395,641	78,895	100,935	446,061	7	0	Americas	small	3	2	1
False	obj2639	train	0	46	H. Andersson	Frozen Ledger 2025	Final Chapter	20.08.2025	MV202504538	4241	42,2	3,072,404	56,450	27,931,485	1,070,877	51,644	1,185,373	205,829	712,553	3,677,460	32	181,488	31218	38	3,831,089	103	31,989,625	62,034	10,671,662	655,103	62	1	Asia-Pacific	large	1	1	1
False	obj2640	train	0	75	D. Rossi	Ghost Frequency 2025	Prime Story	21.01.2025	MV202504540	871	78,2	1,685,552	140,830	27,458,283	1,167,617	28,002	1,580,779	382,797	746,721	1,242,616	339	288,171	18880	187	6,587,114	15	24,627,903	76,652	10,436,486	4,242,906	55	0	Latin America	medium	3	0	2
False	obj2641	train	0	50	F. Nguyen	Kinetic Prayer 2025 2	Origin Arc	24.08.2025	MV202504542	2658	118,5	3,517,984	106,717	62,588,913	484,725	7,059	243,458	438,192	1,590,360	9,802,679	359	78,708	90863	79	1,773,862	81	12,145,880	97,016	28,725	2,273,372	40	0	Asia-Pacific	large	1	1	4
False	obj2642	train	0	57	S. Patel	Velvet Storm 2025	Final Chapter	15.10.2025	MV202504557	4941	18,5	3,361,676	13,523	66,231,228	1,539,626	46,559	391,791	333,956	864,864	11,746,564	237	402,678	33175	2	2,674,935	76	43,236,419	87,706	11,933,539	1,664,968	52	0	Europe	large	2	1	0
False	obj2643	train	0	77	M. Chen	Crimson Archive 2025	Universe Zero	21.12.2025	MV202504558	2469	45,1	1,379,603	65,514	30,099,436	118,849	2,733	1,704,961	271,678	680,571	8,548,991	80	279,745	43276	290	7,853,393	44	4,855,089	14,442	8,657,722	2,204,095	14	1	Asia-Pacific	large	3	0	1
False	obj2644	train	0	36	C. Wright	Winter Echo 2025	Final Chapter	21.09.2025	MV202504559	2639	35,3	416,421	55,004	17,310,583	45,253	1,667	849,913	73,195	192,307	15,974,276	84	120,014	25267	254	8,552,617	182	11,795,770	32,471	25,868,258	971,668	32	1	Europe	small	0	0	0
False	obj2645	train	0	78	P. Singh	Crimson Archive	Final Chapter	06.04.2025	MV202504561	3710	44,2	14,455,463	37,355	56,854,907	728,299	20,534	349,107	1,261,360	2,936,146	7,054,390	6	374,731	96920	238	1,571,686	42	36,016,868	69,766	16,313,716	2,612,707	73	1	Latin America	small	3	4	1
False	obj2646	train	0	63	M. Chen	Northern Code 2025	Prime Story	29.09.2025	MV202504563	2773	114,5	3,862,711	146,180	38,389,189	302,330	11,931	1,091,040	1,095,871	1,850,779	202,172	71	447,364	13793	261	5,329,539	153	46,066,458	33,834	7,231,790	3,819,625	58	0	Asia-Pacific	large	2	1	4
False	obj2647	train	0	53	D. Rossi	Feral Harmony 2025	Universe Zero	03.09.2025	MV202504493	4692	22,2	6,420,719	73,591	11,627,039	4,727,209	135,708	1,575,247	591,385	1,854,376	9,955,441	451	201,532	83775	167	3,726,058	26	13,554,989	23,394	19,408,245	617,092	23	1	Latin America	medium	1	2	0
False	obj2648	train	0	74	J. Martinez	Silver Transit 2025	Legacy Cycle	15.03.2025	MV202504495	2024	24,7	4,319,232	170,031	55,758,350	1,449,479	32,605	1,083,891	400,608	1,206,100	16,425,651	417	162,946	97488	114	9,185,278	19	12,220,690	15,986	26,091,796	2,056,870	46	0	Europe	large	3	2	0
False	obj2649	train	0	58	E. Brooks	Deep Current	Origin Arc	05.10.2025	MV202504497	898	91,7	27,760,257	5,359	49,476,808	16,633,668	378,793	798,447	3,892,219	14,866,309	2,528,737	122	95,467	56722	211	1,949,977	91	45,322,810	1,291	7,729,331	750,020	58	0	Americas	small	2	4	3
False	obj2650	train	0	68	R. Silva	Lunar Cartography	Dark Matter	18.08.2025	MV202504499	4454	29,4	24,507,492	65,185	56,387,946	8,788,608	345,373	261,136	2,734,898	10,401,751	17,047,037	81	213,153	42171	7	3,119,150	86	30,208,009	53,130	4,166,668	2,259,293	34	0	Latin America	large	2	4	0
False	obj2651	train	0	88	R. Silva	Infinite Margin	Prime Story	15.06.2025	MV202504510	4789	98,7	3,159,626	64,697	31,825,706	406,752	19,802	1,113,211	117,862	333,925	13,576,939	212	333,621	95965	78	3,825,819	157	6,751,631	6,528	14,584,702	3,218,970	40	0	Latin America	large	4	1	3
False	obj2652	train	0	86	T. Kim	Solar Drift 2025	Prime Story	17.07.2025	MV202504511	3292	21,2	26,318,699	128,350	50,284,430	2,071,670	64,905	1,148,359	1,510,623	5,944,584	10,107,029	155	202,355	18595	235	2,879,256	175	34,180,790	15,019	8,536,011	151,285	8	0	Americas	small	4	4	0
False	obj2653	train	0	35	A. Volkov	Burning Atlas 2025	Standalone	13.02.2025	MV202504513	751	103,2	45,470,433	36,943	2,999,446	13,377,048	626,187	155,373	2,656,129	7,410,535	17,895,423	17	16,295	72694	237	767,102	150	45,593,165	15,032	15,908,316	3,737,793	18	0	Americas	large	0	4	4
False	obj2654	train	0	82	M. Chen	Echo Chamber 2025	Universe Zero	06.07.2025	MV202504515	4947	15,6	19,370,837	140,393	28,234,215	4,082,390	127,251	561,001	5,142,716	7,969,056	208,592	43	106,634	15651	296	2,287,359	185	45,883,982	80,974	20,094,676	481,206	9	0	Asia-Pacific	large	4	4	0
False	obj2655	train	0	41	I. Hassan	Desert Oracle 2025 3	Chronicles Saga	19.09.2025	MV202504516	4206	96,8	4,549,837	194,603	36,511,251	578,433	26,383	872,256	466,869	796,854	16,118,120	25	311,557	47000	183	3,923,581	98	3,822,716	67,684	1,744,540	2,771,751	80	0	Americas	large	0	2	3
False	obj2656	train	0	70	J. Martinez	Northern Code 2025	Prime Story	07.01.2025	MV202504517	4279	74,9	13,500,357	91,156	43,254,795	5,353,015	56,583	1,077,937	3,972,286	8,926,320	842,744	52	219,065	30566	201	812,178	116	33,401,703	75,052	21,357,981	834,905	62	0	Europe	large	3	4	2
False	obj2657	train	0	90	S. Patel	Quantum Rain 4	Dark Matter	20.02.2025	MV202504518	979	63	8,207,000	173,102	48,881,668	2,527,454	123,744	684,913	2,417,860	8,970,127	5,288,897	191	477,093	15378	242	8,505,856	190	46,954,431	14,602	3,323,008	4,476,262	73	0	Europe	large	4	3	2
False	obj2658	train	0	67	D. Rossi	City of Glass 2025 3	Legacy Cycle	07.12.2025	MV202504528	645	28,5	6,713,210	80,774	28,226,428	3,438,868	73,695	1,555,436	657,619	1,103,360	7,311,521	308	23,914	58644	273	5,876,327	77	40,541,493	19,860	21,653,575	4,843,011	18	0	Latin America	medium	2	2	0
False	obj2659	train	0	90	Z. Ali	Electric Mirage 2025 4	Final Chapter	02.02.2025	MV202504529	4552	55,7	2,662,914	153,715	34,591,298	663,601	13,961	642,733	424,276	517,642	660,306	343	396,263	41291	185	3,999,471	102	12,414,417	61,613	17,257,465	562,443	27	0	Latin America	small	4	1	1
False	obj2660	train	0	74	W. Stone	City of Glass 4	Universe Zero	05.10.2025	MV202504531	4581	25,5	5,796,644	135,605	25,042,805	2,994,108	57,110	1,642,993	592,223	1,977,621	15,332,157	77	44,000	62614	255	5,558,336	169	37,502,980	56,506	16,387,511	2,914,930	59	0	Americas	small	3	2	0
False	obj2661	train	0	54	Y. Tanaka	Crimson Archive 2025 2	Prime Story	28.11.2025	MV202504532	4323	44,8	2,859,748	159,900	26,485,150	598,828	24,778	646,122	122,201	176,234	14,972,528	221	112,871	4136	167	9,798,459	103	25,905,072	40,935	18,165,262	852,045	18	0	Asia-Pacific	medium	1	1	1
False	obj2662	train	0	63	M. Chen	Ocean of Stars 2025	Dark Matter	27.12.2025	MV202504535	3968	87,7	5,562,213	172,908	70,315,669	1,580,742	64,303	1,340,891	915,353	2,176,011	14,819,245	490	57,832	19828	268	5,166,198	90	18,857,412	97,144	3,030,031	1,276,919	54	0	Asia-Pacific	large	2	2	3
False	obj2663	train	0	45	J. Martinez	Ghost Frequency 2025	Final Chapter	17.02.2025	MV202504547	617	32,1	4,455,516	180,017	75,408,716	523,193	13,937	119,211	383,524	640,245	14,754,651	497	169,147	62509	173	7,349,153	31	40,295,732	86,554	14,988,162	3,716,542	21	0	Europe	large	1	2	0
False	obj2664	train	0	77	W. Stone	Arctic Pulse 2025	Open Sky	11.01.2025	MV202504548	3017	97,7	15,693,800	140,798	29,428,440	3,985,132	56,183	794,306	2,987,693	5,379,757	5,297,827	333	275,898	85717	272	6,236,583	70	22,341,427	70,573	190,688	1,024,924	7	0	Americas	small	3	4	3
False	obj2665	train	0	87	Z. Ali	Crystal Fault 4	New Dawn	03.02.2025	MV202504549	2437	60,3	5,165,188	19,165	58,010,589	3,009,451	73,414	46,616	1,500,004	4,378,320	15,729,004	171	370,193	1190	175	747,247	43	48,125,110	82,007	13,902,738	3,877,826	75	1	Latin America	small	4	2	2
False	obj2666	train	0	59	C. Wright	City of Glass 2025	Prime Story	26.04.2025	MV202504552	1139	84,7	11,287,419	171,287	78,008,903	1,803,734	51,905	1,792,729	3,051,637	5,084,086	16,497,479	331	485,749	89802	116	534,208	131	9,955,281	1,588	28,584,636	3,393,355	39	0	Europe	small	2	3	3
False	obj2667	train	0	30	V. Popov	Shadow Circuit	Dark Matter	12.09.2025	MV202504554	1966	24,3	3,224,313	106,386	33,061,183	2,215,911	56,773	1,493,803	267,274	974,195	10,744,362	27	384,235	32087	79	6,580,417	164	11,063,917	84,087	5,112,734	2,494,229	6	0	Latin America	large	0	1	0
False	obj2668	train	0	85	F. Nguyen	White Noise	New Dawn	06.04.2025	MV202504566	4230	97,4	73,580,367	63,488	66,427,007	49,493,857	2,199,049	1,507,105	10,940,612	39,415,969	12,623,483	228	312,135	58029	166	2,720,508	67	4,630,798	53,657	19,036,801	179,170	29	0	Asia-Pacific	large	4	4	3
False	obj2669	train	0	71	N. Fischer	Ocean of Stars 2025	Standalone	15.05.2025	MV202504569	4288	112,4	2,973,778	118,688	27,233,568	1,612,217	70,276	1,917,399	596,053	1,594,140	1,426,577	0	213,838	17465	148	2,113,364	87	45,303,317	25,465	6,786,046	462,912	28	1	Europe	small	3	1	4
False	obj2670	train	0	69	V. Popov	Solar Drift 2025	New Dawn	14.10.2025	MV202504572	2834	51,2	13,742,489	51,145	78,394,757	1,475,804	34,274	142,048	2,342,867	5,304,145	19,181,258	96	280,830	1136	295	5,067,092	96	4,650,524	65,835	3,034,287	4,782,588	96	0	Latin America	large	3	4	1
False	obj2671	train	0	32	Z. Ali	City of Glass	Open Sky	24.06.2025	MV202504583	260	83,5	3,665,364	23,606	76,273,511	588,774	16,749	965,025	81,715	308,403	17,019,562	451	271,341	7571	98	3,545,794	151	41,917,331	91,948	1,656,473	2,280,045	27	0	Latin America	small	0	1	3
False	obj2672	train	0	45	Z. Ali	Burning Atlas 2025	Dark Matter	30.08.2025	MV202504584	92	22,5	3,638,694	139,622	77,741,289	1,162,265	50,568	1,641,222	664,143	2,224,368	10,308,300	282	85,299	758	281	4,274,976	37	5,317,962	47,073	23,991,294	4,936,658	31	0	Latin America	small	1	1	0
False	obj2673	train	0	35	P. Singh	Silent Protocol	Prime Story	10.06.2025	MV202504586	4888	111,7	14,046,193	148,642	22,685,787	6,236,211	192,828	656,209	1,877,469	4,205,725	11,981,904	139	345,931	54231	265	2,373,113	112	38,017,600	53,671	10,735,073	1,090,710	94	1	Latin America	small	0	4	4
False	obj2674	train	0	37	F. Nguyen	Neon Horizon 2025	Legacy Cycle	26.09.2025	MV202504587	1443	25,9	2,705,818	198,037	36,326,020	1,246,926	29,250	965,108	485,373	832,542	3,261,268	407	86,933	62969	133	9,823,780	130	5,896,677	47,995	9,714,834	4,204,651	25	0	Asia-Pacific	large	0	1	0
False	obj2675	train	0	39	J. Martinez	Blue Static 2025 2	Legacy Cycle	26.04.2025	MV202504600	4255	114,6	25,456,780	134,796	31,457,681	4,137,416	100,642	857,678	1,884,520	5,889,755	16,974,002	111	362,390	54069	299	9,376,511	42	20,902,495	40,596	11,735,219	315,508	28	1	Europe	large	0	4	4
False	obj2676	train	0	59	P. Singh	Carbon Dreams 2025	Open Sky	18.05.2025	MV202504573	4081	88,1	2,610,332	81,048	72,987,755	822,094	31,998	921,774	200,049	569,442	6,437,858	408	30,640	23109	241	5,790,392	89	32,253,742	47,053	17,282,994	919,242	4	0	Latin America	small	2	1	3
False	obj2677	train	0	86	M. Chen	Echo Chamber 2025	Open Sky	04.05.2025	MV202504576	4260	88,7	773,814	163,771	54,856,240	562,751	27,694	984,315	145,152	545,800	436,183	282	146,519	47512	87	7,016,612	20	5,645,885	46,512	26,225,578	626,620	36	0	Asia-Pacific	large	4	0	3
False	obj2678	train	0	38	Z. Ali	Burning Atlas 2025	Prime Story	27.05.2025	MV202504578	1424	75,8	2,791,677	113,209	2,668,411	580,330	28,102	1,834,325	180,632	532,609	12,912,172	2	7,051	12973	0	8,156,114	67	11,681,619	93,823	9,242,963	3,057,482	4	0	Latin America	small	0	1	2
False	obj2679	train	0	46	Y. Tanaka	Lunar Cartography	Open Sky	21.05.2025	MV202504580	4032	117,6	2,258,911	40,488	24,518,341	778,912	13,092	1,086,639	232,244	729,641	15,022,974	21	359,839	71420	154	1,565,527	140	40,120,888	71,679	14,817,213	4,912,666	16	1	Asia-Pacific	medium	1	1	4
False	obj2680	train	0	46	L. Nakamura	Paper Kingdom	Chronicles Saga	15.06.2025	MV202504581	2739	75,1	14,713,954	23,146	33,633,490	4,306,923	184,121	1,996,903	3,976,716	7,796,307	19,804,513	476	399,319	72987	239	4,929,694	100	10,873,061	56,140	6,790,322	3,788,872	46	0	Americas	small	1	4	2
False	obj2681	train	0	82	E. Brooks	Thunder Archive	Dark Matter	28.07.2025	MV202504594	2645	70,7	55,019,181	18,942	56,918,428	9,963,116	193,176	1,342,979	2,738,217	3,621,320	4,428,508	120	117,707	84142	4	8,592,029	108	24,590,943	14,616	12,363,423	4,821,092	93	0	Americas	small	4	4	2
False	obj2682	train	0	80	E. Brooks	Final Orbit 2025 3	Prime Story	25.09.2025	MV202504595	2290	88,9	2,259,493	179,189	65,742,943	1,065,170	42,724	1,328,219	251,179	502,539	13,815,384	105	226,805	161	263	2,102,345	198	49,876,475	84,953	4,688,974	4,196,242	73	0	Americas	small	3	1	3
False	obj2683	train	0	59	R. Silva	Iron Garden	New Dawn	20.05.2025	MV202504599	741	22,9	4,843,600	154,073	17,858,913	943,258	34,500	1,786,454	954,512	3,016,484	13,876,067	8	325,404	24801	288	783,953	192	28,096,775	1,610	29,162,836	2,726,281	66	0	Latin America	large	2	2	0
True	obj2684	test	0	82	G. Murphy	Ghost Frequency 2025	New Dawn	02.02.2025	MV202500004	2060	31	5,126,309	194,218	68,863,768	1,735,642	18,153	1,441,471	937,128	2,913,333	10,739,406	133	320,480	11155	130	4,537,237	190	43,792,647	26,338	15,017,583	893,259	91	0	Europe	medium	4	2	0
True	obj2685	test	0	70	J. Martinez	Final Orbit 2025	Chronicles Saga	11.07.2025	MV202500006	1841	36,1	1,655,315	12,898	1,692,530	626,660	20,151	1,176,921	265,010	323,347	14,156,818	29	33,700	3141	99	5,141,561	55	24,270,724	53,923	21,700,576	4,411,915	57	1	Europe	large	3	0	0
True	obj2686	test	0	56	K. Olsen	Winter Echo 2025	Prime Story	26.10.2025	MV202500009	2574	75,8	240,602	47,813	31,668,909	114,026	4,203	600,064	24,480	51,048	15,037,289	36	229,142	99845	298	732,607	42	13,260,020	93,325	26,425,925	4,396,351	36	1	Americas	large	1	0	2
True	obj2687	test	0	44	M. Chen	White Noise 2025	Prime Story	01.03.2025	MV202500013	3573	91,5	3,280,825	438	74,046,757	1,111,860	35,065	1,438,888	581,396	1,905,502	13,412,570	182	34,986	66423	99	3,139,156	169	35,987,713	30,032	9,278,539	2,041,964	40	0	Asia-Pacific	large	1	1	3
True	obj2688	test	0	82	S. Patel	Jade Frequency	New Dawn	24.09.2025	MV202500016	2341	62,3	4,773,619	46,975	26,874,444	1,973,642	90,237	161,247	378,936	614,757	7,660,705	76	106,976	41486	99	4,659,243	12	41,644,558	38,947	23,093,873	4,730,310	1	0	Europe	large	4	2	2
True	obj2689	test	0	55	V. Popov	Violet Engine 2025	Prime Story	25.09.2025	MV202500023	3513	58,7	1,902,695	61,145	49,685,975	637,942	21,935	1,480,204	520,322	2,004,932	4,155,758	105	330,214	15705	52	750,648	0	22,525,185	59,381	8,737,778	1,157,381	70	0	Latin America	large	1	0	1
True	obj2690	test	0	38	W. Stone	City of Glass 2025	Final Chapter	18.06.2025	MV202500037	422	28,7	3,258,169	193,682	48,036,803	1,800,170	43,322	1,155,879	420,742	755,513	13,134,726	112	54,109	84537	110	7,626,056	114	40,361,068	84,515	29,236,398	4,092,134	61	0	Americas	small	0	1	0
True	obj2691	test	0	40	T. Kim	Solar Drift 2025 2	Chronicles Saga	13.09.2025	MV202500051	2133	83,2	7,249,623	140,837	17,173,488	3,177,574	109,547	1,387,991	1,993,119	7,964,823	4,003,566	67	37,026	17265	214	9,972,624	162	48,378,061	98,657	20,035,193	3,547,702	54	0	Americas	small	0	3	3
True	obj2692	test	0	68	F. Nguyen	Iron Garden 2025	Legacy Cycle	04.03.2025	MV202500052	216	88,5	3,443,257	72,243	45,786,469	2,716,211	77,945	1,966,025	825,345	1,290,310	17,684,928	32	199,079	71693	143	4,107,951	81	28,745,025	12,532	9,510,830	370,825	46	0	Asia-Pacific	large	2	1	3
True	obj2693	test	0	69	A. Volkov	Arctic Pulse	Legacy Cycle	17.01.2025	MV202500058	3613	96,3	4,987,534	62,807	12,122,986	2,391,161	89,955	820,813	1,063,098	3,582,557	18,410,418	436	367,918	6228	41	2,073,417	65	33,111,339	52,547	9,412,577	865,912	91	0	Americas	large	2	2	3
True	obj2694	test	0	63	B. Carter	Neon Horizon 2025	Open Sky	18.10.2025	MV202500062	3322	90,5	1,642,440	165,415	41,227,299	912,869	12,295	1,338,544	108,428	186,212	2,812,237	161	124,023	26078	70	7,537,566	190	15,097,291	72,288	343,072	3,268,416	69	1	Asia-Pacific	large	2	0	3
True	obj2695	test	0	89	R. Silva	Jade Frequency 2025	Origin Arc	25.11.2025	MV202500070	1147	50,4	1,852,767	144,090	39,070,422	1,120,359	52,293	1,084,319	266,132	797,615	1,174,641	16	423,348	94518	200	7,643,388	82	42,127,235	23,143	21,215,086	45,707	50	0	Latin America	large	4	0	1
True	obj2696	test	0	69	S. Patel	Red Meridian 2025	Chronicles Saga	20.03.2025	MV202500074	43	23,6	16,328,300	188,597	35,584,421	9,874,400	399,457	204,552	1,662,819	2,401,829	8,619,590	278	256,220	10329	26	5,542,198	119	39,221,936	86,371	370,218	2,069,050	77	0	Europe	large	2	4	0
True	obj2697	test	0	51	L. Nakamura	Crystal Fault	Dark Matter	26.08.2025	MV202500078	2826	76	2,125,617	199,540	38,626,859	1,337,558	29,181	1,841,103	384,080	553,226	16,626,354	365	174,164	34306	235	5,211,148	69	4,881,151	72,199	13,573,415	335,871	4	0	Americas	small	1	0	2
True	obj2698	test	0	38	A. Volkov	Ghost Frequency	Open Sky	26.07.2025	MV202500105	1424	20,9	5,072,524	38,633	66,636,065	769,691	33,465	499,055	1,303,007	3,228,924	18,360,621	352	136,988	82350	151	6,354,098	24	1,528,159	37,246	17,821,307	887,918	87	0	Americas	large	0	2	0
True	obj2699	test	0	85	J. Martinez	Feral Harmony 2	Legacy Cycle	25.03.2025	MV202500106	1845	93,6	3,840,312	135,571	21,533,995	2,651,220	69,939	40,202	906,892	3,069,693	15,351,454	4	455,757	64737	180	84,637	50	40,254,278	30,545	29,010,733	3,213,701	42	0	Europe	large	4	1	3
True	obj2700	test	0	67	N. Fischer	Arctic Pulse	Standalone	26.12.2025	MV202500112	3448	58,8	7,243,613	132,366	53,002,012	1,194,075	24,835	1,211,308	1,532,789	2,428,026	16,613,054	52	359,383	11773	34	1,062,637	39	9,987,469	26,299	15,694,383	1,008,365	70	0	Europe	small	2	3	1
True	obj2701	test	0	88	F. Nguyen	Thunder Archive	Universe Zero	23.08.2025	MV202500118	36	102,9	1,522,529	106,119	3,895,242	828,016	39,258	1,677,648	437,415	1,116,374	10,166,657	460	88,601	57855	219	1,283,817	77	30,027,301	88,269	15,123,303	1,923,313	97	0	Asia-Pacific	large	4	0	4
True	obj2702	test	0	86	T. Kim	Binary Sunset 3	Final Chapter	15.07.2025	MV202500123	4426	79,4	9,579,220	144,822	1,986,211	7,059,399	216,545	1,541,011	2,720,943	7,183,467	10,174,711	243	148,216	65152	96	823,454	19	48,581,438	77,331	15,996,174	3,134,665	21	0	Americas	small	4	3	3
True	obj2703	test	0	89	F. Nguyen	Kinetic Prayer 2025	Prime Story	23.12.2025	MV202500133	1905	65,6	10,356,590	182,026	6,714,568	4,992,814	169,414	1,087,507	1,381,485	2,655,012	109,389	371	3,557	52254	155	3,750,298	41	40,214,357	40,884	3,197,496	2,130,357	58	0	Asia-Pacific	large	4	3	2
True	obj2704	test	0	30	Y. Tanaka	Blue Static 2025	New Dawn	04.04.2025	MV202500145	3710	93	33,953,322	54,499	49,824,074	5,176,795	90,653	38,888	1,426,152	1,909,574	10,699,415	92	51,136	26919	214	7,271,070	46	7,534,184	49,357	10,257,385	1,557,883	79	0	Asia-Pacific	medium	0	4	3
True	obj2705	test	0	50	H. Andersson	Silent Protocol 2025	Dark Matter	14.11.2025	MV202500149	1556	92	3,661,127	104,861	39,808,957	838,727	26,888	1,226,117	802,120	1,687,083	12,818,078	55	261,600	6667	250	1,297,742	174	10,103,951	48,537	2,962,607	2,855,060	83	0	Asia-Pacific	large	1	1	3
True	obj2706	test	0	55	E. Brooks	Infinite Margin	Final Chapter	03.07.2025	MV202500151	1367	73,6	66,803,250	158,513	44,001,737	37,133,884	1,120,986	1,315,098	14,278,501	38,479,436	11,998,314	466	451,242	55008	299	8,448,540	82	31,662,041	82,615	9,703,527	1,203,612	54	0	Americas	small	1	4	2
True	obj2707	test	0	42	Q. Jensen	Iron Garden 2025	Origin Arc	14.04.2025	MV202500162	1344	62,3	8,268,747	143,703	9,892,301	5,886,614	85,747	898,851	298,932	662,505	10,476,346	192	395,533	51166	284	3,786,786	76	38,413,016	91,225	16,964,747	3,297,651	15	0	Americas	medium	0	3	2
True	obj2708	test	0	42	A. Volkov	Kinetic Prayer 2025	Legacy Cycle	03.04.2025	MV202500163	2074	47,5	657,021	2,540	39,815,232	90,777	2,718	1,614,928	31,639	91,827	9,869,335	108	329,735	45373	132	6,012,165	1	44,108,393	27,811	18,859,062	4,100,606	20	1	Americas	large	0	0	1
True	obj2709	test	0	85	N. Fischer	Hyperion Rise 2025	Open Sky	09.12.2025	MV202500176	433	24,3	5,016,364	180,726	42,807,310	544,583	5,680	908,124	972,017	3,632,383	11,479,306	165	176,457	97776	88	1,675,081	139	29,881,825	30,407	23,550,646	1,302,215	62	0	Europe	small	4	2	0
True	obj2710	test	0	90	R. Silva	Glass Reactor 2025 4	Open Sky	08.03.2025	MV202500180	909	82	32,477,949	139,161	20,274,325	10,781,666	309,199	1,872,370	7,519,254	22,471,932	18,453,907	138	213,491	90339	230	3,234,041	32	3,699,853	77,710	11,483,970	1,663,273	6	0	Latin America	large	4	4	3
True	obj2711	test	0	80	O. Dubois	Last Signal 2025 4	Origin Arc	04.09.2025	MV202500182	2481	97	5,224,195	80,182	50,585,479	736,103	35,592	181,424	863,236	2,328,107	19,218,510	40	229,819	76650	194	1,766,183	7	19,208,183	19,100	20,876,468	4,482,303	63	0	Latin America	large	3	2	3
True	obj2712	test	0	67	D. Rossi	Winter Echo	Legacy Cycle	07.06.2025	MV202500195	2928	91,8	21,343,890	18,586	4,412,140	1,464,120	52,199	1,166,904	4,035,732	7,353,115	18,713,301	138	11,274	53841	133	6,715,577	17	25,589,376	19,445	9,532,734	3,025,389	94	0	Latin America	medium	2	4	3
True	obj2713	test	0	33	J. Martinez	Burning Atlas 2025	Chronicles Saga	25.06.2025	MV202500200	1055	53,1	25,018,651	171,377	11,397,323	4,482,225	85,444	250,775	2,460,795	3,850,187	1,572,099	345	392,014	7773	232	7,573,340	8	5,390,869	79,305	15,404,375	296,326	11	0	Europe	large	0	4	1
True	obj2714	test	0	53	D. Rossi	Jade Frequency	Final Chapter	02.03.2025	MV202500205	3766	16,9	8,205,773	7,292	14,157,765	2,771,273	100,809	1,558,787	830,606	3,054,271	3,282,884	215	156,229	38908	229	5,688,552	98	27,689,194	53,939	14,094,551	2,811,277	15	1	Latin America	medium	1	3	0
True	obj2715	test	0	44	C. Wright	Aurora Debt	Prime Story	25.08.2025	MV202500209	3361	74,4	13,731,716	63,798	66,418,848	2,208,166	27,772	407,195	736,529	1,734,398	16,474,214	323	128,223	60123	121	1,135,585	38	12,279,330	82,722	13,924,791	2,799,125	43	0	Europe	small	1	4	2
True	obj2716	test	0	77	O. Dubois	Iron Garden 2025 4	Chronicles Saga	06.09.2025	MV202500210	4929	84,2	2,136,891	59,666	5,095,899	1,360,505	65,581	1,793,556	55,655	171,455	17,714,387	198	419,905	84275	70	5,709,733	100	6,032,130	66,421	17,412,592	3,875,579	52	0	Latin America	large	3	0	3
True	obj2717	test	0	64	Z. Ali	Feral Harmony 2025	Origin Arc	10.05.2025	MV202500212	1000	113,8	18,993,392	107,028	18,918,187	8,823,302	244,371	15,831	1,893,410	7,365,543	18,550,148	458	150,444	93632	227	2,974,229	171	8,011,361	43,884	9,515,530	4,061,238	64	0	Latin America	small	2	4	4
True	obj2718	test	0	48	L. Nakamura	Blue Static 2025 2	Open Sky	02.12.2025	MV202500219	1732	81	4,169,308	172,669	64,126,621	2,154,588	45,931	1,596,314	589,538	1,935,241	10,943,124	301	46,275	25516	72	7,708,774	79	1,025,601	20,822	11,655,087	2,011,981	64	0	Americas	small	1	2	3
True	obj2719	test	0	70	E. Brooks	Jade Frequency 2025	Universe Zero	20.02.2025	MV202500227	1654	89,4	2,255,952	87,877	33,265,829	373,860	15,239	490,707	260,525	902,877	6,826,401	252	42,616	37243	226	3,606,434	132	7,580,560	75,350	12,651,666	1,140,910	80	0	Americas	small	3	1	3
True	obj2720	test	0	52	P. Singh	Lunar Cartography 2025	New Dawn	16.02.2025	MV202500253	2437	110,6	2,006,454	78,278	65,876,134	533,584	23,474	830,164	532,690	907,074	12,354,730	216	192,332	65908	209	955,341	139	2,183,223	88,554	4,737,966	4,412,779	53	0	Latin America	small	1	0	4
True	obj2721	test	0	34	F. Nguyen	Velvet Storm	Origin Arc	07.01.2025	MV202500261	3315	90,1	6,755,587	185,145	75,223,395	4,703,518	229,624	746,352	1,498,435	3,852,091	12,820,974	294	204,393	3882	276	3,848,260	113	9,711,410	43,629	7,657,752	4,565,429	72	0	Asia-Pacific	large	0	2	3
True	obj2722	test	0	53	Z. Ali	Lunar Cartography 2025	Chronicles Saga	30.06.2025	MV202500274	367	29,7	15,880,330	47,496	15,054,011	8,013,676	176,207	1,665,272	2,510,222	9,741,629	12,042,887	108	179,532	12849	186	743,596	50	19,089,115	90,365	12,001,781	416,270	25	0	Latin America	small	1	4	0
True	obj2723	test	0	34	P. Singh	Aurora Debt 2025	Final Chapter	21.03.2025	MV202500288	1216	36,4	1,994,572	180,443	7,504,348	766,996	13,238	370,137	442,087	1,597,961	3,777,198	245	364,739	64756	6	1,629,186	35	19,709,866	60,782	2,083,623	360,243	24	0	Latin America	small	0	0	0
True	obj2724	test	0	74	L. Nakamura	Obsidian Heart 2025	New Dawn	30.11.2025	MV202500297	2778	31,9	28,862,072	58,239	49,881,426	12,770,465	607,946	80,121	6,722,106	21,482,069	13,657,469	119	498,504	60687	287	5,669,008	198	4,870,302	1,494	22,989,519	1,547,711	86	0	Americas	small	3	4	0
True	obj2725	test	0	45	T. Kim	Echo Chamber	New Dawn	06.07.2025	MV202500298	3877	32,8	23,868,384	195,698	61,054,078	7,519,170	208,144	1,848,329	731,060	2,801,072	19,433,612	244	181,736	28662	122	6,196,835	136	22,041,383	51,247	18,738,957	1,568,227	8	0	Americas	small	1	4	0
True	obj2726	test	0	31	H. Andersson	Stone Butterfly 2025	Open Sky	24.03.2025	MV202500301	82	35,9	135,767	112,225	71,503,405	105,109	1,885	1,445,475	18,554	52,318	2,892,344	332	411,751	73435	247	7,331,266	2	44,825,055	93,381	14,983,370	1,582,039	79	0	Asia-Pacific	large	0	0	0
True	obj2727	test	0	93	C. Wright	Broken Compass 2025	Legacy Cycle	24.10.2025	MV202500302	4474	114	1,075,431	154,899	48,079,459	132,368	2,468	419,605	78,937	136,975	13,592,564	477	185,128	36379	90	3,069,654	163	6,237,267	49,913	29,971,445	2,070,268	35	0	Europe	small	4	0	4
True	obj2728	test	0	54	E. Brooks	Digital Saints 2025	Open Sky	19.12.2025	MV202500303	718	32,1	4,761,376	161,207	8,313,925	2,667,377	95,985	1,232,559	923,188	2,170,953	9,928,098	375	463,614	9970	133	5,812,335	6	14,495,222	42,064	6,686,381	2,273,149	38	1	Americas	small	1	2	0
True	obj2729	test	0	35	R. Silva	Stone Butterfly 2025	Legacy Cycle	22.10.2025	MV202500339	3720	27,4	14,298,284	3,200	9,671,899	6,014,575	123,509	1,109,202	3,797,881	14,448,470	14,857,079	63	17,037	43141	207	9,899,334	26	43,343,999	91,862	27,127,811	1,771,838	40	0	Latin America	large	0	4	0
True	obj2730	test	0	45	Q. Jensen	Digital Saints	Final Chapter	13.06.2025	MV202500345	1050	41	12,713,056	154,758	38,704,261	6,934,459	292,556	978,399	1,408,578	3,315,240	4,697,200	145	253,743	88981	234	608,032	154	13,080,262	31,761	11,741,351	2,209,757	39	0	Americas	medium	1	3	1
True	obj2731	test	0	60	G. Murphy	Carbon Dreams	Origin Arc	17.12.2025	MV202500351	4953	54	10,834,249	50,322	37,035,784	2,203,105	104,533	1,854,166	2,037,488	6,553,304	17,047,923	67	262,189	82940	2	4,163,029	30	3,352,400	97,697	9,355,215	938,372	69	0	Europe	medium	2	3	1
True	obj2732	test	0	39	R. Silva	Blue Static	Legacy Cycle	26.04.2025	MV202500358	2417	45,1	10,341,424	51,944	35,173,469	6,995,522	95,814	710,370	921,543	2,044,090	15,447,410	261	414,750	68703	51	9,496,651	117	7,785,211	56,871	29,812,669	2,169,266	64	0	Latin America	large	0	3	1
True	obj2733	test	0	69	S. Patel	Last Signal	Open Sky	09.06.2025	MV202500392	486	46,5	5,049,134	151,058	11,232,858	1,042,979	30,493	320,589	1,124,460	4,409,981	19,529,101	489	195,619	15944	125	5,914,164	49	17,520,366	22,630	28,471,502	702,201	40	0	Europe	large	2	2	1
True	obj2734	test	0	92	Q. Jensen	Stone Butterfly 2025 3	Final Chapter	07.10.2025	MV202500427	1270	50,5	702,084	109,664	7,167,003	67,830	1,240	318,205	91,792	306,194	17,373,301	113	28,257	68352	7	6,429,025	139	23,934,661	4,217	22,755,832	4,749,830	95	1	Americas	medium	4	0	1
True	obj2735	test	0	62	M. Chen	Obsidian Heart 2025	Chronicles Saga	09.12.2025	MV202500428	1640	56,6	3,090,179	117,974	16,714,840	1,811,019	60,324	14,404	402,749	1,274,743	11,631,664	184	449,289	16417	63	5,362,299	183	37,212,694	28,141	16,687,881	2,554,398	15	1	Asia-Pacific	large	2	1	1
True	obj2736	test	0	34	H. Andersson	Ocean of Stars 2025	Dark Matter	17.08.2025	MV202500429	1677	42,3	7,312,930	37,047	3,342,390	3,674,936	155,028	1,485,652	1,454,603	5,306,182	4,002,852	285	373,636	83292	202	8,866,521	163	18,046,916	5,436	18,783,529	2,834,232	88	0	Asia-Pacific	large	0	3	1
True	obj2737	test	0	53	R. Silva	Frozen Ledger 2025	Origin Arc	30.05.2025	MV202500444	4072	48,7	9,369,505	75,062	31,336,502	4,955,967	191,705	1,864,974	652,706	1,622,249	6,827,988	127	36,025	12442	112	5,506,834	78	3,327,320	81,199	7,644,325	2,475,278	93	0	Latin America	large	1	3	1
True	obj2738	test	0	39	Y. Tanaka	Midnight Cartel 2025	Final Chapter	16.08.2025	MV202500447	3115	37,4	7,845,416	4,703	61,206,816	2,996,130	54,544	1,346,654	1,760,179	4,264,246	17,502,934	171	10,357	50755	116	4,421,894	41	7,225,786	7,735	25,108,192	3,416,392	16	0	Asia-Pacific	medium	0	3	0
True	obj2739	test	0	39	J. Martinez	Parallel Lines 2025	Chronicles Saga	29.09.2025	MV202500482	3384	81,9	78,404,210	29,939	21,560,048	12,738,250	243,476	643,348	9,372,371	28,601,729	7,324,212	410	392,569	37532	12	7,142,881	125	2,651,836	20,791	12,305,503	4,280,128	55	0	Europe	large	0	4	3
True	obj2740	test	0	89	E. Brooks	Iron Garden 2	Dark Matter	04.03.2025	MV202500483	4554	112,1	10,276,291	183,055	59,083,111	7,182,495	146,984	1,466,596	856,183	3,333,998	12,875,548	273	236,820	88045	74	1,938,562	143	9,384,200	64,774	11,991,261	1,211,135	67	1	Americas	small	4	3	4
True	obj2741	test	0	62	G. Murphy	Echo Chamber	Legacy Cycle	17.04.2025	MV202500486	2112	119,3	3,522,690	117,465	70,679,585	2,738,183	40,763	1,456,929	876,945	3,033,154	16,118,959	45	355,652	45474	139	8,785,965	24	2,416,516	97,559	7,232,889	457,093	67	0	Europe	medium	2	1	4
True	obj2742	test	0	59	E. Brooks	Burning Atlas 2025	Origin Arc	31.12.2025	MV202500364	1466	99,3	1,552,234	196,148	42,541,613	467,684	11,850	1,349,470	256,362	415,584	6,742,313	467	295,076	19761	243	7,276,287	90	2,427,179	28,171	3,646,543	2,448,107	36	0	Americas	small	2	0	3
True	obj2743	test	0	71	A. Volkov	Last Signal	Final Chapter	21.08.2025	MV202500383	3289	83,3	2,496,783	114,990	518,252	1,113,029	48,003	37,841	526,446	963,735	8,542,992	129	111,444	67453	97	4,577,533	133	38,496,391	57,443	10,639,359	4,401,558	86	1	Americas	large	3	1	3
True	obj2744	test	0	80	M. Chen	Silent Protocol 2025	Final Chapter	29.08.2025	MV202500387	4420	80,3	4,032,686	75,469	47,884,613	305,141	9,461	316,429	1,060,145	1,316,517	17,943,773	46	494,095	11241	142	9,833,687	171	26,836,360	13,440	18,098,132	3,184,276	31	0	Asia-Pacific	large	3	1	3
True	obj2745	test	0	32	M. Chen	Obsidian Heart 2025 4	Open Sky	15.12.2025	MV202500401	2936	39,4	1,647,530	117,530	61,971,927	807,543	10,369	127,351	428,675	1,010,983	3,224,144	97	489,890	77373	296	8,357,394	5	46,441,308	72,866	9,953,703	470,807	40	0	Asia-Pacific	large	0	0	1
True	obj2746	test	0	49	E. Brooks	Binary Sunset 2025	New Dawn	04.12.2025	MV202500404	4543	78,4	7,646,097	13,186	19,705,311	3,524,738	55,180	1,920,778	938,675	2,416,291	15,881,079	20	29,312	98234	144	8,436,013	131	37,730,576	59,113	25,433,224	454,767	65	0	Americas	small	1	3	2
True	obj2747	test	0	65	I. Hassan	City of Glass 2025	Universe Zero	10.02.2025	MV202500419	4714	105,8	2,345,183	194,547	56,000,361	426,561	16,258	151,651	157,922	272,215	6,428,108	495	81,211	63529	177	6,015,539	101	14,270,150	42,652	24,734,057	3,677,215	53	0	Americas	large	2	1	4
True	obj2748	test	0	72	Z. Ali	Last Signal 2025	Chronicles Saga	31.01.2025	MV202500420	3654	21,8	17,549,110	2,498	59,544,053	9,035,756	122,247	1,176,318	4,336,982	16,331,918	7,229,595	340	339,097	6587	78	8,397,251	90	37,109,632	48,044	14,990,847	3,817,062	31	0	Latin America	small	3	4	0
True	obj2749	test	0	46	F. Nguyen	Carbon Dreams 2025 3	Standalone	01.07.2025	MV202500453	556	55,6	3,585,037	70,561	15,486,409	2,386,991	111,900	331,974	609,334	2,423,856	2,918,780	355	134,804	2468	65	5,210,910	4	20,170,602	79,851	13,808,729	3,108,863	28	1	Asia-Pacific	large	1	1	1
True	obj2750	test	0	44	L. Nakamura	Jade Frequency 2025	Chronicles Saga	08.10.2025	MV202500454	3096	66,2	5,590,541	66,097	57,144,550	3,334,748	130,915	1,270,445	974,105	1,561,552	15,242,175	98	308,437	27575	66	440,134	2	6,647,101	41,837	5,809,927	3,997,358	88	0	Americas	small	1	2	2
True	obj2751	test	0	81	F. Nguyen	Electric Mirage 2025	Standalone	23.06.2025	MV202500500	4822	33,6	9,841,482	108,965	50,935,645	2,181,671	56,966	1,854,218	2,239,711	3,433,893	9,566,425	30	430,452	49646	270	5,182,773	161	43,005,052	1,546	22,936,080	1,880,584	14	0	Asia-Pacific	large	3	3	0
True	obj2752	test	0	51	S. Patel	Thunder Archive	Prime Story	14.02.2025	MV202500507	2665	89	5,224,211	58,800	8,610,735	3,546,832	152,882	404,674	370,678	669,618	3,470,193	309	107,233	41948	218	9,506,227	19	39,940,186	44,732	9,519,607	80,283	62	0	Europe	large	1	2	3
True	obj2753	test	0	77	D. Rossi	Neon Horizon 2025 3	New Dawn	01.07.2025	MV202500564	203	33,8	16,432,096	139,011	10,095,326	7,238,265	335,082	229,157	534,764	1,841,314	16,837,074	112	375,967	611	56	7,004,240	33	32,351,746	60,799	19,807,597	337,625	90	0	Latin America	medium	3	4	0
True	obj2754	test	1	68	T. Kim	Lunar Cartography 2025	Dark Matter	11.08.2025	MV202500580	3298	116,2	106,471,890	95,747	25,951,704	79,032,184	3,173,147	262,135	24,594,260	43,962,154	19,397,291	108	345,425	15276	285	9,196,426	101	31,737,021	75,438	8,761,107	4,985,691	34	0	Americas	small	2	4	4
True	obj2755	test	0	40	D. Rossi	Glass Reactor	Legacy Cycle	17.03.2025	MV202500596	4698	71	12,116,869	153,907	6,113,968	9,213,252	160,792	260,068	1,827,050	2,632,171	942,925	265	483,005	4196	209	9,825,202	110	40,367,120	74,274	1,499,898	4,581,653	97	1	Latin America	medium	0	3	2
True	obj2756	test	0	92	S. Patel	Lunar Cartography 2025	Chronicles Saga	18.10.2025	MV202500603	3859	44,5	2,971,539	172,553	35,726,615	1,870,180	80,446	812,561	632,953	1,839,582	19,535,284	138	345,327	9653	48	6,983,089	22	27,477,637	5,701	26,255,501	2,111,241	2	0	Europe	large	4	1	1
True	obj2757	test	0	34	P. Singh	White Noise 2025	Chronicles Saga	20.09.2025	MV202500617	3481	84,4	4,643,452	137,143	15,047,442	406,310	8,601	763,093	735,738	1,063,393	9,583,816	371	466,757	59248	119	9,321,424	197	11,224,194	81,363	4,096,551	3,023,006	25	0	Latin America	small	0	2	3
True	obj2758	test	0	57	V. Popov	Solar Drift 2025 2	Legacy Cycle	16.06.2025	MV202500514	4426	82,2	28,019,481	40,716	44,479,971	15,130,232	337,743	835,809	5,988,221	15,386,668	12,892,129	368	441,253	21886	242	2,898,427	188	28,552,185	26,103	7,616,887	4,053,817	77	0	Latin America	large	2	4	3
True	obj2759	test	0	76	L. Nakamura	Infinite Margin 2025	Origin Arc	20.04.2025	MV202500520	4780	100,1	3,412,677	99,361	1,376,912	2,002,405	27,806	1,937,774	597,124	914,925	5,509,238	211	179,508	32663	110	3,069,451	184	10,600,630	2,704	28,245,379	4,440,511	77	1	Americas	small	3	1	4
True	obj2760	test	0	41	Z. Ali	Kinetic Prayer 2025	Open Sky	07.06.2025	MV202500522	2852	67,1	58,332,624	74,456	34,019,356	30,168,455	509,825	492,270	6,857,438	17,437,094	2,128,500	418	125,549	43418	33	5,549,414	153	39,862,952	51,418	1,161,911	133,227	91	0	Latin America	small	0	4	2
True	obj2761	test	0	75	Y. Tanaka	Last Signal 2025	Prime Story	03.02.2025	MV202500534	4410	58,7	8,991,722	114,689	43,734,226	5,658,489	66,052	1,082,129	420,501	1,573,156	57,031	200	416,663	14546	81	4,428,509	82	42,389,545	10,458	6,794,224	1,632,240	18	0	Asia-Pacific	medium	3	3	1
True	obj2762	test	0	42	N. Fischer	Binary Sunset 2025	New Dawn	25.10.2025	MV202500535	4152	84,6	3,925,441	76,294	24,994,901	1,361,620	62,227	180,682	743,392	1,600,372	5,224,377	156	329,953	11064	184	7,223,815	135	2,929,403	68,745	14,332,701	1,806,580	69	0	Europe	small	0	1	3
True	obj2763	test	0	88	R. Silva	Stone Butterfly 2	New Dawn	19.04.2025	MV202500552	4122	109,3	1,367,290	32,674	44,803,600	916,714	21,198	1,442,266	124,080	422,508	101,137	44	260,085	94531	245	1,827,682	137	35,853,837	24,037	4,087,491	2,098,426	38	0	Latin America	large	4	0	4
True	obj2764	test	0	68	J. Martinez	Parallel Lines 2025	Prime Story	09.06.2025	MV202500554	1154	118,7	17,188,477	159,510	41,757,018	8,101,458	214,916	1,110,710	1,803,008	3,240,632	17,149,265	172	297,588	27902	141	1,155,670	167	4,404,538	62,440	21,628,510	4,628,477	97	1	Europe	large	2	4	4
True	obj2765	test	0	86	H. Andersson	Infinite Margin	Chronicles Saga	07.02.2025	MV202500588	4665	112	3,493,833	185,607	47,131,170	2,249,260	90,238	484,991	344,325	1,093,550	17,154,496	137	225,445	22641	264	8,770,734	52	26,291,226	67,602	19,721,479	2,806,786	14	1	Asia-Pacific	large	4	1	4
True	obj2766	test	0	59	T. Kim	Northern Code 2025	Open Sky	30.09.2025	MV202500589	818	65,1	3,081,327	49,910	8,297,871	1,638,985	16,912	1,788,443	819,256	2,292,949	2,581,775	345	57,571	47873	13	3,268,234	179	25,928,605	19,271	18,908,917	3,921,845	37	0	Americas	small	2	1	2
True	obj2767	test	0	53	O. Dubois	Paper Kingdom 2025	New Dawn	04.11.2025	MV202500606	163	68,4	6,768,951	81,271	71,653,287	4,035,934	119,949	190,034	191,948	253,689	15,110,353	361	412,760	16704	190	9,343,323	104	42,815,029	81,321	7,420,868	375,301	12	0	Latin America	large	1	2	2
True	obj2768	test	0	57	Q. Jensen	Solar Drift 2025	Standalone	05.12.2025	MV202500607	1235	71	2,716,003	140,328	30,155,862	1,149,165	43,481	1,643,968	605,622	1,632,046	15,274,387	305	176,950	82943	41	4,482,173	61	25,361,490	56,550	28,572,722	1,717,142	22	0	Americas	medium	2	1	2
True	obj2769	test	0	62	T. Kim	Silent Protocol 2	Standalone	28.06.2025	MV202500628	556	59	3,004,796	131,076	13,639,151	746,332	33,432	1,788,887	175,447	510,795	14,483,223	178	230,912	732	227	662,847	11	34,507,063	68,946	25,165,969	1,360,556	56	1	Americas	small	2	1	1
True	obj2770	test	0	80	L. Nakamura	City of Glass 2025	Universe Zero	08.06.2025	MV202500629	2270	82,5	1,778,932	108,842	37,254,631	220,753	7,394	1,470,783	345,014	872,566	14,888,176	491	432,775	57433	61	1,774,560	15	24,800,445	29,854	4,324,592	1,448,063	26	0	Americas	small	3	0	3
True	obj2771	test	0	83	E. Brooks	Red Meridian 2025	Standalone	23.04.2025	MV202500642	722	83,8	4,266,317	66,645	557,417	2,939,909	88,105	1,487,069	413,641	1,221,308	4,099,156	365	245,909	14890	70	5,583,342	84	24,558,451	40,983	5,072,307	4,701,006	75	0	Americas	small	4	2	3
True	obj2772	test	0	94	W. Stone	Broken Compass	Final Chapter	18.04.2025	MV202500644	3100	117,2	2,293,292	109,581	75,798,467	643,726	10,320	672,623	227,263	678,188	16,869,532	302	375,604	16362	77	7,856,547	3	19,983,471	69,095	24,030,895	3,214,090	8	1	Americas	small	4	1	4
True	obj2773	test	0	74	J. Martinez	Parallel Lines 2025	Prime Story	02.01.2025	MV202500645	2764	72,4	12,367,967	135,465	63,118,512	8,569,528	257,237	1,728,013	1,662,502	5,748,294	14,480,313	264	138,613	80137	161	9,930,724	81	43,308,567	1,828	25,402,267	4,082,793	99	1	Europe	large	3	3	2
True	obj2774	test	0	35	G. Murphy	Ocean of Stars	New Dawn	13.10.2025	MV202500648	29	32,4	20,006,082	94,387	62,353,375	8,929,982	303,170	112,570	5,231,514	9,598,537	2,239,022	207	213,375	55252	153	7,791,972	93	41,739,477	12,977	6,084,078	2,978,609	75	0	Europe	medium	0	4	0
True	obj2775	test	0	45	E. Brooks	Iron Garden 2025 4	Origin Arc	04.04.2025	MV202500633	1841	103,5	1,014,592	184,597	37,631,277	370,833	4,878	931,290	194,190	677,986	14,404,001	12	485,337	13393	284	8,271,612	71	27,002,494	11,194	1,111,661	528,843	57	1	Americas	small	1	0	4
True	obj2776	test	0	83	O. Dubois	White Noise 2025	Legacy Cycle	31.03.2025	MV202500674	4834	80,7	6,807,075	120,720	66,819,973	806,826	9,117	1,562,046	1,501,455	3,806,902	1,553,051	335	24,955	48872	194	4,105,652	18	11,106,449	50,518	27,195,877	1,309,620	21	1	Latin America	large	4	2	3
True	obj2777	test	0	84	G. Murphy	Desert Oracle 2025	Chronicles Saga	02.01.2025	MV202500690	3528	23,9	3,184,185	114,417	78,253,878	1,230,456	19,831	1,528,986	409,048	1,539,241	12,839,105	385	424,787	672	74	9,393,765	98	6,025,798	16,336	6,766,149	362,713	19	0	Europe	medium	4	1	0
True	obj2778	test	0	37	S. Patel	Winter Echo 2025	Prime Story	16.11.2025	MV202500707	308	40	4,705,214	128,098	63,288,921	2,011,796	44,059	107,386	462,185	1,716,490	5,404,972	337	434,271	47324	227	5,063,395	85	21,012,399	37,125	27,780,111	4,209,286	42	1	Europe	large	0	2	1
True	obj2779	test	0	41	W. Stone	Desert Oracle 2025	Final Chapter	26.07.2025	MV202500708	582	99,5	12,696,777	56,616	35,830,854	9,043,642	204,408	971,453	3,055,916	8,682,939	2,089,743	462	490,470	69898	171	4,844,052	114	27,084,172	27,779	29,917,675	3,947,967	25	0	Americas	small	0	3	3
True	obj2780	test	0	71	C. Wright	White Noise	Final Chapter	26.12.2025	MV202500709	2430	108,3	5,454,185	43,374	10,551,727	3,547,002	67,028	1,180,996	382,806	1,416,737	2,028,585	50	359,300	58572	280	5,336,674	130	33,026,644	91,022	9,886,329	1,441,583	93	1	Europe	small	3	2	4
True	obj2781	test	0	50	V. Popov	Desert Oracle 2025	Prime Story	21.02.2025	MV202500739	3854	60,1	2,209,111	118,088	18,916,773	762,082	26,167	1,778,848	367,012	1,001,891	13,145,460	207	177,242	22460	283	833,024	78	39,080,576	65,577	20,839,146	441,922	24	0	Latin America	large	1	1	2
True	obj2782	test	0	91	Y. Tanaka	Shadow Circuit 2025	Open Sky	28.02.2025	MV202500742	2230	26,3	6,551,998	146,303	2,720,649	2,299,843	92,393	389,455	1,430,566	2,644,468	19,441,256	107	458,820	41926	144	8,001,076	191	13,681,598	79,456	8,443,405	4,127,622	54	0	Asia-Pacific	medium	4	2	0
True	obj2783	test	0	59	Z. Ali	Crimson Archive 2025 3	Open Sky	06.01.2025	MV202500743	681	19	1,289,558	154,354	3,814,376	1,007,776	22,636	1,797,927	229,179	378,681	18,237,029	75	280,910	88170	255	9,258,296	80	27,214,562	3,298	28,944,491	4,380,855	60	1	Latin America	small	2	0	0
True	obj2784	test	0	75	S. Patel	Ghost Frequency	Legacy Cycle	28.06.2025	MV202500746	2749	119,9	8,700,909	43,637	4,121,419	2,288,070	77,502	866,741	207,835	634,580	7,770,721	203	126,635	34439	50	3,231,749	151	24,842,405	31,188	2,251,553	694,653	36	0	Europe	large	3	3	4
True	obj2785	test	0	68	J. Martinez	Silver Transit 2025	Open Sky	19.07.2025	MV202500747	479	44	4,694,551	6,222	8,486,291	2,363,151	117,250	1,401,542	736,754	1,587,006	9,028,354	469	458,507	20820	109	5,048,657	177	42,586,889	18,423	19,144,545	432,110	15	0	Europe	large	2	2	1
True	obj2786	test	0	69	R. Silva	Shadow Circuit	Open Sky	03.08.2025	MV202500759	4537	50,7	5,054,927	17,399	56,026,453	506,363	11,568	1,094,925	89,400	209,105	1,483,582	360	29,937	13204	20	1,138,771	95	27,354,723	92,736	721,212	3,145,997	47	0	Latin America	large	2	2	1
True	obj2787	test	0	35	R. Silva	Electric Mirage	New Dawn	06.03.2025	MV202500763	4893	26,5	2,675,502	188,937	59,178,209	1,640,137	62,466	1,227,816	706,296	2,003,097	4,310,217	342	134,645	13848	39	1,102,470	87	39,129,029	37,124	131,110	736,721	19	0	Latin America	large	0	1	0
True	obj2788	test	0	63	K. Olsen	Jade Frequency 2025 3	Final Chapter	16.12.2025	MV202500678	1531	73,9	7,959,343	167,803	61,005,302	4,715,643	123,025	325,802	148,238	564,284	13,523,320	439	237,283	94350	174	1,773,113	167	41,965,270	8,009	29,855,889	4,082,005	93	0	Americas	large	2	3	2
True	obj2789	test	0	34	I. Hassan	Northern Code 2025	Standalone	16.02.2025	MV202500679	3465	107,8	6,588,160	164,489	24,643,798	2,590,173	53,089	810,509	1,812,941	3,657,468	604,140	358	295,679	68696	199	9,724,761	17	38,554,135	95,764	9,074,606	4,947,835	60	1	Americas	large	0	2	4
True	obj2790	test	0	39	M. Chen	Carbon Dreams	Open Sky	28.02.2025	MV202500681	844	54,6	5,677,085	75,984	68,074,617	1,747,434	79,157	1,161,879	1,118,998	3,607,198	2,838,337	424	255,501	32856	59	4,487,683	9	23,797,699	93,691	29,319,796	2,061,331	29	0	Asia-Pacific	large	0	2	1
True	obj2791	test	0	70	G. Murphy	Stone Butterfly 2	Standalone	06.11.2025	MV202500695	4156	51	22,359,981	180,010	60,969,348	17,644,042	769,584	974,815	2,168,795	5,672,807	19,299,090	279	496,200	4256	50	9,790,479	143	29,974,260	61,513	16,225,541	3,614,428	69	0	Europe	medium	3	4	1
True	obj2792	test	0	67	D. Rossi	Nova Protocol 2025	Chronicles Saga	12.03.2025	MV202500697	521	97,9	2,411,720	57,926	59,674,368	1,782,020	76,475	1,144,632	650,358	2,108,294	11,531,581	210	396,336	80390	299	1,322,705	81	12,409,858	70,312	17,286,540	4,614,245	36	0	Latin America	medium	2	1	3
True	obj2793	test	0	71	H. Andersson	Broken Compass 2025	Dark Matter	18.08.2025	MV202500698	397	46,6	1,776,165	66,195	65,009,944	96,717	2,488	83,155	484,868	1,119,204	8,679,454	4	22,008	73093	266	877,300	126	13,299,094	801	16,350,559	603,415	85	0	Asia-Pacific	large	3	0	1
True	obj2794	test	0	77	H. Andersson	Final Orbit 2025 2	Final Chapter	01.06.2025	MV202500701	132	103,2	24,097,110	26,303	28,272,023	9,317,925	463,773	732,008	4,715,819	10,480,740	1,420,125	477	340,447	6785	69	7,258,357	190	21,158,022	80,896	9,481,001	269,842	52	0	Asia-Pacific	large	3	4	4
True	obj2795	test	0	84	W. Stone	Blue Static	Origin Arc	26.11.2025	MV202500714	398	46,3	2,967,805	108,157	58,873,399	1,063,688	20,139	1,966,240	178,881	603,760	5,559,540	34	134,557	57838	175	4,332,583	13	30,370,100	59,637	26,040,197	4,596,480	89	0	Americas	small	4	1	1
True	obj2796	test	0	67	L. Nakamura	Obsidian Heart 2025	Chronicles Saga	05.11.2025	MV202500772	600	65,5	3,032,645	9,705	11,333,066	291,464	12,912	281,710	419,565	850,277	5,805,347	108	338,905	5182	221	4,834,284	164	33,110,756	98,545	2,818,069	3,095,217	92	0	Americas	small	2	1	2
True	obj2797	test	0	32	W. Stone	Hollow Crown 2025	Standalone	22.06.2025	MV202500787	2504	106,5	12,522,768	63,893	4,775,275	8,764,565	436,309	63,858	240,254	405,940	5,382,798	231	366,408	819	137	2,803,640	183	37,907,914	75,848	17,014,336	3,484,714	44	0	Americas	small	0	3	4
True	obj2798	test	0	47	R. Silva	Hollow Crown 2025	Chronicles Saga	27.03.2025	MV202500791	3476	116,1	1,719,902	5,846	20,610,510	1,067,694	15,739	1,951,416	145,546	441,587	7,845,099	7	310,718	5921	171	838,362	166	12,024,946	79,009	7,046,141	3,092,332	33	1	Latin America	large	1	0	4
True	obj2799	test	0	34	D. Rossi	Thunder Archive 2025	Final Chapter	06.03.2025	MV202500792	1865	79,6	3,726,229	135,372	8,005,658	2,741,702	46,416	1,521,201	797,899	1,583,918	4,583,034	387	459,878	53059	11	5,020,818	170	4,522,575	29,175	4,567,609	726,248	60	1	Latin America	medium	0	1	3
True	obj2800	test	0	65	Q. Jensen	Golden Ratio 2025	Dark Matter	15.04.2025	MV202500775	1696	103,7	8,078,257	71,695	71,555,527	1,740,806	59,195	215,683	757,873	2,119,978	9,439,873	45	126,074	24246	268	5,053,572	82	31,678,515	85,306	20,363,360	1,200,325	15	0	Americas	medium	2	3	4
True	obj2801	test	0	64	R. Silva	Red Meridian 2025 3	Open Sky	03.10.2025	MV202500776	4081	59,4	5,329,285	133,995	23,214,959	1,597,743	18,495	68,861	1,379,806	5,057,848	13,506,025	70	273,052	66407	25	6,665,396	75	873,401	8,601	722,632	3,828,450	27	0	Latin America	large	2	2	2
True	obj2802	test	0	51	O. Dubois	Neon Horizon 2025	Final Chapter	18.08.2025	MV202500781	1385	87,6	4,197,049	37,533	73,342,968	2,235,709	76,213	1,783,992	146,188	395,551	12,183,923	231	290,390	24183	95	5,354,606	27	17,069,920	47,662	13,945,595	2,169,170	97	0	Latin America	large	1	2	3
True	obj2803	test	0	80	E. Brooks	Deep Current 2025	Prime Story	12.06.2025	MV202500782	3612	110,8	4,274,214	21,961	75,778,490	307,720	7,847	965,743	132,532	375,276	11,433,143	476	69,537	95726	258	8,674,025	70	4,640,627	53,287	2,408,364	570,753	97	0	Americas	small	3	2	4
True	obj2804	test	0	65	Q. Jensen	Digital Saints 2025	Final Chapter	09.11.2025	MV202500815	873	69,2	18,280,611	91,569	68,269,669	8,857,743	316,213	1,744,377	2,605,456	9,448,173	8,664,605	25	423,139	62122	272	807,935	192	10,744,640	52,359	23,883,531	4,755,456	93	0	Americas	medium	2	4	2
True	obj2805	test	0	35	L. Nakamura	Desert Oracle 2025	Chronicles Saga	30.08.2025	MV202500851	4150	114,6	14,707,043	172,810	41,851,966	9,667,433	262,630	1,166,589	4,181,697	6,053,800	2,525,115	64	98,062	80226	22	6,266,229	33	43,336,859	80,510	2,478,251	541,027	48	0	Americas	small	0	4	4
True	obj2806	test	0	73	T. Kim	Crimson Archive 2025	Origin Arc	10.07.2025	MV202500852	2347	48,4	16,812,874	184,914	8,758,941	9,668,240	134,410	1,544,953	1,049,970	2,824,950	17,000,033	452	171,304	21382	276	1,875,802	193	34,357,472	14,438	6,182,326	4,127,647	64	1	Americas	small	3	4	1
True	obj2807	test	0	53	V. Popov	Echo Chamber	Standalone	03.08.2025	MV202500872	2352	17	11,892,991	1,995	5,274,583	9,166,600	347,964	965,910	2,279,653	5,785,919	2,548,895	439	202,758	69452	290	8,332,893	25	13,084,952	15,378	991,588	2,062,956	59	1	Latin America	large	1	3	0
True	obj2808	test	0	42	M. Chen	Ember Valley 2025	Final Chapter	21.02.2025	MV202500883	2877	54,1	3,364,483	133,800	63,650,461	380,189	16,287	414,535	330,571	677,761	18,522,566	44	24,407	62581	131	5,885,712	29	35,987,958	13,470	15,877,679	4,806,624	42	0	Asia-Pacific	large	0	1	1
True	obj2809	test	0	57	L. Nakamura	Northern Code 2025	New Dawn	20.11.2025	MV202500885	2539	72,8	18,658,791	75,563	31,344,305	7,345,699	77,332	1,596,688	3,002,651	10,093,199	4,974,612	109	335,625	2749	174	2,910,496	62	30,754,400	61,846	6,780,762	88,800	69	0	Americas	small	2	4	2
True	obj2810	test	0	33	Y. Tanaka	Jade Frequency 2025	Dark Matter	12.09.2025	MV202500886	3094	43,5	7,661,806	31,436	26,952,532	4,366,388	122,667	654,680	874,791	2,039,852	83,551	63	18,677	22445	286	389,529	76	23,404,888	85,311	29,267,815	510,422	35	0	Asia-Pacific	medium	0	3	1
True	obj2811	test	0	45	L. Nakamura	Parallel Lines 2025	Open Sky	05.03.2025	MV202500889	2584	97,2	4,299,971	169,415	30,275,423	2,894,372	105,097	1,198,535	1,058,777	3,904,234	14,525,622	204	276,105	77706	86	9,688,223	44	3,924,598	9,323	22,668,554	2,578,343	11	0	Americas	small	1	2	3
True	obj2812	test	0	44	Y. Tanaka	Ocean of Stars	Standalone	24.04.2025	MV202500902	4258	26,9	34,687,231	5,001	44,958,669	7,478,214	218,035	1,681,838	4,632,994	9,675,263	6,954,400	337	390,867	5578	192	3,886,564	177	38,999,937	53,064	27,872,138	260,652	92	0	Asia-Pacific	medium	1	4	0
True	obj2813	test	0	40	F. Nguyen	Ghost Frequency 2025 2	Final Chapter	26.11.2025	MV202500805	2852	117,7	7,783,047	37,786	54,664,590	5,194,978	87,637	778,096	1,205,449	4,155,100	13,821,062	210	60,267	83757	23	6,139,202	105	13,388,043	3,663	25,436,541	1,552,361	60	1	Asia-Pacific	large	0	3	4
True	obj2814	test	0	80	Q. Jensen	Crimson Archive 2025	Universe Zero	02.04.2025	MV202500807	1540	109,8	36,960,321	81,222	2,995,439	26,923,846	1,019,028	790,390	1,508,911	4,225,034	5,222,403	129	412,407	72332	166	3,183,390	18	19,480,589	77,598	18,093,232	43,384	77	0	Americas	medium	3	4	4
True	obj2815	test	0	81	C. Wright	Parallel Lines	Origin Arc	07.06.2025	MV202500823	638	74,9	1,047,493	15,825	55,157,895	511,894	17,360	1,135,436	239,357	780,226	16,670,961	496	43,381	10180	266	5,023,824	149	22,391,100	92,914	12,053,790	382,503	73	0	Europe	small	3	0	2
True	obj2816	test	0	80	K. Olsen	Binary Sunset 2025	Chronicles Saga	21.03.2025	MV202500825	723	86,4	14,357,216	106,433	30,093,953	1,440,229	32,164	615,125	371,716	1,349,076	4,264,280	295	45,144	45378	222	3,395,841	52	14,961,614	30,244	3,846,068	939,887	60	0	Americas	large	3	4	3
True	obj2817	test	0	30	F. Nguyen	Blue Static 2025	Universe Zero	21.04.2025	MV202500840	3126	28,3	7,405,186	82,100	3,915,101	2,065,915	72,590	1,532,607	1,497,457	3,624,599	13,883,156	477	402,232	87424	291	2,745,942	158	9,826,753	30,001	150,241	4,192,526	33	1	Asia-Pacific	large	0	3	0
True	obj2818	test	0	85	N. Fischer	Stone Butterfly 2025 2	Final Chapter	05.09.2025	MV202500861	3683	99,3	2,872,936	72,475	53,892,137	2,197,860	52,844	682,906	508,733	823,945	11,305,487	227	83,209	68312	63	5,069,099	53	49,449,029	2,472	6,096,525	52,082	50	0	Europe	small	4	1	3
True	obj2819	test	0	37	P. Singh	Jade Frequency	Final Chapter	27.10.2025	MV202500895	1757	110,2	48,692,223	143,896	57,413,467	23,747,454	1,146,759	1,226,885	5,919,551	17,837,173	9,127,240	51	227,214	96152	260	7,633,487	138	7,738,517	50,656	21,529,708	761,182	91	0	Latin America	small	0	4	4
True	obj2820	test	0	84	Z. Ali	Broken Compass	Prime Story	23.04.2025	MV202500911	2986	103,6	5,886,428	119,291	14,491,923	1,918,870	44,209	1,586,923	1,258,107	3,494,878	8,859,093	222	299,792	98255	26	6,806,194	157	49,471,950	79,748	6,704,990	3,543,205	75	0	Latin America	small	4	2	4
True	obj2821	test	0	84	W. Stone	Hollow Crown	Chronicles Saga	11.09.2025	MV202500913	2019	76,6	13,108,795	146,131	45,783,874	3,415,790	137,328	958,380	3,562,001	13,089,638	16,912,815	63	52,566	90636	98	3,939,472	9	39,157,288	84,896	6,337,310	3,383,794	74	0	Americas	small	4	3	2
True	obj2822	test	0	72	A. Volkov	Kinetic Prayer 2025	Final Chapter	14.07.2025	MV202500930	4344	92,9	4,488,672	64,114	39,717,396	2,020,709	27,352	1,591,450	1,012,766	2,069,384	13,145,984	399	260,482	61537	117	5,091,399	55	29,411,538	3,486	1,749,362	4,780,012	79	0	Americas	large	3	2	3
True	obj2823	test	0	64	D. Rossi	Crimson Archive 2025	Universe Zero	29.04.2025	MV202500936	2454	50,2	25,639,468	48,330	4,238,074	3,246,048	141,137	1,920,447	517,551	876,488	17,699,038	325	375,227	49205	161	6,357,397	32	14,912,574	87,220	10,564,317	940,265	6	0	Latin America	medium	2	4	1
True	obj2824	test	0	84	Y. Tanaka	Carbon Dreams 2025	Prime Story	04.04.2025	MV202500923	4585	68,6	804,217	64,897	58,829,697	314,064	9,867	889,864	20,669	34,439	10,950,041	72	200,114	15072	207	5,185,531	138	37,125,124	95,998	29,425,522	837,055	97	0	Asia-Pacific	medium	4	0	2
True	obj2825	test	0	48	J. Martinez	Ember Valley 2025	Legacy Cycle	13.02.2025	MV202500943	4718	17,5	2,223,611	102,379	55,507,788	325,937	6,405	1,890,650	485,501	1,260,670	17,342,902	187	272,150	24775	127	6,245,543	64	44,380,768	77,506	2,270,891	2,704,190	1	1	Europe	large	1	1	0
True	obj2826	test	0	86	G. Murphy	Feral Harmony	Final Chapter	16.08.2025	MV202500957	1899	87,1	3,063,958	107,062	52,653,034	1,862,299	83,785	1,884,607	744,073	1,569,669	13,583,604	225	489,920	58547	77	7,808,924	120	4,251,685	68,296	27,206,516	165,731	11	1	Europe	medium	4	1	3
True	obj2827	test	0	48	Z. Ali	Hyperion Rise 2025	Chronicles Saga	04.12.2025	MV202500961	1705	85,8	6,710,395	9,750	11,090,303	2,811,367	127,665	756,776	2,000,559	5,970,064	19,011,710	236	413,969	34165	168	8,835,314	145	3,237,464	52,468	29,637,197	2,343,719	3	0	Latin America	small	1	2	3
True	obj2828	test	0	37	D. Rossi	Solar Drift 2025	Open Sky	19.08.2025	MV202500994	234	38,8	34,383,518	18,537	60,002,921	5,964,534	237,701	1,583,667	4,652,758	9,524,776	5,889,856	299	248,167	73889	162	3,559,448	110	20,667,786	6,881	15,920,491	2,532,941	83	0	Latin America	medium	0	4	1
True	obj2829	test	0	76	N. Fischer	Broken Compass 2025	Standalone	21.04.2025	MV202500997	2951	95,1	6,169,585	128,805	79,864,018	3,078,762	83,851	332,282	415,168	1,382,248	18,002,678	200	483,311	3246	81	3,523,144	46	9,085,188	25,237	27,424,375	1,027,919	34	0	Europe	small	3	2	3
True	obj2830	test	0	87	K. Olsen	Ocean of Stars 2025	Chronicles Saga	03.05.2025	MV202501009	4670	71,9	4,880,535	22,046	15,016,383	3,476,330	98,967	727,894	613,711	1,844,141	10,418,345	148	336,085	69988	289	9,092,266	49	20,561,296	50,054	269,446	4,583,332	50	0	Americas	large	4	2	2
True	obj2831	test	0	44	B. Carter	Golden Ratio	Legacy Cycle	28.01.2025	MV202501012	310	103,7	2,810,373	179,796	48,568,066	402,300	13,647	1,244,939	322,813	731,840	4,378,897	479	411,260	16513	73	8,496,861	79	13,236,860	321	7,344,755	2,200,834	64	1	Asia-Pacific	large	1	1	4
True	obj2832	test	0	45	Q. Jensen	Velvet Storm 2025	Legacy Cycle	06.07.2025	MV202501031	1896	87,3	7,149,453	3,437	69,204,467	4,644,131	97,088	563,823	460,501	1,304,015	6,393,435	40	435,314	33084	245	8,963,844	116	9,417,273	86,068	21,187,911	1,136,010	14	1	Americas	medium	1	3	3
True	obj2833	test	0	38	M. Chen	Midnight Cartel 2025	Chronicles Saga	19.12.2025	MV202501034	2844	52,2	4,326,329	144,249	71,399,472	2,728,498	91,640	1,548,926	343,095	994,430	10,963,924	123	325,230	48812	63	8,893,644	57	24,978,382	51,913	21,401,632	1,288,500	29	0	Asia-Pacific	large	0	2	1
True	obj2834	test	0	31	D. Rossi	Shadow Circuit 2025	Origin Arc	21.06.2025	MV202501035	176	119,2	37,531,351	132,822	68,200,827	17,947,507	890,533	1,730,022	10,512,709	12,812,659	5,219,194	89	6,174	53798	194	4,253,786	130	36,061,909	45,016	17,429,001	4,093,878	41	0	Latin America	medium	0	4	4
True	obj2835	test	0	36	V. Popov	Shadow Circuit 4	Legacy Cycle	08.12.2025	MV202501052	1458	34,2	318,175	97,130	67,521,816	251,864	10,099	1,907,009	57,862	184,395	4,678,670	275	349,658	21953	197	8,049,378	33	46,395,283	57,655	27,235,069	3,240,520	97	0	Latin America	large	0	0	0
True	obj2836	test	0	63	P. Singh	Hyperion Rise 2025	Legacy Cycle	21.01.2025	MV202501053	3741	69,2	14,177,904	154,677	18,486,487	3,624,551	111,790	1,204,209	2,817,247	7,946,544	1,415,530	40	213,190	57859	56	808,749	38	12,472,319	70,710	21,597,445	1,730,904	81	0	Latin America	small	2	4	2
True	obj2837	test	0	62	Q. Jensen	Silent Protocol 2025 4	Origin Arc	15.02.2025	MV202500947	1350	98,4	10,552,982	70,781	45,738,213	7,039,424	234,552	122,355	2,863,463	3,651,909	18,501,459	239	456,549	8854	240	6,554,077	180	16,245,874	40,663	2,590,316	4,500,221	8	0	Americas	medium	2	3	3
True	obj2838	test	0	78	O. Dubois	Echo Chamber 2025	Open Sky	04.05.2025	MV202501019	2979	20,9	4,903,365	184,734	64,115,595	3,151,536	152,309	847,982	551,264	1,523,187	19,397,217	107	186,505	97008	197	6,993,554	172	20,730,614	50,897	16,814,721	3,911,596	35	1	Latin America	large	3	2	0
True	obj2839	test	0	44	T. Kim	White Noise 2025	Prime Story	09.10.2025	MV202501023	4993	97,4	14,928,397	113,339	24,894,895	6,057,624	188,143	1,327,536	3,719,988	7,650,806	18,997,451	192	304,929	98275	170	7,031,381	49	40,518,682	33,028	13,114,871	1,554,761	14	0	Americas	small	1	4	3
True	obj2840	test	0	43	E. Brooks	Violet Engine	Final Chapter	25.04.2025	MV202501026	2092	82,1	8,858,843	192,429	28,416,981	1,543,269	69,929	1,599,292	182,156	309,155	1,229,035	75	490,342	51010	132	4,559,130	19	18,432,932	5,070	9,773,913	3,157,860	9	0	Americas	small	1	3	3
True	obj2841	test	0	66	E. Brooks	Ember Valley 2025	New Dawn	10.07.2025	MV202501039	1454	50	9,546,168	70,198	61,843,971	3,245,424	141,805	1,223,306	1,697,497	2,329,695	7,599,322	127	320,206	12308	114	4,909,024	115	28,429,864	96,216	17,255,880	1,054,094	23	1	Americas	small	2	3	1
True	obj2842	test	0	54	P. Singh	Winter Echo 2025	New Dawn	09.03.2025	MV202501040	1902	73,5	7,406,335	47,160	67,449,781	3,234,344	55,363	1,379,122	1,659,261	2,238,570	11,964,458	138	274,430	49095	144	1,238,900	37	7,882,179	59,089	19,933,599	984,839	74	1	Latin America	small	1	3	2
True	obj2843	test	0	34	W. Stone	Thunder Archive	Standalone	22.03.2025	MV202501042	1541	51,9	8,012,251	76,168	56,149,340	702,056	17,499	1,287,339	711,371	2,829,173	3,729,066	305	98,539	57661	122	3,775,674	165	23,030,593	476	15,625,626	1,577,116	1	0	Americas	small	0	3	1
True	obj2844	test	0	57	W. Stone	Blue Static 2025 4	New Dawn	04.02.2025	MV202501043	4858	111,2	804,869	94,841	49,782,480	49,685	1,190	1,683,002	42,105	68,240	18,416,450	0	425,400	79969	151	8,772,913	122	30,564,781	93,806	19,245,036	1,070,639	15	0	Americas	small	2	0	4
True	obj2845	test	0	47	Z. Ali	Red Meridian 2025 4	Chronicles Saga	23.02.2025	MV202501072	3230	61,2	66,712,135	154,792	17,416,353	38,692,782	962,263	1,298,204	6,406,241	11,833,542	13,607,949	346	292,244	24652	190	5,085,155	106	47,386,765	93,783	13,797,875	2,866,036	15	0	Latin America	small	1	4	2
True	obj2846	test	0	51	N. Fischer	Crimson Archive 2025	Standalone	13.08.2025	MV202501082	322	30,5	2,370,707	96,546	47,138,550	1,090,374	27,869	136,637	209,613	550,253	8,941,128	196	289,952	98575	269	9,027,665	27	2,508,711	97,076	23,323,025	4,799,427	66	0	Europe	small	1	1	0
True	obj2847	test	0	92	T. Kim	Quantum Rain 2025	Dark Matter	29.10.2025	MV202501084	4933	101,3	469,357	199,593	35,510,236	204,962	7,953	882,437	63,723	248,696	14,727,340	400	213,095	2489	81	3,773,272	166	39,358,973	24,752	13,354,191	4,964,329	78	0	Americas	small	4	0	4
True	obj2848	test	0	61	Z. Ali	Hollow Crown 2025	Prime Story	29.08.2025	MV202501086	4686	41,3	5,925,230	34,487	50,643,101	1,065,597	16,467	1,427,542	415,356	1,168,594	11,704,623	400	448,526	81718	47	3,140,432	157	714,925	69,867	3,687,708	4,305,828	13	0	Latin America	small	2	2	1
True	obj2849	test	0	67	C. Wright	Violet Engine	Dark Matter	28.08.2025	MV202501089	2258	58,5	11,887,294	7,036	30,398,484	7,580,851	221,043	610,649	919,200	3,318,636	8,635,845	292	122,876	80010	26	2,471,717	38	27,199,290	18,991	17,000,117	4,488,776	24	1	Europe	small	2	3	1
True	obj2850	test	0	43	J. Martinez	Thunder Archive 2025	Final Chapter	13.07.2025	MV202501122	3653	92,3	2,552,912	182,635	48,574,802	1,676,629	75,847	294,155	465,984	1,679,053	1,277,230	456	298,860	70005	11	3,381,653	84	42,475,214	26,626	2,505,737	2,906,541	10	0	Europe	large	1	1	3
True	obj2851	test	0	65	W. Stone	Stone Butterfly 2025	Final Chapter	04.06.2025	MV202501138	1958	23,5	721,682	77,663	32,592,501	566,711	5,987	1,137,391	125,605	281,027	2,388,371	206	431,809	7175	62	3,342,212	196	9,368,277	26,079	11,143,504	373,198	14	0	Americas	small	2	0	0
True	obj2852	test	0	79	I. Hassan	Burning Atlas 2025	Dark Matter	27.12.2025	MV202501154	4971	57,6	4,224,633	27,041	2,679,221	2,689,723	51,391	1,843,742	1,038,036	2,788,024	19,651,318	221	401,913	26981	107	6,242,457	181	11,911,354	83,596	6,276,425	64,797	43	0	Americas	large	3	2	1
True	obj2853	test	0	64	V. Popov	Final Orbit	New Dawn	17.05.2025	MV202501177	4909	49,7	1,337,972	29,925	69,104,955	326,421	4,764	1,705,407	241,798	912,826	9,608,811	97	205,523	63106	263	9,917,878	89	46,982,425	50,872	25,074,358	4,181,576	70	0	Latin America	large	2	0	1
True	obj2854	test	0	66	R. Silva	Digital Saints	Prime Story	05.01.2025	MV202501179	3757	25,8	8,768,046	31,541	57,658,800	3,137,435	146,427	1,375,139	2,113,621	3,783,055	10,955,160	50	454,223	40720	119	9,329,225	33	44,191,358	3,464	22,147,277	1,560,053	95	0	Latin America	large	2	3	0
True	obj2855	test	0	35	G. Murphy	Midnight Cartel 2025	Prime Story	26.06.2025	MV202501194	2532	32,3	2,318,098	86,451	2,797,282	440,498	16,932	379,289	90,276	166,542	16,542,092	355	267,115	54202	151	2,977,324	162	790,726	74,807	20,014,584	2,310,606	90	0	Europe	medium	0	1	0
True	obj2856	test	0	76	Z. Ali	Jade Frequency 2025	Legacy Cycle	23.10.2025	MV202501195	4832	47,7	1,301,892	35,613	27,233,238	750,113	11,425	1,277,973	285,709	463,019	19,466,980	158	203,651	85217	213	7,040,772	94	47,512,753	41,150	29,614,751	3,224,223	52	0	Latin America	small	3	0	1
True	obj2857	test	0	82	Y. Tanaka	Hyperion Rise	Final Chapter	10.06.2025	MV202501109	945	110,5	2,998,125	22,801	78,109,731	790,031	9,751	1,431,091	458,460	1,259,324	215,896	241	266,519	18637	9	2,545,155	9	11,870,772	99,126	21,569,795	48,351	86	0	Asia-Pacific	medium	4	1	4
True	obj2858	test	0	85	D. Rossi	Silent Protocol	Final Chapter	25.07.2025	MV202501111	4400	66,9	14,282,951	82,345	10,864,594	5,491,088	186,214	359,118	601,838	883,728	3,776,040	198	128,294	16928	132	7,797,136	34	2,039,793	57,337	2,510,080	3,428,847	93	0	Latin America	medium	4	4	2
True	obj2859	test	0	90	O. Dubois	Velvet Storm	New Dawn	08.02.2025	MV202501112	2620	16,3	7,073,302	625	20,764,030	675,404	15,396	1,095,542	773,734	1,822,924	9,787,765	31	390,834	50420	130	6,099,716	9	346,867	65,505	6,816,654	118,482	44	0	Latin America	large	4	3	0
True	obj2860	test	0	54	N. Fischer	Aurora Debt 2025	Origin Arc	08.01.2025	MV202501126	3834	58	1,842,073	181,449	31,429,736	1,272,772	58,891	653,374	242,327	346,354	3,428,262	28	250,204	12953	49	1,367,779	62	32,770,013	91,487	15,791,909	4,382,245	13	0	Europe	small	1	0	1
True	obj2861	test	0	75	O. Dubois	Red Meridian 2025 2	Chronicles Saga	05.08.2025	MV202501133	1011	63,8	5,705,446	149,295	23,763,327	346,059	14,741	955,076	785,096	1,287,653	18,650,908	452	210,032	28564	295	7,347,605	50	6,790,488	69,726	25,058,368	2,894,494	24	1	Latin America	large	3	2	2
True	obj2862	test	0	65	S. Patel	Crimson Archive 2025	Final Chapter	03.09.2025	MV202501146	1948	93,2	6,686,963	183,719	42,889,098	4,515,317	124,068	1,250,705	1,980,398	2,467,726	14,736,019	440	16,981	89479	255	6,974,395	118	36,013,147	74,481	15,467,049	708,235	20	0	Europe	large	2	2	3
True	obj2863	test	0	77	O. Dubois	Thunder Archive 2025 4	Dark Matter	24.08.2025	MV202501147	1883	112	6,661,854	82,011	56,440,804	486,436	14,451	83,272	806,283	3,080,768	2,716,242	334	14,533	85791	67	6,338,866	42	46,990,926	10,019	2,000,743	57,032	91	0	Latin America	large	3	2	4
True	obj2864	test	0	58	Q. Jensen	Golden Ratio	Legacy Cycle	09.10.2025	MV202501149	411	93	1,681,615	151,035	41,403,558	908,663	27,354	1,067,646	258,287	351,986	3,216,559	106	47,259	96761	240	4,224,216	176	6,388,994	27,212	14,860,135	2,541,955	4	1	Americas	medium	2	0	3
True	obj2865	test	0	52	L. Nakamura	Silent Protocol 2025	Legacy Cycle	19.02.2025	MV202501168	4840	35,1	6,466,819	129,805	41,232,233	1,717,662	72,975	665,466	836,319	1,137,588	16,597,473	468	255,578	49557	31	5,845,513	167	5,895,922	12,525	6,342,110	2,441,133	10	0	Americas	small	1	2	0
True	obj2866	test	0	47	A. Volkov	Crystal Fault 2	Standalone	06.09.2025	MV202501169	1642	87,5	5,156,076	142,034	28,530,017	3,891,504	121,083	1,779,339	1,328,679	4,153,259	18,307,133	264	164,776	93343	226	4,788,628	156	29,943,775	40,486	28,368,862	2,212,416	21	0	Americas	large	1	2	3
True	obj2867	test	0	94	R. Silva	Hyperion Rise	Dark Matter	25.05.2025	MV202501180	368	43,6	1,015,121	136,442	34,872,594	343,072	3,724	1,387,440	147,744	221,763	14,200,583	351	16,407	81314	117	646,668	51	35,078,581	87,084	14,137,938	467,983	13	0	Latin America	large	4	0	1
True	obj2868	test	0	45	E. Brooks	Infinite Margin 2025	Dark Matter	28.11.2025	MV202501203	741	63,5	1,836,468	40,975	52,326,332	168,229	6,831	1,784,001	178,382	311,660	18,643,775	364	374,312	99360	189	6,043,520	72	8,004,578	92,191	26,605,154	3,827,108	59	0	Americas	small	1	0	2
True	obj2869	test	0	47	Y. Tanaka	Deep Current	Open Sky	19.01.2025	MV202501204	3148	21,4	6,254,865	121,835	48,109,694	2,537,301	35,126	584,953	1,850,504	5,065,681	19,479,077	470	4,732	65685	172	2,168,909	139	5,243,461	98,060	11,732,846	2,859,642	47	0	Asia-Pacific	medium	1	2	0
True	obj2870	test	0	53	Q. Jensen	Lunar Cartography 2025	Universe Zero	08.11.2025	MV202501205	3068	23	4,108,521	12,718	47,238,970	3,258,547	136,402	1,505,801	668,157	1,686,548	13,328,667	453	167,998	60003	46	6,927,206	72	6,482,303	54,679	16,691,162	3,340,904	86	0	Americas	medium	1	1	0
True	obj2871	test	0	83	I. Hassan	Velvet Storm 2025	Final Chapter	28.09.2025	MV202501217	2137	59,7	2,009,854	136,725	40,153,768	661,210	32,472	850,161	145,850	556,205	10,317,810	61	221,522	19895	118	3,359,721	82	46,715,369	47,480	11,141,803	4,670,170	56	0	Americas	large	4	0	2
True	obj2872	test	0	89	A. Volkov	Echo Chamber 3	Final Chapter	05.06.2025	MV202501219	4285	16,7	5,716,120	134,256	34,255,497	2,771,690	103,165	229,249	251,014	542,484	7,334,480	191	218,362	23095	85	7,046,280	88	32,720,241	4,503	1,242,937	4,146,299	33	0	Americas	large	4	2	0
True	obj2873	test	0	48	B. Carter	Paper Kingdom 3	Open Sky	26.11.2025	MV202501221	3334	70	5,801,122	80,335	19,830,298	3,195,908	109,615	1,540,851	496,483	1,610,078	5,196,997	105	453,590	71005	5	7,014,757	174	36,213,645	86,777	16,311,985	3,683,214	49	1	Asia-Pacific	large	1	2	2
True	obj2874	test	0	39	W. Stone	Binary Sunset 2025	Dark Matter	29.06.2025	MV202501210	4880	53,3	4,860,033	136,635	27,714,955	2,152,895	77,898	724,477	1,184,921	1,808,321	2,264,629	315	267,610	95918	79	7,926,459	120	19,515,154	91,881	7,294,749	2,822,434	18	0	Americas	small	0	2	1
True	obj2875	test	0	40	M. Chen	Hyperion Rise 2025	Dark Matter	20.10.2025	MV202501263	2635	82,1	5,083,826	49,721	68,518,965	2,046,321	49,161	1,125,849	354,218	1,273,062	9,091,569	211	423,340	57164	91	4,352,170	91	21,255,145	95,039	22,606,485	3,460,361	8	1	Asia-Pacific	large	0	2	3
True	obj2876	test	0	39	F. Nguyen	Golden Ratio 2025	Open Sky	18.04.2025	MV202501264	127	41,6	2,144,149	106,236	28,409,395	289,284	11,594	895,054	292,067	820,840	523,158	187	326,300	73365	63	8,910,450	118	33,545,381	98,028	14,548,101	3,307,869	85	0	Asia-Pacific	large	0	0	1
True	obj2877	test	0	85	Q. Jensen	Midnight Cartel	Prime Story	26.06.2025	MV202501282	3812	86,2	1,427,190	125,647	61,862,491	706,111	23,750	1,694,748	348,860	1,384,658	10,789,989	45	335,586	16517	226	7,975,973	12	10,808,925	9,603	436,724	2,796,762	3	0	Americas	medium	4	0	3
True	obj2878	test	0	88	H. Andersson	Binary Sunset	Standalone	22.05.2025	MV202501284	2198	100	3,408,456	3,766	35,141,076	1,089,649	45,798	926,226	829,860	1,470,555	19,172,156	324	279,422	91136	245	5,358,168	40	44,438,926	89,203	22,640,076	4,911,206	63	0	Asia-Pacific	large	4	1	4
True	obj2879	test	0	30	T. Kim	Solar Drift 2025	Standalone	16.10.2025	MV202501285	3528	115,8	3,357,191	12,489	56,128,011	750,596	16,908	1,300,248	60,170	141,968	14,178,405	304	426,294	62871	266	3,838,130	113	42,456,000	24,497	11,188,890	3,984,010	28	0	Americas	small	0	1	4
True	obj2880	test	0	94	T. Kim	Glass Reactor 2025	Origin Arc	23.01.2025	MV202501298	854	32	1,151,518	45,610	13,099,631	431,924	16,711	1,855,640	19,353	53,411	13,418,392	262	494,511	61614	241	8,343,161	133	30,291,148	39,027	4,654,058	3,234,495	25	0	Americas	small	4	0	0
True	obj2881	test	0	36	B. Carter	Quantum Rain	Dark Matter	23.03.2025	MV202501339	2325	17,2	22,877,709	198,321	58,672,150	12,500,550	461,954	691,618	4,698,061	12,713,928	14,869,448	318	415,812	63898	235	1,646,676	28	174,772	84,531	28,371,019	4,895,397	8	1	Asia-Pacific	large	0	4	0
True	obj2882	test	0	35	E. Brooks	Arctic Pulse 2025 3	New Dawn	15.03.2025	MV202501340	4769	44,9	503,426	187,127	75,013,591	297,996	6,998	128,946	108,791	220,895	11,609,362	177	478,595	96094	14	6,281,294	179	49,003,140	71,889	10,502,757	2,352,354	97	0	Americas	small	0	0	1
True	obj2883	test	0	55	Y. Tanaka	Glass Reactor 2025	Prime Story	19.09.2025	MV202501272	650	63,4	4,845,518	160,287	68,403,866	3,439,179	167,491	884,942	788,291	2,063,738	9,602,538	248	269,187	91932	25	2,945,640	88	35,247,987	85,693	4,961,884	1,885,772	62	0	Asia-Pacific	medium	1	2	2
True	obj2884	test	0	64	J. Martinez	Ocean of Stars 2025	Chronicles Saga	09.07.2025	MV202501274	3909	18,2	434,042	11,601	3,715,256	150,504	5,703	131,302	110,494	338,048	9,223,465	283	46,137	95108	107	9,515,747	160	49,946,295	681	28,311,598	3,528,216	70	0	Europe	large	2	0	0
True	obj2885	test	0	60	I. Hassan	Violet Engine 2025	Prime Story	22.01.2025	MV202501294	36	97,5	7,099,677	123,598	73,130,225	3,324,119	79,213	1,450,883	1,164,631	2,236,968	10,614,149	228	286,757	94412	239	2,717,262	188	12,334,181	25,497	27,002,128	1,591,596	37	0	Americas	large	2	3	3
True	obj2886	test	0	39	N. Fischer	Northern Code	Final Chapter	19.12.2025	MV202501295	460	34,2	46,138,693	64,103	51,201,107	3,329,566	151,048	953,122	9,870,796	30,742,642	4,451,409	12	249,349	55578	252	2,116,473	104	46,117,310	64,241	10,032,842	4,609,833	24	1	Europe	small	0	4	0
True	obj2887	test	0	52	B. Carter	Echo Chamber 2025 3	Legacy Cycle	07.09.2025	MV202501296	3602	67,1	1,540,359	40,137	6,235,351	701,455	29,981	1,946,147	299,777	459,988	9,560,406	169	491,092	27010	178	2,755,432	144	12,312,592	83,506	14,903,416	2,723,084	44	0	Asia-Pacific	large	1	0	2
True	obj2888	test	0	49	J. Martinez	Carbon Dreams 2025	Open Sky	15.04.2025	MV202501310	584	25,4	7,393,856	158,616	17,061,002	761,624	16,717	990,258	1,462,532	5,427,283	17,597,176	308	211,510	9476	139	3,607,752	10	5,627,974	2,039	612,029	216,683	49	0	Europe	large	1	3	0
True	obj2889	test	0	82	Q. Jensen	Golden Ratio	Universe Zero	26.10.2025	MV202501328	1230	87,5	4,832,627	130,977	62,130,901	2,237,832	110,499	1,737,779	1,444,562	3,312,336	16,552,800	226	373,876	84503	227	4,867,207	151	13,491,460	28,814	3,413,177	3,131,317	92	1	Americas	medium	4	2	3
True	obj2890	test	0	79	S. Patel	Broken Compass 2025	New Dawn	17.07.2025	MV202501329	4580	86	56,752,871	135,587	75,412,572	8,031,548	94,568	1,457,811	9,089,764	25,422,645	15,948,915	101	299,412	33986	11	3,843,348	169	9,984,051	72,044	18,490,585	353,016	14	0	Europe	large	3	4	3
True	obj2891	test	0	75	Q. Jensen	Last Signal 2025 4	Prime Story	29.01.2025	MV202501332	1972	38,5	1,696,257	9,426	47,305,918	1,103,879	31,746	1,937,131	131,546	279,201	15,427,181	256	393,551	17657	166	5,561,394	192	3,285,335	52,560	22,406,208	1,396,367	16	1	Americas	medium	3	0	1
True	obj2892	test	0	91	O. Dubois	Lunar Cartography 2025	Standalone	21.11.2025	MV202501347	3352	114,5	9,079,457	81,159	25,698,364	4,647,317	196,257	218,507	1,594,196	6,092,956	1,257,826	116	95,596	89278	119	6,518,773	46	47,466,239	78,017	13,318,734	4,053,298	54	0	Latin America	large	4	3	4
True	obj2893	test	0	50	S. Patel	Midnight Cartel 2025	Prime Story	06.01.2025	MV202501350	4164	119,5	6,198,991	136,789	3,029,398	2,723,289	130,704	259,805	1,802,132	3,597,292	8,042,934	357	277,873	78174	129	4,672,884	52	18,876,662	92,750	24,345,781	2,287,557	76	0	Europe	large	1	2	4
True	obj2894	test	0	44	F. Nguyen	Silent Protocol 2025	Dark Matter	25.06.2025	MV202501363	1075	79,1	9,822,477	187,713	4,601,519	3,445,788	122,757	1,882,306	2,324,745	5,057,907	17,270,367	487	221,030	7370	204	1,091,591	157	14,240,914	23,614	14,570,456	2,416,377	37	0	Asia-Pacific	large	1	3	3
True	obj2895	test	0	67	C. Wright	Broken Compass 2025 4	Open Sky	16.07.2025	MV202501364	3864	36,2	2,889,715	62,790	62,359,320	1,183,569	39,418	236,628	421,017	661,041	16,749,707	152	131,986	2391	48	7,048,631	176	13,891,517	29,813	16,794,532	3,683,826	13	0	Europe	small	2	1	0
True	obj2896	test	0	35	F. Nguyen	Ember Valley 2025 3	Dark Matter	10.05.2025	MV202501366	2272	30,8	2,029,097	180,975	36,515,348	801,595	39,443	1,744,180	402,322	759,554	2,478,131	126	398,923	23923	163	9,815,818	188	1,549,527	31,414	15,695,832	2,991,650	68	0	Asia-Pacific	large	0	0	0
True	obj2897	test	0	41	N. Fischer	Thunder Archive	Standalone	18.09.2025	MV202501358	1753	95,2	25,483,277	98,220	7,211,264	20,249,729	329,474	1,221,930	5,621,825	19,685,168	18,756,289	256	187,661	31902	36	5,240,092	155	5,083,664	82,552	13,875,538	4,903,232	86	0	Europe	small	0	4	3
True	obj2898	test	0	83	B. Carter	White Noise	Origin Arc	20.05.2025	MV202501370	3737	34,8	40,706,241	65,478	55,163,985	29,278,223	1,106,940	290,868	1,857,059	4,428,776	8,344,852	422	325,826	17455	134	9,171,839	190	28,530,922	85,002	24,129,832	1,131,000	82	0	Asia-Pacific	large	4	4	0
True	obj2899	test	0	75	C. Wright	Deep Current 2025	Standalone	09.10.2025	MV202501426	3645	37,8	1,379,725	193,336	28,624,301	396,495	5,800	232,119	168,658	449,082	6,911,262	35	201,568	56680	36	7,193,769	186	23,706,449	68,529	1,951,204	3,892,185	53	1	Europe	small	3	0	1
True	obj2900	test	0	76	V. Popov	Digital Saints 2025 2	Standalone	01.05.2025	MV202501428	4712	92,7	6,347,268	47,586	5,959,014	2,257,292	101,257	1,966,204	245,950	945,179	14,103,601	134	29,460	81133	183	5,050,688	32	35,942,465	62,433	28,244,786	552,982	79	1	Latin America	large	3	2	3
True	obj2901	test	0	64	R. Silva	Neon Horizon	Open Sky	02.12.2025	MV202501447	3656	95,6	8,822,783	12,581	68,611,461	3,541,265	107,858	662,389	2,064,784	6,655,922	17,322,987	259	31,388	87601	230	5,177,058	54	48,620,154	77,823	6,741,304	657,268	58	0	Latin America	large	2	3	3
True	obj2902	test	0	45	L. Nakamura	Thunder Archive	Open Sky	13.03.2025	MV202501482	2853	98,6	6,811,121	49,427	20,587,195	4,236,993	135,915	660,765	326,353	1,178,460	19,332,927	195	244,979	37436	145	1,598,769	51	45,687,234	36,404	15,624,103	4,091,289	97	0	Americas	small	1	2	3
True	obj2903	test	0	32	B. Carter	Iron Garden 2025	Chronicles Saga	12.11.2025	MV202501485	3412	86,3	5,518,663	184,041	53,186,828	3,707,203	40,846	1,598,874	1,034,187	3,612,214	616,240	267	361,915	26277	187	2,311,245	144	21,879,571	99,527	23,331,288	1,646,548	12	0	Asia-Pacific	large	0	2	3
True	obj2904	test	0	53	Y. Tanaka	Electric Mirage 2	Universe Zero	11.04.2025	MV202501379	590	80,5	6,275,893	147,021	49,474,617	3,878,414	136,550	1,855,630	951,464	3,521,348	1,651,085	319	490,963	41510	126	4,834,159	198	24,435,697	57,313	10,397,032	2,214,838	42	1	Asia-Pacific	medium	1	2	3
True	obj2905	test	0	51	J. Martinez	Silver Transit 2025	Final Chapter	04.12.2025	MV202501385	3011	15,1	3,808,291	25,826	26,712,724	2,681,256	126,781	968,039	1,141,648	4,017,168	9,031,991	36	226,000	657	118	4,104,003	128	13,704,626	99,209	24,944,040	504,249	47	1	Europe	large	1	1	0
True	obj2906	test	0	91	C. Wright	Carbon Dreams	Chronicles Saga	21.04.2025	MV202501398	669	108,7	5,467,823	132,556	2,149,286	2,929,274	66,925	1,820,549	1,348,649	3,462,115	4,159,126	349	74,793	40938	81	5,851,865	133	2,854,950	78,949	20,295,389	4,119,131	60	1	Europe	small	4	2	4
True	obj2907	test	0	40	B. Carter	Silent Protocol 2025	Dark Matter	05.04.2025	MV202501400	185	92,2	26,861,727	71,163	64,175,251	21,233,328	280,563	1,806,894	6,720,470	13,431,725	4,206,428	381	332,192	32180	96	1,468,593	181	6,442,382	34,384	24,578,429	3,487,497	37	0	Asia-Pacific	large	0	4	3
True	obj2908	test	0	82	E. Brooks	Solar Drift 2025	Prime Story	03.01.2025	MV202501436	3318	27,1	1,624,330	2,024	54,831,938	693,724	7,619	928,129	415,263	1,066,969	10,405,107	403	176,773	88662	119	5,625,068	99	19,812,121	31,243	26,873,866	239,880	22	0	Americas	small	4	0	0
True	obj2909	test	0	70	B. Carter	Quantum Rain	Open Sky	15.09.2025	MV202501450	1486	65,3	5,964,921	25,279	39,527,876	918,371	33,144	1,779,554	599,390	1,645,765	8,799,205	493	227,922	39242	132	6,378,651	103	28,539,084	46,025	4,228,292	2,280,521	37	1	Asia-Pacific	large	3	2	2
True	obj2910	test	0	41	F. Nguyen	Stone Butterfly 2025	Prime Story	15.08.2025	MV202501469	2574	37,9	1,734,512	9,639	75,905,207	233,962	5,672	368,109	70,643	93,767	1,320,994	442	394,130	48358	243	82,145	56	6,429,332	69,969	27,958,068	3,624,880	23	0	Asia-Pacific	large	0	0	1
True	obj2911	test	0	32	W. Stone	Iron Garden 2025	Final Chapter	18.09.2025	MV202501471	4758	37,1	4,286,024	170,150	35,683,939	1,942,828	82,565	923,426	1,261,129	3,460,517	6,927,927	12	335,028	35697	208	6,270,722	13	48,745,261	84,500	15,858,527	3,160,661	27	1	Americas	small	0	2	0
True	obj2912	test	0	74	C. Wright	Ghost Frequency	Final Chapter	15.08.2025	MV202501472	428	78,3	66,989,100	57,389	43,103,249	33,867,949	876,827	1,996,555	4,650,244	11,550,756	2,390,578	262	203,558	52608	221	7,168,474	128	14,792,374	44,540	8,646,721	2,088,105	97	0	Europe	small	3	4	2
True	obj2913	test	0	73	M. Chen	Northern Code 2025	Universe Zero	11.03.2025	MV202501475	2255	93,6	672,774	14,661	33,476,914	428,275	19,778	811,694	11,346	28,152	7,519,825	78	30,850	82862	205	7,241,801	102	20,968,662	62,290	13,542,478	1,159,363	17	1	Asia-Pacific	large	3	0	3
True	obj2914	test	0	94	H. Andersson	Iron Garden	Open Sky	05.08.2025	MV202501476	930	35,5	1,859,408	134,638	61,446,669	1,108,609	25,977	1,082,062	41,067	78,420	13,388,839	63	198,460	58037	79	1,034,834	148	40,019,119	79,476	20,322,262	165,936	56	0	Asia-Pacific	large	4	0	0
True	obj2915	test	0	48	P. Singh	Feral Harmony 2025	Origin Arc	02.04.2025	MV202501486	1951	98,7	6,739,147	29,286	4,024,266	1,273,878	17,647	1,237,036	356,057	1,003,978	15,546,310	92	466,171	44258	108	853,444	133	16,912,579	70,231	23,420,858	342,481	0	0	Latin America	small	1	2	3
True	obj2916	test	0	73	O. Dubois	Red Meridian 2025	New Dawn	21.08.2025	MV202501507	2927	20,8	7,303,712	176,935	9,162,754	1,309,132	35,677	926,669	796,501	2,391,144	9,877,410	303	385,062	93188	223	2,078,481	4	9,034,143	34,895	14,008,793	2,147,083	83	0	Latin America	large	3	3	0
True	obj2917	test	0	33	O. Dubois	Stone Butterfly 2025	Standalone	15.06.2025	MV202501509	964	67,3	3,327,181	112,191	68,927,023	1,855,693	88,409	104,608	502,301	1,255,293	14,593,929	290	461,690	86430	19	3,740,561	128	15,650,765	13,734	29,932,081	1,656,886	50	1	Latin America	large	0	1	2
True	obj2918	test	0	32	M. Chen	Stone Butterfly 2025	Legacy Cycle	22.01.2025	MV202501501	4581	91,7	9,405,950	27,661	7,144,760	1,931,816	22,497	844,535	887,707	1,187,129	13,236,508	394	330,740	73933	241	410,202	73	37,213,552	24,308	29,860,707	4,636,311	11	0	Asia-Pacific	large	0	3	3
True	obj2919	test	0	54	M. Chen	Stone Butterfly 2025	Origin Arc	27.08.2025	MV202501514	3058	112,3	1,097,263	62,235	26,774,217	505,171	22,972	1,212,473	66,362	186,247	9,160,151	417	379,565	98138	294	8,548,594	165	28,963,045	37,907	27,080,837	4,934,746	68	1	Asia-Pacific	large	1	0	4
True	obj2920	test	0	63	A. Volkov	Binary Sunset 2025	Standalone	29.03.2025	MV202501536	1204	82,5	2,447,123	145,664	49,818,975	519,454	21,650	1,736,935	662,989	1,984,832	3,810,665	36	383,186	84725	105	555,880	40	9,056,610	56,271	7,370,556	381,532	68	1	Americas	large	2	1	3
True	obj2921	test	0	77	C. Wright	Iron Garden 2025	Open Sky	11.07.2025	MV202501568	579	37,7	4,143,469	198,765	43,199,981	1,687,593	69,971	1,883,780	105,173	326,371	3,291,736	359	238,926	30102	95	5,215,083	84	22,211,026	6,985	20,842,616	2,838,992	41	0	Europe	small	3	2	1
True	obj2922	test	0	82	P. Singh	Aurora Debt 2025	Chronicles Saga	24.05.2025	MV202501569	1617	50,2	724,117	186,907	73,291,421	427,912	15,009	1,367,942	214,535	440,156	16,462,134	320	433,893	71322	108	9,798,604	13	43,507,152	91,225	956,580	3,829,812	57	1	Latin America	small	4	0	1
True	obj2923	test	0	76	M. Chen	Parallel Lines 2025	Legacy Cycle	07.07.2025	MV202501530	1445	117	2,728,958	21,520	47,383,509	1,165,783	15,285	317,957	712,466	1,666,980	19,646,572	237	67,049	82537	28	5,957,536	104	1,564,285	87,049	28,650,909	3,600,427	5	0	Asia-Pacific	large	3	1	4
True	obj2924	test	0	70	E. Brooks	Arctic Pulse 2025	Standalone	23.09.2025	MV202501540	2307	26,7	9,770,488	122,813	6,357,740	7,090,907	295,402	1,880,279	2,486,544	9,892,880	4,587,440	89	74,909	15180	33	3,811,341	154	45,605,192	91,708	28,106,840	2,534,347	38	0	Americas	small	3	3	0
True	obj2925	test	0	30	Q. Jensen	Ocean of Stars 2025	Chronicles Saga	20.03.2025	MV202501542	1691	61,5	12,138,492	123,160	51,009,670	628,600	6,646	211,822	179,934	479,925	8,992,250	415	392,922	46223	92	8,844,165	35	37,278,025	55,463	14,969,939	976,511	6	0	Americas	medium	0	3	2
True	obj2926	test	0	74	S. Patel	Arctic Pulse 2025	Dark Matter	01.07.2025	MV202501547	927	26,3	18,749,440	71,702	37,017,119	4,359,467	169,569	810,081	1,673,663	2,191,405	15,515,642	188	449,180	44848	191	226,800	177	41,013,637	60,550	23,567,007	685,534	87	0	Europe	large	3	4	0
True	obj2927	test	0	62	W. Stone	Ember Valley 2025	Open Sky	14.09.2025	MV202501566	2913	64	5,692,094	93,102	46,482,177	2,955,870	39,644	584,616	1,254,219	3,607,908	9,162,082	480	421,308	41673	194	6,121,353	186	29,445,305	90,789	5,307,583	1,126,510	71	0	Americas	small	2	2	2
True	obj2928	test	0	88	T. Kim	Feral Harmony 2025	Chronicles Saga	10.06.2025	MV202501581	236	74,7	1,416,195	62,160	60,445,071	803,782	32,075	689,546	396,017	1,148,689	7,494,146	112	143,548	79484	70	3,817,031	58	28,266,786	10,033	1,844,958	2,497,344	91	0	Americas	small	4	0	2
True	obj2929	test	0	43	D. Rossi	Burning Atlas 2025	Prime Story	17.09.2025	MV202501594	4733	100,6	8,180,396	157,765	35,654,713	2,185,369	87,252	453,402	526,991	1,548,121	16,126,567	55	381,827	7614	209	8,677,201	111	44,056,344	34,624	16,388,560	3,331,401	52	0	Latin America	medium	1	3	4
True	obj2930	test	0	92	L. Nakamura	Paper Kingdom 2025	New Dawn	04.04.2025	MV202501612	2624	87,2	12,690,064	138,448	55,148,430	2,269,231	86,172	1,479,628	1,642,857	2,791,634	6,811,439	299	361,949	1311	86	2,535,048	107	4,182,841	28,317	18,873,090	691,158	67	0	Americas	small	4	3	3
True	obj2931	test	0	42	H. Andersson	Kinetic Prayer 2025	Universe Zero	03.09.2025	MV202501619	4882	83	2,778,079	102,813	56,743,388	1,512,208	15,410	1,575,909	341,876	1,071,635	4,122,473	66	307,524	56094	240	7,187,752	189	40,589,180	82,986	35,005	3,204,907	41	0	Asia-Pacific	large	0	1	3
True	obj2932	test	0	51	S. Patel	Silver Transit 2025	Final Chapter	10.03.2025	MV202501637	3384	107,5	5,599,547	140,124	31,114,307	1,995,829	55,490	1,933,472	1,532,721	5,639,344	9,108,327	354	159,140	59772	214	6,810,864	141	46,668,460	78,858	20,668,099	3,113,915	35	0	Europe	large	1	2	4
True	obj2933	test	0	38	G. Murphy	Midnight Cartel 2025	Origin Arc	08.01.2025	MV202501656	3902	37,4	34,829,169	27,134	15,240,441	6,766,686	118,402	1,605,776	3,845,028	8,381,867	16,768,845	245	35,472	15461	91	1,104,432	1	11,766,576	78,124	24,422,881	4,646,737	51	0	Europe	medium	0	4	0
True	obj2934	test	0	48	F. Nguyen	City of Glass 2025	Open Sky	23.01.2025	MV202501664	680	19	276,165	36,850	46,212,506	85,472	1,124	76,227	66,026	108,033	7,761,358	323	240,248	31355	254	9,242,595	119	35,181,105	74,951	13,028,245	110,176	11	0	Asia-Pacific	large	1	0	0
True	obj2935	test	0	32	W. Stone	Iron Garden 2025	Prime Story	24.06.2025	MV202501677	714	24	14,175,288	69,853	32,858,962	4,580,500	81,237	1,380,539	450,041	1,021,219	4,653,898	206	153,865	39961	5	4,464,550	58	10,439,617	17,935	24,105,187	4,236,040	0	0	Americas	small	0	4	0
True	obj2936	test	0	43	L. Nakamura	Carbon Dreams 2025	Legacy Cycle	04.12.2025	MV202501683	1331	82,5	5,239,636	43,618	11,132,903	2,773,125	43,057	317,518	719,771	1,735,965	9,059,910	435	362,520	39274	223	1,585,610	50	14,680,426	99,920	28,015,927	3,889,275	94	0	Americas	small	1	2	3
True	obj2937	test	0	91	F. Nguyen	Hollow Crown 2025	Open Sky	08.11.2025	MV202501693	4101	74,7	2,061,741	130,819	26,433,772	1,070,108	24,644	1,981,700	320,223	920,551	6,927,097	436	200,352	55805	237	8,925,056	179	13,485,918	60,244	7,696,982	4,777,035	20	0	Asia-Pacific	large	4	0	2
True	obj2938	test	0	43	W. Stone	Deep Current 3	New Dawn	07.05.2025	MV202501698	1779	83,2	395,571	158,851	78,092,729	183,442	7,658	1,345,984	98,605	244,635	8,073,980	371	243,033	70156	254	6,442,642	36	48,368,171	24,060	25,132,946	3,831,758	48	0	Americas	small	1	0	3
True	obj2939	test	0	80	S. Patel	Digital Saints	Standalone	14.05.2025	MV202501700	4513	36,4	2,966,039	25,689	16,188,255	2,234,366	91,576	265,321	739,350	2,186,788	1,149,121	83	431,120	68406	12	8,300,069	173	19,952,827	73,421	512,202	2,265,821	54	0	Europe	large	3	1	0
True	obj2940	test	0	74	Z. Ali	Iron Garden 2025	Universe Zero	09.06.2025	MV202501716	1732	108,2	7,872,915	149,386	34,025,532	4,729,219	226,730	1,736,282	151,764	507,351	8,643,392	393	484,890	65260	5	6,379,838	99	13,034,991	13,930	878,082	4,374,761	65	0	Latin America	small	3	3	4
True	obj2941	test	0	71	A. Volkov	Infinite Margin	Legacy Cycle	22.06.2025	MV202501734	1075	119,1	13,919,249	32,356	58,541,073	5,948,683	280,180	1,849,156	847,270	1,443,027	13,825,919	415	79,115	68724	252	1,680,318	155	36,484,636	93,307	20,003,585	1,206,916	86	0	Americas	large	3	4	4
True	obj2942	test	0	70	K. Olsen	Hollow Crown 2025	Standalone	20.04.2025	MV202501771	1853	19,7	7,163,156	135,611	43,604,115	3,913,209	139,402	1,106,083	655,832	1,471,830	15,363,272	105	417,818	79383	37	3,138,723	145	11,994,172	19,826	11,327,393	2,829,171	63	1	Americas	large	3	3	0
True	obj2943	test	0	70	J. Martinez	Binary Sunset	Chronicles Saga	05.10.2025	MV202501772	2537	111,6	22,384,404	58,822	25,222,367	12,782,569	291,820	1,392,549	2,308,181	6,624,765	9,960,014	94	426,729	58154	261	1,561,647	41	25,173,957	54,362	19,720,255	543,929	95	0	Europe	large	3	4	4
True	obj2944	test	0	31	J. Martinez	Winter Echo 2025	Dark Matter	30.04.2025	MV202501667	700	25,2	16,993,189	178,741	66,704,973	4,549,000	209,816	881,360	2,917,423	11,576,033	18,715,649	422	405,058	44248	235	2,885,562	99	41,765,956	62,630	5,637,348	4,698,722	50	0	Europe	large	0	4	0
True	obj2945	test	0	75	L. Nakamura	Ghost Frequency	Open Sky	13.10.2025	MV202501669	3819	82,5	12,050,285	153,595	75,123,707	8,414,762	173,871	499,684	3,195,191	7,844,863	8,410,123	144	188,708	51770	275	8,818,717	62	28,043,772	88,948	11,199,112	3,441,403	54	0	Americas	small	3	3	3
True	obj2946	test	0	78	L. Nakamura	Silent Protocol 2025	Prime Story	18.07.2025	MV202501738	48	62,8	11,988,810	136,238	30,079,867	4,639,871	86,988	858,200	2,799,455	10,991,366	17,371,438	95	187,917	82219	39	9,767,117	121	44,887,636	95,208	27,359,241	2,723,026	51	0	Americas	small	3	3	2
True	obj2947	test	0	72	P. Singh	Thunder Archive 2025	New Dawn	28.01.2025	MV202501742	1431	51,4	32,199,781	109,804	56,629,528	24,208,624	1,185,844	1,234,429	1,248,612	2,073,764	17,274,664	444	236,298	72864	212	473,140	181	16,816,326	24,849	21,536,122	588,248	15	0	Latin America	small	3	4	1
True	obj2948	test	0	34	Z. Ali	Glass Reactor	Chronicles Saga	30.04.2025	MV202501745	3995	57,2	2,174,910	154,677	70,252,965	1,700,044	84,453	1,269,519	591,069	1,022,711	12,432,933	462	367,633	35011	75	9,635,895	94	33,055,725	79,398	7,885,776	1,686,410	69	0	Latin America	small	0	0	1
True	obj2949	test	0	46	R. Silva	Parallel Lines 2025	Final Chapter	17.09.2025	MV202501764	2137	15,8	4,718,228	37,304	31,233,859	992,489	24,783	1,752,748	207,102	288,626	1,930,459	312	492,492	41746	3	2,656,634	66	7,608,630	40,545	16,551,847	626,888	93	1	Latin America	large	1	2	0
True	obj2950	test	0	47	G. Murphy	Digital Saints	Prime Story	24.05.2025	MV202501781	4038	109	4,564,330	192,783	59,079,148	1,931,268	23,385	861,320	540,332	1,271,512	5,338,411	286	139,771	24481	241	5,125,334	178	17,623,162	72,245	3,671,464	4,030,656	50	0	Europe	medium	1	2	4
True	obj2951	test	0	72	D. Rossi	Blue Static 2025	Legacy Cycle	02.12.2025	MV202501795	1605	99,4	5,775,111	47,717	5,386,209	3,981,215	169,493	1,669,336	478,910	1,743,654	13,943,672	190	429,942	35284	120	5,514,132	173	2,964,605	15,633	4,103,115	3,192,443	1	1	Latin America	medium	3	2	3
True	obj2952	test	0	84	T. Kim	Feral Harmony	Universe Zero	30.06.2025	MV202501803	3005	65,1	7,072,961	111,985	4,034,490	2,172,393	42,199	1,453,268	734,738	1,129,970	10,154,559	252	323,853	72077	218	8,177,567	149	39,353,536	25,315	19,781,872	2,609,833	17	1	Americas	small	4	3	2
True	obj2953	test	0	85	N. Fischer	Solar Drift	New Dawn	03.07.2025	MV202501807	3909	37,8	15,070,958	52,913	23,307,856	8,530,092	153,571	786,983	4,270,195	7,848,520	18,912,611	49	8,052	24715	13	9,116,237	101	22,804,699	27,934	113,397	1,059,211	83	0	Europe	small	4	4	1
True	obj2954	test	0	56	T. Kim	Hollow Crown 2025	Standalone	29.04.2025	MV202501820	741	109,7	7,145,465	51,312	76,322,816	5,411,006	96,034	1,305,930	78,104	290,743	13,870,447	364	322,514	61043	93	3,008,009	157	41,122,416	76,564	28,293,079	4,070,299	93	1	Americas	small	2	3	4
True	obj2955	test	0	55	N. Fischer	Hyperion Rise 2025	Origin Arc	18.07.2025	MV202501838	1851	36,9	3,907,412	73,147	74,490,462	2,216,143	36,582	1,963,647	1,101,094	2,281,428	10,898,965	282	207,796	70789	106	6,030,407	72	14,506,055	85,896	10,186,268	195,503	27	0	Europe	small	1	1	0
True	obj2956	test	0	43	K. Olsen	Silent Protocol	Final Chapter	27.04.2025	MV202501844	4873	34,8	5,865,437	179,026	31,549,404	4,061,869	143,254	1,239,020	1,390,856	4,701,192	9,987,069	485	411,088	45083	157	6,797,872	76	29,166,371	40,852	29,552,782	2,497,579	53	0	Americas	large	1	2	0
True	obj2957	test	0	79	Y. Tanaka	Last Signal 2025	Dark Matter	07.05.2025	MV202501857	1373	41,8	7,376,458	46,033	38,546,079	5,841,835	112,447	460,800	1,522,667	3,799,710	11,356,795	259	408,219	52913	278	728,460	182	48,656,715	4,084	4,221,131	1,162,043	46	0	Asia-Pacific	medium	3	3	1
True	obj2958	test	0	49	V. Popov	Blue Static	Final Chapter	23.06.2025	MV202501876	2005	20,6	3,791,312	76,224	18,001,301	248,052	2,832	1,752,646	730,247	1,128,249	5,376,514	149	285,292	4118	188	9,430,371	126	19,447,888	39,461	5,627,014	1,531,863	57	1	Latin America	large	1	1	0
True	obj2959	test	0	70	E. Brooks	Ember Valley 3	Dark Matter	13.09.2025	MV202501878	4681	116,5	5,254,314	138,293	44,163,006	3,346,345	157,104	1,834,099	904,365	2,841,544	8,326,262	192	214,934	66080	89	1,999,303	39	4,421,038	32,044	17,922,264	1,069,020	89	1	Americas	small	3	2	4
True	obj2960	test	0	47	A. Volkov	City of Glass	Origin Arc	28.05.2025	MV202501891	3269	46,4	1,355,843	102,887	46,816,830	1,017,132	24,001	211,461	46,346	127,391	1,822,632	190	391,718	84751	295	5,350,884	39	25,566,156	5,561	23,240,186	583,661	25	0	Americas	large	1	0	1
True	obj2961	test	0	48	Y. Tanaka	Velvet Storm 2025	Final Chapter	01.05.2025	MV202501910	2256	69,2	4,641,260	12,695	35,453,662	966,938	13,964	58,883	980,448	1,185,361	13,263,831	193	267,646	33610	98	5,106,600	47	21,289,485	74,604	27,263,876	4,292,671	37	1	Asia-Pacific	medium	1	2	2
True	obj2962	test	0	53	J. Martinez	Lunar Cartography	New Dawn	06.09.2025	MV202501829	122	107,4	9,729,039	188,083	50,736,746	5,436,176	127,175	190,759	2,484,225	5,092,359	18,997,624	196	223,427	86523	51	3,076,561	48	8,901,006	67,497	8,950,655	1,418,910	92	1	Europe	large	1	3	4
True	obj2963	test	0	30	D. Rossi	Obsidian Heart	Universe Zero	20.01.2025	MV202501836	2843	119	9,028,287	80,397	7,229,854	3,207,659	33,447	1,825,915	1,534,032	4,242,023	9,444,030	492	71,600	79117	281	5,033,124	53	3,586,177	37,842	4,791,485	2,300,726	94	0	Latin America	medium	0	3	4
True	obj2964	test	0	74	P. Singh	Crimson Archive 2025	Chronicles Saga	15.07.2025	MV202501847	346	93,6	29,295,932	331	51,196,213	7,522,068	279,168	694,578	524,517	873,004	6,632,591	100	15,778	32778	140	6,535,828	176	26,698,353	80,042	18,556,772	750,181	86	0	Latin America	small	3	4	3
True	obj2965	test	0	81	R. Silva	Electric Mirage 3	New Dawn	17.11.2025	MV202501852	4924	71,2	16,838,621	171,992	48,063,401	7,290,086	143,782	542,211	2,095,564	7,089,027	662,102	479	182,821	6141	104	4,781,289	22	38,249,045	43,851	11,807,069	4,344,944	49	1	Latin America	large	3	4	2
True	obj2966	test	0	94	I. Hassan	Arctic Pulse	Prime Story	12.04.2025	MV202501882	4533	58,1	13,706,138	121,616	49,415,665	10,504,737	115,644	1,662,235	898,198	2,971,428	18,484,234	84	88,484	91372	21	1,325,456	92	39,596,207	38,911	11,936,029	4,401,497	37	0	Americas	large	4	4	1
True	obj2967	test	0	58	E. Brooks	Neon Horizon 2025	New Dawn	24.04.2025	MV202501902	1804	101,7	30,324,344	145,469	11,446,575	20,819,785	615,821	832,230	2,870,931	10,677,341	13,309,579	284	64,100	12781	208	7,983,709	151	21,058,123	88,357	1,486,854	141,406	85	0	Americas	small	2	4	4
True	obj2968	test	0	88	M. Chen	White Noise	Prime Story	27.02.2025	MV202501906	1031	37,2	6,460,628	145,082	48,613,028	1,338,081	29,348	1,937,316	869,885	1,407,443	16,360,241	332	280,469	58570	0	1,912,034	158	7,245,275	75,728	25,091,051	1,799,382	91	0	Asia-Pacific	large	4	2	0
True	obj2969	test	0	69	G. Murphy	Deep Current 2025	Universe Zero	15.11.2025	MV202501942	2795	29,2	10,691,978	199,617	73,757,359	6,199,611	126,287	1,785,431	2,616,107	8,650,573	14,728,249	73	440,491	52791	129	1,085,455	42	9,488,710	65,242	323,710	2,137,825	80	0	Europe	medium	3	3	0
True	obj2970	test	0	85	M. Chen	Nova Protocol	Chronicles Saga	23.04.2025	MV202501928	2334	89,7	5,919,778	91,862	40,696,421	2,395,030	85,589	554,386	153,660	523,164	5,105,330	428	115,150	99129	202	3,491,139	93	4,469,383	82,739	20,832,468	2,814,217	78	1	Asia-Pacific	large	4	2	3
True	obj2971	test	0	66	N. Fischer	Shadow Circuit 2025	Chronicles Saga	09.03.2025	MV202501929	3553	28,8	1,122,272	34,607	70,237,092	115,753	1,208	415	122,344	329,439	10,247,685	374	326,372	91878	192	2,983,756	157	15,415,048	45,785	13,358,955	800,510	50	0	Europe	small	2	0	0
True	obj2972	test	0	31	V. Popov	Desert Oracle	Legacy Cycle	09.08.2025	MV202501931	3753	43,8	3,953,467	154,539	65,004,160	2,780,174	131,923	1,043,505	581,810	2,282,923	2,082,017	484	72,225	75655	224	469,708	75	38,628,714	68,166	9,724,846	4,897,612	57	0	Latin America	large	0	1	1
True	obj2973	test	0	43	M. Chen	Hollow Crown 2025	Standalone	28.05.2025	MV202501935	1809	84,3	4,285,525	43,866	46,899,675	2,924,851	59,346	1,672,239	647,988	1,577,136	15,956,858	58	374,272	3911	241	6,730,357	4	43,606,494	75,711	784,488	4,158,457	76	0	Asia-Pacific	large	1	2	3
True	obj2974	test	0	69	G. Murphy	Nova Protocol 2025	Final Chapter	06.09.2025	MV202501945	297	15,9	16,957,061	91,509	44,522,995	9,228,771	302,285	356,861	4,202,892	8,382,166	5,225,345	79	99,816	34437	172	7,223,197	126	19,079,211	51,427	847,640	3,627,845	78	1	Europe	medium	3	4	0
True	obj2975	test	0	60	S. Patel	Velvet Storm 4	Origin Arc	03.07.2025	MV202501968	4784	16	3,804,857	163,093	59,753,678	1,437,612	54,565	1,552,540	848,202	2,847,845	18,862,138	125	437,801	75234	298	6,364,543	60	43,521,665	98,183	16,898,919	4,438,874	14	0	Europe	large	2	1	0
True	obj2976	test	0	79	S. Patel	Crystal Fault 2025	Prime Story	15.08.2025	MV202501970	3558	50,8	282,918	39,527	44,247,074	126,915	2,124	1,340,685	58,126	80,085	19,950,330	494	359,914	56369	48	1,022,905	20	43,552,090	50,394	21,835,293	1,411,702	15	0	Europe	large	3	0	1
True	obj2977	test	0	85	Z. Ali	Deep Current 2025	Prime Story	07.08.2025	MV202501971	1584	53,8	25,122,782	40,581	46,481,102	17,607,802	790,484	157,771	254,564	588,047	5,906,385	229	447,793	36515	295	3,295,166	80	14,285,728	9,176	27,951,399	4,878,570	90	0	Latin America	small	4	4	1
True	obj2978	test	0	81	B. Carter	Thunder Archive 2025	Dark Matter	11.04.2025	MV202501988	68	107,1	1,658,920	182,996	29,378,887	931,349	43,953	822,045	120,605	229,748	15,801,955	315	467,907	68874	148	407,256	156	38,846,466	95,951	19,557,719	4,017,169	55	0	Asia-Pacific	large	3	0	4
True	obj2979	test	0	58	N. Fischer	Velvet Storm 2025	Chronicles Saga	05.10.2025	MV202502000	3466	100	4,455,102	169,361	47,129,742	3,342,025	40,649	1,580,586	1,328,983	3,306,085	5,868,344	108	398,067	50629	133	6,488,542	27	11,850,117	72,369	26,919,493	2,358,537	99	0	Europe	small	2	2	4
True	obj2980	test	0	46	A. Volkov	Kinetic Prayer	Prime Story	26.01.2025	MV202502003	2749	47,1	736,422	137,869	38,908,390	242,532	5,839	365,869	75,468	297,681	18,419,330	210	417,038	4056	143	7,965,467	31	32,048,438	58,387	28,472,467	1,387,105	10	0	Americas	large	1	0	1
True	obj2981	test	0	89	E. Brooks	Aurora Debt 2025	Open Sky	25.03.2025	MV202502005	1178	45,5	3,062,611	198,251	57,481,710	2,276,728	69,298	471,539	71,934	149,157	18,699,962	67	242,233	1687	276	3,546,335	101	39,224,386	60,924	662,126	2,176,409	25	1	Americas	small	4	1	1
True	obj2982	test	0	43	O. Dubois	Velvet Storm 3	Final Chapter	10.09.2025	MV202502026	1102	42,4	12,784,190	36,151	36,484,434	1,657,653	62,449	804,971	3,630,246	6,998,028	8,463,224	433	218,132	85891	109	2,501,840	56	31,816,828	83,112	17,378,479	3,222,682	21	0	Latin America	large	1	3	1
True	obj2983	test	0	75	B. Carter	Crystal Fault 2025	Chronicles Saga	01.04.2025	MV202502028	629	67,7	8,031,567	43,150	29,282,123	1,478,063	62,876	1,423,601	118,408	204,721	8,254,118	375	295,157	81914	86	1,407,645	112	21,319,430	48,129	8,891,249	937,650	95	0	Asia-Pacific	large	3	3	2
True	obj2984	test	0	89	I. Hassan	Hyperion Rise	Universe Zero	25.07.2025	MV202502029	760	71,7	3,005,853	95,683	8,838,629	246,056	3,347	1,963,598	90,234	257,347	16,844,312	143	154,986	64619	168	5,825,650	42	41,568,845	27,208	1,203,347	55,518	16	0	Americas	large	4	1	2
True	obj2985	test	0	67	D. Rossi	Jade Frequency	Origin Arc	04.04.2025	MV202502049	3106	58,1	2,279,206	48,719	23,600,056	681,570	19,143	1,117,031	215,101	361,341	956,356	95	331,456	51171	108	9,000,727	31	36,475,597	67,399	2,319,967	2,425,315	67	1	Latin America	medium	2	1	1
True	obj2986	test	0	36	R. Silva	Quantum Rain 2025	Prime Story	01.09.2025	MV202502052	530	28,9	4,604,875	157,218	9,553,376	3,135,620	49,473	1,109,885	690,355	1,676,056	16,029,236	264	398,819	76719	1	5,297,164	54	17,294,356	40,684	17,918,131	4,028,351	62	0	Latin America	large	0	2	0
True	obj2987	test	0	72	B. Carter	Neon Horizon	Origin Arc	11.01.2025	MV202501979	3920	103,5	3,574,566	178,966	79,638,242	1,559,373	58,005	1,045,613	987,260	3,151,724	7,204,366	354	126,543	72081	16	3,001,084	117	25,084,784	6,664	6,465,157	2,999,815	75	0	Asia-Pacific	large	3	1	4
True	obj2988	test	0	45	V. Popov	Silver Transit 2025	Legacy Cycle	09.02.2025	MV202501995	1066	38,9	4,913,942	134,522	65,309,541	1,395,112	68,920	1,992,285	537,246	945,404	17,754,058	244	94,049	17319	118	3,030,363	10	4,833,488	63,562	9,304,206	2,810,170	96	0	Latin America	large	1	2	1
True	obj2989	test	0	73	D. Rossi	Violet Engine 2025	Open Sky	08.07.2025	MV202502022	2005	60,5	7,862,423	84,820	75,054,325	485,783	14,859	1,605,439	140,467	421,594	11,656,011	294	74,004	88878	63	6,326,125	21	399,422	92,418	18,984,533	392,120	49	1	Latin America	medium	3	3	2
True	obj2990	test	0	74	M. Chen	Burning Atlas 2025	New Dawn	05.04.2025	MV202502090	466	112	24,120,525	69,335	11,169,605	16,701,973	634,478	567,577	2,666,177	10,354,032	17,587,435	399	310,861	3252	279	5,411,940	141	21,304,576	71,306	17,861,909	2,054,993	61	1	Asia-Pacific	large	3	4	4
True	obj2991	test	0	84	T. Kim	Parallel Lines 2	New Dawn	05.01.2025	MV202502091	4685	81,9	25,496,714	137,234	9,935,078	18,536,680	296,696	18,073	308,330	732,079	12,297,653	256	193,161	4916	214	4,667,690	136	22,362,353	9,324	10,863,332	4,463,329	38	0	Americas	small	4	4	3
True	obj2992	test	0	86	E. Brooks	Ember Valley 2025	Chronicles Saga	22.02.2025	MV202502065	4387	43	3,277,028	74,493	2,914,369	1,165,809	13,964	1,661,946	423,457	1,512,119	3,137,481	465	398,754	23091	165	6,983,543	80	17,951,142	89,946	14,200,383	576,473	33	0	Americas	small	4	1	1
True	obj2993	test	0	40	C. Wright	Shadow Circuit 2025	Universe Zero	24.04.2025	MV202502069	3506	109,7	19,250,206	190,977	48,730,441	1,923,273	53,346	1,696,550	5,163,141	8,836,569	6,382,017	467	136,709	59535	18	9,992,754	69	30,988,629	67,929	10,352,896	3,909,062	81	0	Europe	small	0	4	4
True	obj2994	test	0	42	M. Chen	Iron Garden	Origin Arc	02.06.2025	MV202502101	1817	76,2	465,336	100,781	71,847,229	244,637	5,427	848,884	109,692	217,632	12,438,260	160	355,050	18757	254	1,992,353	94	32,280,714	77,560	4,729,846	2,056,139	44	0	Asia-Pacific	large	0	0	2
True	obj2995	test	0	88	K. Olsen	Crimson Archive 2025	Chronicles Saga	01.01.2025	MV202502119	108	119,6	254,369	151,925	32,345,929	179,671	8,080	1,045,610	39,804	50,741	15,402,243	377	34,389	70289	54	8,655,069	132	19,250,636	4,992	20,113,932	3,193,850	42	1	Americas	large	4	0	4
True	obj2996	test	0	56	K. Olsen	Hyperion Rise	Standalone	27.12.2025	MV202502120	2329	110,7	8,479,515	114,318	15,558,667	4,202,798	115,284	465,789	1,164,135	3,333,055	4,302,768	419	271,900	36643	132	5,762,029	108	21,991,394	98,653	14,628,214	2,455,174	10	0	Americas	large	2	3	4
True	obj2997	test	0	64	O. Dubois	Burning Atlas	Chronicles Saga	17.11.2025	MV202502122	1331	101,1	5,831,992	68,387	75,886,764	1,091,008	54,028	1,170,931	1,392,985	5,534,960	12,145,069	352	383,624	87969	70	603,918	20	19,385,491	44,557	5,288,880	2,600,825	94	0	Latin America	large	2	2	4
True	obj2998	test	0	60	Y. Tanaka	Final Orbit 2025	New Dawn	31.01.2025	MV202502136	4495	56,5	11,950,824	60,643	6,632,189	3,544,871	83,793	325,474	2,144,550	6,841,942	12,437,998	55	339,310	30500	105	9,374,958	81	38,165,484	23,669	5,384,946	4,730,087	0	0	Asia-Pacific	medium	2	3	1
True	obj2999	test	0	37	E. Brooks	Broken Compass 2025	Legacy Cycle	14.12.2025	MV202502171	2557	69,5	27,318,561	38,597	52,976,193	15,411,866	595,089	1,325,877	1,545,984	2,513,517	2,980,147	5	63,373	95433	226	8,480,629	124	14,494,095	67,024	17,216,880	2,736,798	54	0	Americas	small	0	4	2
True	obj3000	test	0	74	G. Murphy	Ghost Frequency 2025	Prime Story	05.01.2025	MV202502192	576	114,8	13,930,102	102,360	78,367,166	5,008,537	52,352	1,252,693	2,134,219	4,944,349	13,793,764	494	402,682	43080	286	2,715,782	174	45,908,417	87,934	29,770,233	4,636,135	43	0	Europe	medium	3	4	4
True	obj3001	test	0	55	W. Stone	Glass Reactor	Prime Story	04.05.2025	MV202502196	4143	73,4	35,173,336	122,457	18,940,940	5,958,157	68,874	1,775,315	8,846,420	21,741,072	6,886,372	224	197,536	77680	276	2,472,850	171	890,922	8,511	28,932,243	2,483,956	98	0	Americas	small	1	4	2
True	obj3002	test	0	45	H. Andersson	Neon Horizon 2025	Dark Matter	08.10.2025	MV202502112	2429	36	2,035,554	77,827	6,134,006	1,212,444	55,692	1,491,175	457,151	1,250,677	15,149,098	85	228,447	60132	185	4,711,832	65	43,374,779	95,464	26,756,942	2,763,230	13	0	Asia-Pacific	large	1	0	0
True	obj3003	test	0	61	K. Olsen	Lunar Cartography 2025	Legacy Cycle	05.12.2025	MV202502115	962	52,1	8,739,127	136,984	78,342,057	1,241,940	53,452	103,103	1,848,068	5,907,135	12,011,967	339	336,985	40268	267	798,236	17	45,253,754	85,883	21,807,277	1,748,570	99	0	Americas	large	2	3	1
True	obj3004	test	0	57	Q. Jensen	Hollow Crown 2025	New Dawn	22.05.2025	MV202502128	638	88,9	19,393,765	26,814	44,699,059	10,096,132	123,338	436,355	5,487,904	14,380,112	15,083,801	434	276,336	52982	234	2,516,613	122	48,059,767	9,262	5,955,415	569,695	65	1	Americas	medium	2	4	3
True	obj3005	test	0	78	V. Popov	Paper Kingdom	Prime Story	25.07.2025	MV202502180	4628	107,7	5,533,950	44,481	56,683,992	2,841,743	60,011	1,285,288	807,518	1,344,598	14,188,006	296	50,034	80114	106	7,860,410	171	2,541,089	70,763	12,480,187	4,912,373	75	0	Latin America	large	3	2	4
True	obj3006	test	0	41	Q. Jensen	Silver Transit	Chronicles Saga	14.03.2025	MV202502185	812	81,5	8,604,913	122,461	64,737,937	5,274,490	158,168	1,422,101	1,808,656	5,571,086	9,040,010	333	370,366	99347	266	3,561,072	75	25,923,114	67,110	26,357,936	831,884	51	1	Americas	medium	0	3	3
True	obj3007	test	0	69	A. Volkov	Final Orbit 2025	Open Sky	15.04.2025	MV202502222	2287	45	5,273,526	169,716	37,917,114	3,811,510	146,904	36,306	926,238	1,215,126	4,194,410	414	293,940	11562	21	5,133,945	143	8,041,379	46,282	13,172,586	3,902,231	25	0	Americas	large	3	2	1
True	obj3008	test	0	54	A. Volkov	Silent Protocol 2025	Open Sky	05.10.2025	MV202502234	501	71,1	1,947,848	170,032	13,444,678	1,338,168	56,456	1,857,866	182,969	453,647	3,050,623	433	99,530	10938	63	1,792,150	173	1,559,368	23,155	22,790,388	1,229,297	62	0	Americas	large	1	0	2
True	obj3009	test	0	84	N. Fischer	Thunder Archive 2025	Final Chapter	08.11.2025	MV202502241	4082	94,4	3,434,699	152,753	1,333,482	937,181	10,137	583,293	814,154	1,838,367	1,445,101	179	68,341	89675	45	8,527,455	79	46,181,152	58,417	10,702,103	2,424,933	81	0	Europe	small	4	1	3
True	obj3010	test	0	69	H. Andersson	Shadow Circuit 2025	Standalone	24.08.2025	MV202502224	821	96,5	2,005,241	99,110	49,418,722	409,504	12,489	89,706	331,370	1,187,407	4,176,995	346	456,690	1031	64	26,683	188	31,615,792	81,481	10,556,363	2,307,818	40	0	Asia-Pacific	large	3	0	3
True	obj3011	test	0	67	F. Nguyen	Final Orbit 2025	Final Chapter	29.10.2025	MV202502263	1019	20,8	2,055,681	37,425	25,529,441	164,878	6,816	1,785,295	367,940	453,157	15,992,570	207	29,135	97215	74	7,366,931	87	16,490,933	27,913	1,437,223	3,718,866	58	0	Asia-Pacific	large	2	0	0
True	obj3012	test	0	59	O. Dubois	Quantum Rain	Legacy Cycle	08.10.2025	MV202502267	54	80,7	12,460,665	80,314	70,801,288	5,975,390	168,060	1,879,627	1,057,002	3,920,962	2,676,683	227	36,186	23971	167	4,304,488	196	29,555,022	70,645	16,707,138	59,952	18	1	Latin America	large	2	3	3
True	obj3013	test	0	70	I. Hassan	Kinetic Prayer 2025	Prime Story	04.07.2025	MV202502280	564	48,2	30,197,896	62,666	25,525,045	17,097,016	252,721	47,469	4,310,085	6,105,407	7,378,855	154	179,887	17960	295	4,902,359	95	28,503,947	54,099	15,330,383	189,644	5	0	Americas	large	3	4	1
True	obj3014	test	0	32	F. Nguyen	Silver Transit 2025	Universe Zero	17.05.2025	MV202502296	4454	37,9	5,778,334	1,055	62,835,865	2,451,476	61,548	1,507,737	207,634	570,019	19,798,362	484	405,287	79192	206	3,768,380	119	19,913,095	94,676	10,701,119	1,580,056	14	0	Asia-Pacific	large	0	2	1
True	obj3015	test	0	39	Z. Ali	Hyperion Rise	New Dawn	26.09.2025	MV202502301	4538	105,6	16,281,184	67,276	50,925,369	7,796,143	94,115	1,170,762	1,352,230	5,064,000	4,922,298	106	42,374	18471	65	4,079,875	164	34,655,366	64,678	16,296,068	245,008	57	0	Latin America	small	0	4	4
True	obj3016	test	0	75	D. Rossi	City of Glass 2025	Chronicles Saga	07.03.2025	MV202502316	635	74,4	1,188,431	50,598	68,562,839	381,652	4,198	384,813	124,610	211,629	16,288,221	159	315,980	44213	271	1,132,803	21	2,363,776	46,509	11,566,773	4,618,921	18	0	Latin America	medium	3	0	2
True	obj3017	test	0	90	N. Fischer	Desert Oracle 2025	Legacy Cycle	12.02.2025	MV202502317	4584	68,9	1,780,343	24,469	4,729,497	95,722	1,689	1,278,692	322,354	576,459	11,482,245	55	237,889	72128	43	4,333,795	194	25,050,034	8,488	22,073,389	3,894,467	77	0	Europe	small	4	0	2
True	obj3018	test	0	52	F. Nguyen	Hollow Crown	Final Chapter	03.08.2025	MV202502335	166	112,5	27,859,657	154,795	27,442,104	7,104,352	212,398	596,886	7,845,066	13,123,394	6,882,525	323	266,536	88187	287	626,574	130	20,917,662	395	11,982,019	311,040	11	0	Asia-Pacific	large	1	4	4
True	obj3019	test	0	51	I. Hassan	Midnight Cartel 2025	New Dawn	03.06.2025	MV202502253	3846	26,4	4,360,148	46,111	23,947,029	284,843	3,410	271,443	943,066	3,047,502	9,258,754	1	23,246	91694	169	4,830,327	189	31,422,175	41,623	6,824,648	623,147	12	0	Americas	large	1	2	0
True	obj3020	test	0	79	V. Popov	Paper Kingdom 2	Prime Story	05.04.2025	MV202502274	1904	22,8	18,972,254	120,942	71,570,945	9,501,739	291,629	309,529	4,830,497	7,910,422	7,340,609	304	200,730	27732	213	8,259,547	33	41,768,685	16,632	8,103,639	2,223,258	89	0	Latin America	large	3	4	0
True	obj3021	test	0	37	E. Brooks	Red Meridian 2025	Open Sky	29.12.2025	MV202502276	1080	21,8	9,668,145	40,714	30,681,155	2,755,945	108,675	870,871	712,395	1,370,518	5,208,490	98	15,600	73648	110	11,560	185	9,120,481	94,914	7,140,802	2,921,392	13	0	Americas	small	0	3	0
True	obj3022	test	0	37	N. Fischer	Blue Static	Open Sky	08.02.2025	MV202502292	966	77,3	11,863,152	64,946	52,645,836	7,672,169	153,874	396,528	563,982	1,473,340	16,208,636	6	478,587	34668	12	5,496,185	32	7,330,057	75,406	25,943,818	3,616,783	90	0	Europe	small	0	3	2
True	obj3023	test	0	92	P. Singh	Desert Oracle 2025	Final Chapter	07.05.2025	MV202502307	4390	103,1	9,877,615	55,500	55,555,932	3,167,268	124,898	1,563,449	2,957,157	6,221,301	5,977,283	353	229,052	17819	127	5,673,352	46	32,350,304	28,376	15,310,445	1,950,720	48	0	Latin America	small	4	3	4
True	obj3024	test	0	78	Y. Tanaka	Carbon Dreams 2025 3	Final Chapter	23.08.2025	MV202502312	3215	60,2	28,205,458	73,420	3,183,406	3,231,318	79,132	53,745	8,147,928	13,098,236	7,397,724	361	390,302	29877	10	4,534,964	168	42,812,261	8,135	29,740,999	1,588,767	24	0	Asia-Pacific	medium	3	4	2
True	obj3025	test	0	62	T. Kim	Ember Valley 2025	Prime Story	31.10.2025	MV202502324	4032	117,9	7,880,830	144,664	74,103,402	1,316,914	26,417	1,336,653	279,163	594,589	2,776,835	303	309,385	66071	194	5,795,370	79	11,458,924	12,085	893,536	2,244,048	56	1	Americas	small	2	3	4
True	obj3026	test	0	41	O. Dubois	Iron Garden 2025	Origin Arc	12.03.2025	MV202502331	2754	54,9	1,275,575	181,218	21,071,717	407,825	18,958	1,213,267	171,098	447,520	1,303,531	100	28,331	92471	290	2,288,161	20	28,823,547	84,174	3,178,195	3,233,954	36	0	Latin America	large	0	0	1
True	obj3027	test	0	55	J. Martinez	Golden Ratio	Final Chapter	10.02.2025	MV202502341	4894	81,4	14,728,900	109,156	33,410,096	11,669,923	393,131	736,373	909,122	1,747,838	12,381,154	242	223,721	86333	87	1,905,653	109	8,515,790	24,111	21,828,389	150,941	12	1	Europe	large	1	4	3
True	obj3028	test	0	81	E. Brooks	Desert Oracle 2025	Legacy Cycle	26.11.2025	MV202502362	4475	69,7	8,705,084	177,367	52,409,324	3,935,884	145,000	36,427	614,192	2,026,118	18,130,032	43	353,173	23961	191	1,545,362	199	26,719,148	20,904	12,313,728	498,727	71	0	Americas	small	3	3	2
True	obj3029	test	0	31	G. Murphy	Parallel Lines 2025	Prime Story	31.10.2025	MV202502363	916	39,5	1,509,904	81,343	5,094,748	647,549	12,947	1,977,306	71,489	197,288	13,730,361	368	184,640	78625	18	3,725,803	149	30,235,835	75,929	14,172,817	2,846,185	34	0	Europe	medium	0	0	1
True	obj3030	test	0	78	V. Popov	Electric Mirage 2025	Legacy Cycle	05.07.2025	MV202502381	4713	115,1	2,127,083	1,963	17,898,158	240,110	7,971	1,305,952	193,589	576,775	11,385,717	359	329,295	33480	148	5,521,848	96	27,506,415	64,838	2,983,748	3,783,667	42	0	Latin America	large	3	0	4
True	obj3031	test	0	57	R. Silva	Feral Harmony 2025 3	Prime Story	20.08.2025	MV202502385	2651	62	4,487,980	184,050	52,649,139	833,460	32,916	6,276	891,199	1,362,233	13,723,966	492	365,086	97107	269	1,028,239	84	26,920,082	81,541	14,537,691	3,334,258	90	0	Latin America	large	2	2	2
True	obj3032	test	0	91	P. Singh	Blue Static 2025	Standalone	06.06.2025	MV202502350	3698	116,8	3,259,649	62,736	5,049,216	1,107,517	22,892	509,107	340,238	728,608	10,025,638	316	332,736	94643	109	7,508,329	12	18,018,029	79,342	27,539,311	2,251,709	83	0	Latin America	small	4	1	4
True	obj3033	test	0	51	H. Andersson	Crystal Fault 2025	Final Chapter	17.05.2025	MV202502358	2645	69,8	9,031,622	114,262	6,475,636	3,483,030	76,812	705,351	384,026	1,381,987	4,528,645	355	61,742	26302	152	6,427,297	145	49,202,461	76,276	24,693,530	2,442,744	12	0	Asia-Pacific	large	1	3	2
True	obj3034	test	0	62	T. Kim	Burning Atlas 2025 3	Prime Story	04.04.2025	MV202502392	1928	58,6	5,553,274	164,236	55,556,662	2,595,167	75,228	615,957	427,647	1,094,237	14,531,644	5	40,404	81990	181	3,565,619	159	14,536,087	87,273	22,706,377	4,982,951	64	1	Americas	small	2	2	1
True	obj3035	test	0	33	B. Carter	Stone Butterfly 2025	Universe Zero	22.07.2025	MV202502393	3299	103,7	2,218,386	148,897	33,470,722	1,485,137	36,680	1,678,000	596,323	1,496,793	2,853,826	198	334,059	434	108	6,006,539	173	14,091,946	51,740	3,226,475	1,082,442	26	0	Asia-Pacific	large	0	1	4
True	obj3036	test	0	45	G. Murphy	Obsidian Heart 2025	Final Chapter	25.01.2025	MV202502394	610	113,3	3,377,923	198,782	37,499,027	1,703,306	51,177	1,421,479	965,047	3,415,901	7,259	375	320,971	14696	264	5,654,229	17	43,890,734	5,094	24,752,021	849,416	75	0	Europe	medium	1	1	4
True	obj3037	test	0	84	H. Andersson	Stone Butterfly 2025 3	Open Sky	15.01.2025	MV202502425	3941	50	28,901,060	196,130	14,818,262	11,604,410	444,307	1,244,021	3,608,992	12,893,842	9,496,941	52	240,701	95353	47	5,389,528	65	47,608,666	64,336	16,030,959	4,336,745	6	0	Asia-Pacific	large	4	4	1
True	obj3038	test	0	39	H. Andersson	White Noise 2025	Origin Arc	25.12.2025	MV202502445	3397	45,2	912,667	2,349	53,144,346	308,076	9,169	1,294,206	184,881	366,650	14,672,662	39	451,587	73025	174	1,118,652	150	23,017,245	22,574	21,198,623	4,180,955	82	0	Asia-Pacific	large	0	0	1
True	obj3039	test	0	61	J. Martinez	Ember Valley	Origin Arc	12.08.2025	MV202502446	3605	22,8	11,204,936	186,889	29,458,196	3,252,207	146,688	702,903	1,013,061	2,970,701	1,646,793	256	153,567	59634	102	117,989	28	36,530,019	32,926	22,208,453	3,694,036	66	0	Europe	large	2	3	0
True	obj3040	test	0	48	S. Patel	Iron Garden 2025	Final Chapter	29.04.2025	MV202502460	1553	64,1	8,087,852	86,429	15,856,788	5,239,606	76,633	726,342	1,171,785	4,412,361	12,953,010	400	313,534	90004	271	6,833,046	146	22,922,737	6,025	16,393,810	1,712,029	34	0	Europe	large	1	3	2
True	obj3041	test	0	38	O. Dubois	Northern Code 2025	Chronicles Saga	29.10.2025	MV202502463	2758	26,8	2,329,846	113,929	14,893,343	689,944	12,787	1,953,847	26,931	76,998	12,543,896	117	52,801	59752	290	6,858,556	192	17,854,360	9,330	21,862,763	1,675,745	65	0	Latin America	large	0	1	0
True	obj3042	test	0	45	Y. Tanaka	Obsidian Heart	Final Chapter	08.05.2025	MV202502465	3094	98,1	1,890,783	121,443	51,098,333	1,079,589	15,676	312,783	478,262	680,120	15,258,717	221	365,691	63739	218	5,046,879	163	13,529,954	85,717	62,443	2,469,362	57	1	Asia-Pacific	medium	1	0	3
True	obj3043	test	0	67	O. Dubois	Midnight Cartel 2025	Standalone	03.06.2025	MV202502477	1319	58,1	3,945,071	857	21,430,994	1,632,723	18,025	1,443,123	263,083	730,728	1,275,040	323	362,807	82554	221	8,879,812	79	28,129,929	31,781	29,881,199	3,045,767	70	1	Latin America	large	2	1	1
True	obj3044	test	0	49	L. Nakamura	Ember Valley 2025	Universe Zero	17.03.2025	MV202502413	4299	109,8	2,250,896	183,818	584,434	602,270	25,049	663,811	217,098	491,935	18,736,192	330	105,582	17083	172	4,099,112	21	12,499,684	74,269	23,981,763	713,879	53	0	Americas	small	1	1	4
True	obj3045	test	0	77	M. Chen	City of Glass	Final Chapter	16.05.2025	MV202502415	1349	72,6	4,086,502	125,880	68,973,285	432,550	17,200	126,100	852,084	1,367,962	2,126,212	68	269,709	88776	92	7,975,091	153	11,820,874	46,085	9,343,131	4,316,575	28	0	Asia-Pacific	large	3	1	2
True	obj3046	test	0	63	Q. Jensen	Obsidian Heart 3	New Dawn	24.01.2025	MV202502416	4604	74,9	8,670,636	155,958	17,229,342	4,091,821	154,941	363,352	631,913	2,218,581	6,087,992	39	375,126	2273	181	1,323,837	24	37,816,155	40,350	143,133	3,105,835	59	1	Americas	medium	2	3	2
True	obj3047	test	0	87	K. Olsen	Stone Butterfly 2025	Prime Story	25.02.2025	MV202502417	2418	93,1	3,151,016	2,718	4,994,099	1,818,674	34,989	1,543,398	292,908	1,100,823	18,636,204	50	301,573	85610	230	6,614,049	90	15,734,846	25,734	20,864,862	840,064	31	0	Americas	large	4	1	3
True	obj3048	test	0	89	J. Martinez	Midnight Cartel 2025	Final Chapter	26.02.2025	MV202502420	2024	115	2,285,435	119,584	44,186,298	1,479,603	45,268	1,184,042	184,743	442,090	10,611,636	241	483,214	27583	153	8,692,646	136	45,115,589	99,608	24,367,845	914,364	89	1	Europe	large	4	1	4
True	obj3049	test	0	85	N. Fischer	Midnight Cartel 2025 4	Standalone	15.05.2025	MV202502435	2626	49,2	19,774,817	44,389	2,687,738	10,585,042	121,332	648,233	329,677	437,318	8,973,629	146	396,272	43623	26	1,091,210	43	28,222,990	6,747	28,702,102	4,850,558	97	0	Europe	small	4	4	1
True	obj3050	test	0	50	Y. Tanaka	Parallel Lines 4	Chronicles Saga	19.03.2025	MV202502436	4423	64,7	10,818,410	140,706	43,066,676	4,509,674	81,377	478,638	2,582,959	4,626,527	8,468,625	172	328,128	92234	239	7,710,459	13	17,790,637	13,099	4,166,185	3,489,568	15	1	Asia-Pacific	medium	1	3	2
True	obj3051	test	0	56	P. Singh	Nova Protocol 2025	Standalone	30.11.2025	MV202502450	2298	118,5	7,065,087	100,199	67,313,833	3,873,893	102,835	715,956	1,344,339	2,262,661	18,516,430	351	267,146	98982	108	517,170	109	9,864,189	44,386	24,408,925	684,062	82	0	Latin America	small	2	3	4
True	obj3052	test	0	68	H. Andersson	Nova Protocol	New Dawn	15.09.2025	MV202502455	4449	23,5	4,607,622	139,634	11,964,113	3,069,201	76,174	1,276,809	1,196,415	3,131,824	6,373,803	196	444,018	93637	127	3,433,644	156	14,819,145	51,013	8,798,718	864,967	3	0	Asia-Pacific	large	2	2	0
True	obj3053	test	0	57	T. Kim	Quantum Rain	Origin Arc	17.11.2025	MV202502485	4452	75,2	2,538,640	147,115	9,029,222	193,910	5,901	864,352	399,756	1,155,462	13,221,733	315	7,199	67863	75	7,030,692	74	15,362,077	13,890	12,758,029	1,070,263	75	0	Americas	small	2	1	2
True	obj3054	test	0	58	F. Nguyen	Golden Ratio	Standalone	13.02.2025	MV202502503	371	110,6	16,500,617	172,231	37,200,449	3,210,761	77,882	638,385	1,736,670	6,269,341	15,868,737	351	383,179	73275	54	8,679,512	182	47,031,734	1,484	14,076,637	3,854,794	6	0	Asia-Pacific	large	2	4	4
True	obj3055	test	0	73	F. Nguyen	Golden Ratio 2025 2	Standalone	17.11.2025	MV202502505	1944	48,3	5,698,802	41,583	47,522,482	688,719	23,066	647,238	1,367,645	5,170,469	16,866,411	36	435,021	71847	53	9,717,789	164	24,716,904	64,228	26,387,065	1,549,913	14	0	Asia-Pacific	large	3	2	1
True	obj3056	test	0	77	E. Brooks	Winter Echo 2025	Dark Matter	09.10.2025	MV202502525	3939	47,3	3,180,169	137,462	8,943,557	546,998	14,622	290,139	411,590	1,248,377	14,864,358	242	497,419	99237	94	726,961	92	40,540,445	49,078	29,356,602	4,741,431	13	1	Americas	small	3	1	1
True	obj3057	test	0	30	C. Wright	Shadow Circuit	Prime Story	26.09.2025	MV202502497	1019	36,3	304,264	15,510	57,184,815	184,208	2,269	1,442,516	17,975	39,029	14,335,976	368	372,595	28122	51	9,501,032	49	13,797,064	24,590	9,182,774	2,069,251	91	0	Europe	small	0	0	0
True	obj3058	test	0	39	S. Patel	Silent Protocol	Open Sky	17.10.2025	MV202502499	1234	35,4	3,232,329	197,732	56,415,626	1,903,936	50,835	925,732	479,000	1,816,908	9,479,678	276	107,466	47114	147	2,136,584	194	39,135,154	79,719	18,989,674	2,411,975	66	1	Europe	large	0	1	0
True	obj3059	test	0	38	T. Kim	Feral Harmony 4	Standalone	17.02.2025	MV202502532	3746	78,1	23,580,744	120,015	72,524,803	17,980,876	597,418	1,283,929	263,937	579,076	19,811,311	260	258,521	52278	38	3,729,680	169	35,090,409	88,844	23,026,756	286,459	65	0	Americas	small	0	4	2
True	obj3060	test	0	53	L. Nakamura	Solar Drift 2025	Open Sky	27.03.2025	MV202502536	3159	112,6	5,614,002	110,283	55,245,009	1,473,207	59,248	1,937,819	577,683	1,128,619	4,739,456	394	43,698	5219	211	8,649,171	125	2,315,291	97,186	6,367,958	4,681,442	8	0	Americas	small	1	2	4
True	obj3061	test	0	70	C. Wright	Solar Drift 2025 3	Legacy Cycle	12.09.2025	MV202502548	2036	32,9	2,045,684	34,166	20,671,895	1,325,385	25,257	1,079,772	69,136	210,192	5,458,636	475	165,024	8654	174	7,572,754	137	30,083,024	82,940	17,603,240	660,515	5	0	Europe	small	3	0	0
True	obj3062	test	0	55	Z. Ali	Paper Kingdom	Prime Story	08.08.2025	MV202502571	2918	107,1	5,188,546	132,423	56,127,986	3,147,838	99,913	887,676	1,224,646	3,636,980	7,232,349	274	334,557	9874	119	2,776,475	103	23,798,835	69,608	816,996	3,699,851	77	0	Latin America	small	1	2	4
True	obj3063	test	0	93	M. Chen	Jade Frequency 2025	Origin Arc	07.10.2025	MV202502586	3469	68,9	533,966	21,031	44,929,188	358,379	11,882	852,396	51,530	98,399	17,717,858	416	11,602	70578	220	8,211,714	105	8,907,694	47,003	17,717,848	4,020,220	65	1	Asia-Pacific	large	4	0	2
True	obj3064	test	0	92	E. Brooks	Feral Harmony 2025	New Dawn	21.01.2025	MV202502605	1462	26,1	37,129,154	96,169	69,281,499	6,692,113	199,773	230,587	715,913	1,036,190	1,963,743	126	195,078	52877	248	7,430,141	107	47,683,969	11,170	23,550,209	841,079	13	0	Americas	small	4	4	0
True	obj3065	test	0	70	C. Wright	Paper Kingdom	Origin Arc	17.01.2025	MV202502610	3858	97,7	1,273,624	3,738	59,775,740	464,675	11,568	406,128	135,307	235,878	4,879,689	199	30,056	75712	145	3,182,927	149	36,251,833	33,544	23,569,661	4,668,904	27	0	Europe	small	3	0	3
True	obj3066	test	0	67	N. Fischer	Nova Protocol 2025	Chronicles Saga	23.02.2025	MV202502546	1858	102,2	28,082,811	131,860	78,389,583	17,028,225	585,785	181,968	2,601,566	9,312,968	8,345,522	324	244,768	26639	1	2,442,849	50	22,513,478	63,712	25,186,305	1,131,975	94	0	Europe	small	2	4	4
True	obj3067	test	0	56	M. Chen	Burning Atlas 2025	Dark Matter	28.11.2025	MV202502559	278	50,9	3,459,067	159,267	60,033,314	2,557,389	121,722	38,571	416,472	1,022,652	15,421,223	440	119,560	13793	125	3,318,150	14	6,732,167	32,418	16,828,936	2,346,221	57	0	Asia-Pacific	large	2	1	1
True	obj3068	test	0	63	E. Brooks	Neon Horizon	Universe Zero	05.11.2025	MV202502598	2523	54	606,954	91,198	10,390,698	113,965	3,500	1,323,952	122,388	342,300	11,752,407	343	87,002	1560	267	6,456,430	8	43,547,264	75,867	15,366,913	3,970,058	94	0	Americas	small	2	0	1
True	obj3069	test	0	35	N. Fischer	Midnight Cartel 2025	Chronicles Saga	09.03.2025	MV202502601	189	67,1	4,108,049	2,888	32,362,162	825,138	21,893	1,934,772	954,580	3,046,841	2,603,769	271	431,841	475	279	9,447,004	41	23,835,997	49,241	18,795,519	1,320,471	96	0	Europe	small	0	1	2
True	obj3070	test	0	92	B. Carter	Red Meridian 2025	Standalone	09.09.2025	MV202502634	1112	68,2	4,677,500	54,718	7,614,156	3,244,443	48,957	616,545	1,305,097	3,634,114	439,143	183	330,743	76718	26	4,256,717	189	4,036,409	26,706	17,599,225	4,593,904	69	1	Asia-Pacific	large	4	2	2
True	obj3071	test	0	69	M. Chen	Iron Garden 2025 2	Origin Arc	06.02.2025	MV202502636	3622	59,8	6,426,525	189,634	36,865,699	4,983,669	160,031	533,929	1,886,967	6,612,235	12,866,041	295	32,230	77625	80	5,568,862	104	28,353,908	5,161	22,165,303	1,179,487	42	0	Asia-Pacific	large	3	2	2
True	obj3072	test	0	58	H. Andersson	Silver Transit 2025	New Dawn	24.02.2025	MV202502637	1129	26,5	17,511,667	27,182	6,937,235	8,016,584	325,092	1,806,404	3,760,387	11,599,574	2,060,298	447	178,981	40903	119	1,875,657	5	40,873,558	86,429	23,133,220	3,096,993	73	0	Asia-Pacific	large	2	4	0
True	obj3073	test	0	39	Y. Tanaka	Hollow Crown 2025 4	Dark Matter	22.12.2025	MV202502652	3430	105,4	1,877,784	174,518	65,185,679	594,664	11,916	486,613	503,852	1,738,584	14,731,106	145	385,597	81762	206	7,263,846	25	5,240,827	883	28,266,162	373,258	38	0	Asia-Pacific	medium	0	0	4
True	obj3074	test	0	36	E. Brooks	Desert Oracle	New Dawn	13.05.2025	MV202502638	4608	59,4	893,672	152,346	52,081,834	150,140	1,968	1,066,162	182,769	458,213	9,734,559	7	403,605	27323	84	4,302,959	187	49,628,703	69,295	6,711,851	2,018,516	73	1	Americas	small	0	0	2
True	obj3075	test	0	73	L. Nakamura	Nova Protocol 2025	Standalone	09.05.2025	MV202502640	2445	37,6	28,761,696	195,323	12,391,645	14,952,811	153,118	686,050	6,596,523	20,640,600	5,319,411	43	124,698	53241	224	5,422,940	14	27,784,040	23,217	14,181,720	2,859,089	46	0	Americas	small	3	4	0
True	obj3076	test	0	88	B. Carter	Northern Code 2025	Universe Zero	03.03.2025	MV202502660	2058	99,2	4,213,080	42,514	48,418,442	1,481,109	71,704	1,884,235	145,453	434,088	3,054,879	345	153,366	923	87	2,059,575	109	49,499,561	16,214	8,965,086	3,622,265	60	0	Asia-Pacific	large	4	2	3
True	obj3077	test	0	52	I. Hassan	Echo Chamber 2025	Origin Arc	22.08.2025	MV202502663	3744	113,5	20,224,480	105,826	51,334,053	5,354,648	160,350	958,598	1,621,105	2,299,438	16,216,587	404	112,717	88483	80	4,592,882	110	11,749,901	8,247	22,705,645	2,870,074	88	0	Americas	large	1	4	4
True	obj3078	test	0	55	I. Hassan	Ember Valley 2025	Universe Zero	13.10.2025	MV202502676	548	74,7	1,713,293	737	35,976,049	1,108,066	15,833	1,264,859	491,745	1,496,090	3,077,243	57	174,591	82308	96	5,475,626	110	7,840,452	91,631	6,848,262	2,365,143	10	0	Americas	large	1	0	2
True	obj3079	test	0	79	W. Stone	Neon Horizon	Universe Zero	06.10.2025	MV202502694	175	63,9	4,289,994	120,152	11,299,113	3,400,705	93,942	201,619	63,375	174,800	6,755,817	471	441,689	14964	257	537,066	70	32,767,602	78,556	20,863,509	806,758	40	0	Americas	small	3	2	2
True	obj3080	test	0	86	P. Singh	Iron Garden 4	Origin Arc	29.08.2025	MV202502697	4213	88,9	8,460,750	39,144	60,634,879	4,732,639	217,274	48,640	1,986,635	3,219,192	1,699,870	256	250,786	66522	123	5,911,613	7	28,538,174	37,579	22,314,709	1,663,809	72	0	Latin America	small	4	3	3
True	obj3081	test	0	48	C. Wright	Red Meridian 2025	Dark Matter	24.12.2025	MV202502711	4043	49,1	5,585,048	154,257	9,205,868	3,334,419	157,705	156,537	1,167,449	2,811,509	7,890,554	473	425,103	8866	196	5,744,474	111	5,023,306	96,702	19,056,227	2,670,712	75	0	Europe	small	1	2	1
True	obj3082	test	0	77	C. Wright	Binary Sunset 2025	Final Chapter	10.12.2025	MV202502728	4631	101,2	2,688,820	20,616	38,593,632	1,989,422	89,088	786,314	569,476	2,226,426	66,877	402	494,397	31404	209	5,607,230	163	29,461,217	45,832	17,633,640	2,672,102	81	0	Europe	small	3	1	4
True	obj3083	test	0	39	Y. Tanaka	Jade Frequency 2025	Standalone	06.06.2025	MV202502729	4152	84,8	4,013,823	100,763	60,170,510	2,156,505	69,031	652,484	693,027	932,825	7,588,022	146	407,787	21524	216	3,546,524	76	8,179,566	95,621	23,126,138	3,393,091	4	0	Asia-Pacific	medium	0	1	3
True	obj3084	test	0	49	M. Chen	Thunder Archive 2025	Universe Zero	21.01.2025	MV202502731	3247	118,4	1,894,261	185,387	5,059,600	555,452	15,608	279,119	491,083	623,826	5,030,967	337	426,991	74989	231	3,506,250	75	21,621,302	59,283	11,666,664	2,788,799	73	0	Asia-Pacific	large	1	0	4
True	obj3085	test	0	71	S. Patel	Solar Drift 2025	Chronicles Saga	27.01.2025	MV202502746	1071	78,7	5,243,297	102,556	60,210,759	3,990,490	164,265	1,627,584	1,174,166	3,038,217	17,130,050	130	351,752	39311	149	6,310,192	139	38,771,445	64,886	4,913,417	1,987,903	83	0	Europe	large	3	2	3
True	obj3086	test	0	40	D. Rossi	Red Meridian	Final Chapter	31.05.2025	MV202502767	2114	75,8	1,065,200	140,873	63,935,218	154,320	6,785	102,238	79,164	124,519	13,549,279	12	173,997	84537	271	7,461,527	89	32,635,677	7,531	2,957,025	128,066	7	0	Latin America	medium	0	0	2
True	obj3087	test	0	81	O. Dubois	Obsidian Heart	Standalone	11.01.2025	MV202502685	1701	114,6	12,201,389	99,168	49,878,708	9,295,838	307,246	1,067,137	2,008,374	7,827,020	12,205,266	197	179,425	53997	93	2,883,556	12	13,702,708	83,380	18,358,685	4,388,497	43	0	Latin America	large	3	3	4
True	obj3088	test	0	80	Z. Ali	Hyperion Rise 3	Origin Arc	09.11.2025	MV202502688	1226	49,7	58,888,959	156,179	10,142,439	39,567,465	460,119	1,171,171	11,255,420	38,523,057	11,352,765	276	493,655	15541	193	9,163,698	28	49,256,336	92,917	24,605,222	2,212,746	75	1	Latin America	small	3	4	1
True	obj3089	test	0	58	W. Stone	Desert Oracle	New Dawn	12.12.2025	MV202502719	1275	51	8,379,550	148,502	56,980,543	1,646,566	39,742	509,520	805,980	3,092,642	7,600,992	221	136,620	39243	223	3,784,938	155	5,149,900	6,370	21,043,492	236,990	22	0	Americas	small	2	3	1
True	obj3090	test	0	49	B. Carter	Northern Code 2025	Prime Story	16.12.2025	MV202502721	1101	109,3	9,989,914	185,034	38,617,162	4,366,042	52,955	1,486,797	2,764,644	5,941,129	2,018,427	51	369,698	22169	158	2,559,035	44	46,339,283	70,892	12,261,656	368,467	82	1	Asia-Pacific	large	1	3	4
True	obj3091	test	0	73	B. Carter	Ember Valley	Universe Zero	27.08.2025	MV202502722	4867	81,2	82,666,476	90,788	28,118,618	44,991,216	1,843,693	1,231,442	8,502,529	23,178,391	16,838,418	3	463,668	7698	22	1,025,675	66	1,450,050	17,107	10,066,430	2,794,783	58	0	Asia-Pacific	large	3	4	3
True	obj3092	test	0	57	V. Popov	Digital Saints 2025	Dark Matter	16.08.2025	MV202502741	4382	61,1	6,660,395	122,064	68,663,296	4,201,841	205,592	393,227	613,714	959,745	9,334,004	168	135,541	1627	98	3,585,838	7	40,147,168	63,359	22,607,026	4,628,119	27	1	Latin America	large	2	2	2
True	obj3093	test	0	73	H. Andersson	Hollow Crown	Universe Zero	15.07.2025	MV202502744	3169	99,8	14,722,716	56,973	39,877,995	11,228,127	221,140	1,090,040	836,709	1,526,433	1,750,302	200	113,756	33519	109	7,690,799	156	606,599	89,765	18,958,178	2,501,044	36	1	Asia-Pacific	large	3	4	4
True	obj3094	test	0	87	S. Patel	Kinetic Prayer 2025	Universe Zero	25.02.2025	MV202502745	2749	80	2,237,779	191,371	41,117,947	247,293	4,780	552,237	484,415	1,493,371	13,196,233	115	124,269	37049	63	3,643,526	136	16,195,984	75,924	4,439,285	2,770,137	67	1	Europe	large	4	1	3
True	obj3095	test	0	36	G. Murphy	Shadow Circuit 2025	Chronicles Saga	26.03.2025	MV202502775	3624	43,8	1,702,633	41,349	71,445,735	1,182,131	50,591	1,492,123	478,577	1,012,440	11,148,052	31	458,112	72340	16	7,752,432	125	25,638,289	34,798	6,664,301	2,098,762	2	0	Europe	medium	0	0	1
True	obj3096	test	0	74	K. Olsen	Blue Static 2025 2	Legacy Cycle	20.09.2025	MV202502797	4433	111,8	1,920,890	45,706	75,570,208	851,145	32,618	562,952	19,759	39,803	12,140,765	369	44,157	42198	33	2,269,816	74	26,981,779	19,800	18,385,549	1,140,099	78	0	Americas	large	3	0	4
True	obj3097	test	0	64	V. Popov	Final Orbit 2025	Standalone	26.04.2025	MV202502815	226	21,9	8,806,868	92,585	36,077,386	5,889,279	88,667	50,046	153,620	497,662	10,299,414	411	57,348	81685	253	4,770,325	2	5,715,255	89,090	24,079,934	4,263,914	51	1	Latin America	large	2	3	0
True	obj3098	test	0	76	F. Nguyen	Paper Kingdom 2025	Origin Arc	12.09.2025	MV202502817	2356	52,4	2,295,525	7,412	26,215,631	1,137,147	37,864	1,830,350	513,642	1,170,920	18,746,863	2	73,743	54225	110	1,407,954	152	42,865,870	51,114	1,205,060	4,443,517	81	0	Asia-Pacific	large	3	1	1
True	obj3099	test	0	72	E. Brooks	Golden Ratio 2025	Final Chapter	18.12.2025	MV202502789	4401	72,6	3,544,240	61,827	58,163,567	1,786,761	37,202	1,294,016	547,440	1,907,297	8,352,148	104	136,762	5876	129	2,481,023	177	11,488,266	20,871	23,118,582	969,339	7	0	Americas	small	3	1	2
True	obj3100	test	0	58	Y. Tanaka	Glass Reactor 2025	Universe Zero	18.04.2025	MV202502801	2017	99	63,090,691	24,231	62,957,669	13,102,524	317,404	489,438	2,564,939	8,499,640	178,524	10	454,969	42462	123	3,540,565	163	46,465,183	80,791	2,033,942	1,376,729	33	0	Asia-Pacific	medium	2	4	3
True	obj3101	test	0	55	A. Volkov	Hollow Crown 2025 3	Universe Zero	31.12.2025	MV202502806	1740	23,5	7,634,771	65,790	79,643,690	2,447,838	46,081	788,522	905,312	2,124,236	8,685,584	470	263,631	31017	225	2,615,849	24	11,904,389	65,942	23,194,647	3,149,523	80	1	Americas	large	1	3	0
True	obj3102	test	0	82	D. Rossi	Jade Frequency 2025	Standalone	12.05.2025	MV202502819	3647	96,7	1,863,385	165,242	20,883,732	453,377	6,048	1,194,809	121,126	421,981	17,371,104	489	336,476	60466	246	7,091,955	144	37,890,070	46,591	24,487,225	1,408,174	64	0	Latin America	medium	4	0	3
True	obj3103	test	0	86	Q. Jensen	Parallel Lines 2025	Origin Arc	04.03.2025	MV202502825	2302	118	16,084,992	19,027	179,134	7,623,996	224,021	1,028,134	2,472,404	6,551,458	15,035,037	381	137,318	14842	98	5,322,517	58	29,180,470	87,084	2,054,400	3,826,394	50	0	Americas	medium	4	4	4
True	obj3104	test	0	37	C. Wright	Thunder Archive 2025	Legacy Cycle	24.07.2025	MV202502859	3211	43,9	5,384,333	16,691	6,053,988	3,259,605	84,978	543,044	771,892	958,603	3,358,364	222	340,375	25964	296	621,975	117	26,226,484	79,293	2,146,110	519,779	16	0	Europe	small	0	2	1
True	obj3105	test	0	70	S. Patel	Binary Sunset	Final Chapter	29.06.2025	MV202502860	1410	72,9	26,448,056	50,153	2,777,692	6,078,875	61,399	1,447,965	2,367,732	3,168,450	11,572,233	292	175,256	71440	243	8,619,266	24	23,016,908	40,515	29,661,655	4,626,147	22	0	Europe	large	3	4	2
True	obj3106	test	0	66	O. Dubois	Infinite Margin	Final Chapter	20.09.2025	MV202502873	2772	19,1	2,500,358	113,738	22,904,642	222,481	8,649	1,364,489	654,704	2,301,977	10,254,423	41	396,407	19704	147	1,554,387	104	23,142,530	61,956	19,435,807	2,534,988	24	1	Latin America	large	2	1	0
True	obj3107	test	0	38	H. Andersson	Lunar Cartography	Origin Arc	07.07.2025	MV202502908	1543	25,7	8,550,274	72,193	73,542,166	729,961	26,187	591,168	1,997,783	5,065,723	16,316,001	86	195,788	15337	153	9,083,352	123	32,661,351	46,430	6,916,943	4,133,842	59	0	Asia-Pacific	large	0	3	0
True	obj3108	test	0	56	B. Carter	Ghost Frequency 2025	Chronicles Saga	04.09.2025	MV202502828	1274	35,9	9,300,192	199,220	53,353,566	5,448,229	246,404	235,370	2,451,465	3,629,690	2,765,565	319	376,411	44502	145	7,152,120	160	29,846,676	90,349	11,132,002	3,401,698	7	0	Asia-Pacific	large	2	3	0
True	obj3109	test	0	81	H. Andersson	Neon Horizon	Universe Zero	15.12.2025	MV202502831	2819	83,7	9,546,613	49,475	66,241,069	7,385,910	325,991	455,298	363,507	600,347	18,350,444	54	271,807	99881	122	8,383,916	196	30,875,934	27,259	24,181,121	871,940	82	0	Asia-Pacific	large	3	3	3
True	obj3110	test	0	54	R. Silva	Ember Valley 2025	Prime Story	06.01.2025	MV202502834	2242	40,5	733,855	63,770	77,574,271	259,318	8,086	1,193,698	81,985	135,145	4,717,536	199	380,417	29066	199	1,288,729	143	21,872,011	39,974	7,115,772	1,983,844	41	0	Latin America	large	1	0	1
True	obj3111	test	0	30	R. Silva	Echo Chamber 2025 3	Legacy Cycle	30.05.2025	MV202502835	1670	48,3	6,909,203	89,991	28,536,629	4,074,595	100,700	1,705,300	1,778,000	5,098,312	4,603,446	348	365,396	33706	294	6,040,933	25	31,255,717	71,896	20,874,816	4,733,680	81	0	Latin America	large	0	2	1
True	obj3112	test	0	92	O. Dubois	Kinetic Prayer 2025 2	Final Chapter	15.11.2025	MV202502845	3938	51,2	4,387,391	77,747	900,661	2,050,089	61,271	279,920	1,259,638	4,403,180	12,797,252	85	253,329	96190	163	7,783,310	104	4,103,486	34,567	3,031,519	1,961,460	80	0	Latin America	large	4	2	1
True	obj3113	test	0	75	S. Patel	Last Signal 2025	Origin Arc	02.11.2025	MV202502850	1958	56,3	6,277,605	32,160	16,958,676	4,534,745	204,520	489,199	1,880,870	4,651,368	11,163,025	121	275,883	23636	153	3,802,044	48	3,036,525	88,018	3,184,879	4,396,308	49	0	Europe	large	3	2	1
True	obj3114	test	0	40	O. Dubois	Neon Horizon 2025	Open Sky	26.09.2025	MV202502938	704	18,6	18,997,271	59,416	56,993,035	6,510,276	81,426	1,990,402	4,615,702	18,328,694	7,468,880	251	158,368	92061	257	7,822,615	98	34,194,929	35,081	27,313,866	1,376,298	56	0	Latin America	large	0	4	0
True	obj3115	test	0	49	T. Kim	Shadow Circuit 2025	Origin Arc	08.08.2025	MV202502939	1633	93,4	7,661,471	11,747	4,316,648	1,412,731	38,379	1,619,568	1,398,288	3,867,605	15,771,417	38	71,487	74000	80	2,070,814	149	19,102,455	80,438	27,217,265	509,208	47	0	Americas	small	1	3	3
True	obj3116	test	0	38	O. Dubois	Final Orbit	Universe Zero	16.04.2025	MV202502954	1021	69,5	6,401,218	178,767	15,813,970	1,173,496	49,165	873,310	423,846	1,029,696	12,855,846	209	32,362	20416	280	6,230,872	51	8,437,997	15,162	956,654	3,151,405	42	0	Latin America	large	0	2	2
True	obj3117	test	0	68	P. Singh	Hyperion Rise 2025	Prime Story	17.04.2025	MV202502958	1707	80,9	6,508,030	190,454	39,706,910	1,938,575	63,496	1,915,412	685,260	1,370,810	9,314,843	5	248,282	92820	288	1,382,424	22	34,772,966	24,755	24,492,398	1,732,439	97	0	Latin America	small	2	2	3
True	obj3118	test	0	94	I. Hassan	Desert Oracle 2025 3	Dark Matter	10.08.2025	MV202502927	2651	19,2	10,472,640	3,523	51,821,486	582,433	26,457	1,779,530	1,586,630	5,996,195	15,947,361	39	4,582	77947	35	8,188,225	15	47,960,628	96,437	2,541,446	3,536,143	31	0	Americas	large	4	3	0
True	obj3119	test	0	68	I. Hassan	Red Meridian 2025	Open Sky	28.12.2025	MV202502928	320	29,4	1,603,907	194,608	56,595,931	618,923	9,082	1,533,240	20,087	44,811	562,489	464	66,104	84059	279	7,050,926	136	18,801,046	34,060	19,252,553	389,414	75	1	Americas	large	2	0	0
True	obj3120	test	0	88	Y. Tanaka	Ember Valley	Origin Arc	18.12.2025	MV202502929	3052	96,3	4,184,604	179,298	11,637,028	1,645,856	76,497	1,696,582	375,608	593,180	17,179,266	184	340,952	10667	83	2,613,308	5	16,182,717	43,635	24,116,345	1,312,231	84	0	Asia-Pacific	medium	4	2	3
True	obj3121	test	0	52	Y. Tanaka	Infinite Margin 2025	New Dawn	03.01.2025	MV202502931	2323	24	18,726,628	167,105	32,311,392	8,707,864	432,148	1,424,342	3,794,975	6,952,990	4,028,506	364	406,086	38296	292	1,766,437	37	16,963,146	96,276	7,903,886	4,743,091	67	0	Asia-Pacific	medium	1	4	0
True	obj3122	test	0	47	D. Rossi	Last Signal 2025	Origin Arc	16.02.2025	MV202502932	714	16,3	20,256,701	195,473	64,598,134	4,610,506	112,533	1,199,699	1,510,420	3,341,258	4,447,478	239	70,227	8092	250	5,338,149	195	10,703,331	61,134	10,444,888	2,171,106	15	1	Latin America	medium	1	4	0
True	obj3123	test	0	88	C. Wright	Winter Echo	Universe Zero	11.04.2025	MV202502987	4281	108,6	1,006,559	57,251	44,079,301	436,746	17,242	1,931,993	233,595	933,471	6,335,047	308	473,744	4533	0	8,229,660	72	37,771,521	92,936	22,992,222	1,221,244	68	0	Europe	small	4	0	4
True	obj3124	test	0	40	P. Singh	Red Meridian 2025	Legacy Cycle	15.10.2025	MV202503000	3781	16,9	1,290,903	5,210	64,591,780	504,226	5,780	929,437	290,462	425,132	17,279,415	368	431,647	45135	276	1,000,917	87	25,479,190	77,617	2,745,878	3,210,853	78	0	Latin America	small	0	0	0
True	obj3125	test	0	77	Q. Jensen	Broken Compass 2025	Dark Matter	17.05.2025	MV202503002	4144	25	5,532,811	98,182	57,948,240	1,449,363	55,096	427,296	501,607	1,169,611	9,052,194	319	134,683	50692	209	4,357,985	1	9,933,526	78,046	19,944,016	1,933,725	40	1	Americas	medium	3	2	0
True	obj3126	test	0	37	E. Brooks	Feral Harmony 2025	Chronicles Saga	31.01.2025	MV202503005	3338	99,5	5,353,494	146,012	15,820,550	3,478,210	157,441	956,399	990,879	2,101,793	8,383,058	86	150,486	3953	31	6,605,651	146	35,442,482	74,007	26,485,736	1,031,920	86	0	Americas	small	0	2	3
True	obj3127	test	0	59	I. Hassan	Crimson Archive	Chronicles Saga	02.06.2025	MV202503006	4970	110,4	11,011,589	135,399	34,750,382	5,286,094	72,606	1,796,387	1,986,044	7,517,885	15,683,086	262	74,304	79145	200	9,733,395	20	46,861,616	73,153	123,495	3,228,170	54	1	Americas	large	2	3	4
True	obj3128	test	0	83	T. Kim	Glass Reactor 2025 3	Standalone	08.07.2025	MV202503007	3138	59,6	2,082,564	88,472	29,171,956	1,170,508	27,606	689,775	260,899	632,397	6,868,284	231	108,721	63912	286	3,057,573	48	30,644,931	56,402	14,416,083	2,110,232	8	0	Americas	small	4	0	2
True	obj3129	test	0	94	Z. Ali	Thunder Archive 2025 3	Dark Matter	07.05.2025	MV202503012	705	91,2	2,754,797	87,118	25,054,489	212,401	9,911	1,262,597	733,587	1,800,806	4,207,891	229	143,990	34228	200	5,019,314	9	48,014,225	35,092	26,262,170	3,401,378	18	0	Latin America	small	4	1	3
True	obj3130	test	0	59	D. Rossi	Paper Kingdom 2025	Dark Matter	30.01.2025	MV202503014	814	38,9	22,658,622	78,140	23,878,047	5,316,091	258,396	1,354,936	3,132,011	4,011,265	2,816,316	446	20,186	32917	73	9,517,845	56	34,585,246	82,354	14,020,261	2,856,297	70	0	Latin America	medium	2	4	1
True	obj3131	test	0	45	E. Brooks	Arctic Pulse 2025	Origin Arc	31.05.2025	MV202503025	653	18,8	27,491,102	182,811	53,176,385	5,907,464	170,517	896,916	3,405,819	4,743,911	10,556,539	143	199,877	10340	39	4,979,185	196	12,222,059	71,702	16,237,928	2,707,381	36	0	Americas	small	1	4	0
True	obj3132	test	0	46	Z. Ali	Desert Oracle 2025	Dark Matter	28.11.2025	MV202503032	1258	35,6	7,946,317	109,713	66,631,699	573,288	6,117	1,387,872	990,038	2,278,941	6,646,718	305	385,017	17929	32	6,002,001	77	3,988,837	69,294	4,920,232	321,898	28	0	Latin America	small	1	3	0
True	obj3133	test	0	92	K. Olsen	Electric Mirage 2025	Legacy Cycle	14.04.2025	MV202503033	1966	119,6	9,223,653	158,963	13,978,934	2,187,598	102,044	1,913,303	319,917	724,310	564,722	304	360,523	48614	73	9,632,530	172	27,623,321	16,291	25,776,210	3,302,019	89	0	Americas	large	4	3	4
True	obj3134	test	0	52	D. Rossi	Ember Valley 2025	Prime Story	15.06.2025	MV202503048	3156	73,3	1,704,801	139,504	33,060,327	1,200,472	47,677	76,118	237,361	561,600	3,477,633	38	305,612	53755	217	9,879,062	119	7,161,508	85,869	10,702,914	4,610,146	30	0	Latin America	medium	1	0	2
True	obj3135	test	0	56	D. Rossi	Winter Echo	Chronicles Saga	29.05.2025	MV202503051	3466	17,4	36,880,848	189,366	18,424,511	9,048,041	111,330	1,538,127	9,684,108	30,726,296	18,569,213	15	392,586	31361	127	5,081,644	128	29,318,425	21,085	22,018,133	4,260,904	78	0	Latin America	medium	2	4	0
True	obj3136	test	0	66	I. Hassan	City of Glass 2025	Legacy Cycle	13.05.2025	MV202502971	1257	72,9	8,238,731	111,542	40,046,055	3,207,982	74,830	1,214,134	2,408,579	6,524,805	6,075,703	397	158,609	93703	284	9,251,309	154	27,390,202	48,613	18,025,306	4,578,466	78	0	Americas	large	2	3	2
True	obj3137	test	0	41	B. Carter	Digital Saints 2025	New Dawn	12.08.2025	MV202502974	1773	30,6	2,933,640	150,471	13,920,636	581,326	27,234	686,361	653,331	1,265,311	18,969,871	128	54,756	80162	163	3,599,798	149	36,261,156	15,990	17,013,011	983,743	38	0	Asia-Pacific	large	0	1	0
True	obj3138	test	0	61	H. Andersson	Stone Butterfly 2025	Origin Arc	16.09.2025	MV202502978	4067	63	2,634,141	65,993	21,279,252	984,203	18,456	1,650,796	151,747	391,120	5,650,881	191	249,076	87687	293	8,389,535	182	40,189,756	62,953	18,790,117	869,415	90	0	Asia-Pacific	large	2	1	2
True	obj3139	test	0	36	T. Kim	Digital Saints 2025	Chronicles Saga	26.10.2025	MV202503022	1350	21,4	64,515,234	79,509	41,493,776	38,170,871	1,438,235	1,375,198	14,765,885	35,020,378	1,333,652	430	39,953	27121	249	5,073,129	105	32,384,478	53,894	27,999,804	2,022,683	9	0	Americas	small	0	4	0
True	obj3140	test	0	42	P. Singh	Hollow Crown 2025	Standalone	18.03.2025	MV202503035	146	45,5	18,866,193	192,359	41,238,279	1,633,305	33,347	1,071,808	3,224,793	7,110,783	3,058,941	167	106,601	32535	177	5,206,990	134	7,190,831	86,593	16,518,406	2,968,176	21	0	Latin America	small	0	4	1
True	obj3141	test	0	39	B. Carter	Final Orbit	Origin Arc	21.02.2025	MV202503042	889	107,9	6,124,753	38,824	28,263,259	4,029,223	153,764	1,957,198	271,397	437,537	9,848,117	374	129,904	54797	126	44,455	86	25,177,482	86,641	28,816,183	1,078,804	84	0	Asia-Pacific	large	0	2	4
True	obj3142	test	0	91	V. Popov	Electric Mirage 2025	Final Chapter	10.04.2025	MV202503058	4578	16,5	6,699,929	122,991	61,888,972	1,078,019	44,942	229,671	426,548	1,501,214	15,379,018	369	154,220	38061	128	3,219,177	166	8,664,897	88,687	10,769,704	3,161,797	30	0	Latin America	large	4	2	0
True	obj3143	test	0	79	I. Hassan	Red Meridian 2025 4	Prime Story	26.01.2025	MV202503076	1614	61,9	3,294,425	63,946	29,566,517	1,296,216	64,070	157,117	597,920	1,378,827	18,004,178	43	277,000	10459	113	1,222,559	36	34,738,215	2,717	20,896,050	4,054,264	20	0	Americas	large	3	1	2
True	obj3144	test	0	40	Z. Ali	Violet Engine 2025	Universe Zero	07.07.2025	MV202503088	789	85,8	1,727,707	137,998	34,844,655	717,136	26,765	1,976,988	212,903	350,894	5,270,757	284	445,241	20487	235	3,325,723	193	27,098,867	25,340	598,331	192,076	76	0	Latin America	small	0	0	3
True	obj3145	test	0	94	K. Olsen	Ocean of Stars 2025	Chronicles Saga	31.12.2025	MV202503107	4507	60,5	1,532,526	163,107	61,716,937	557,851	20,685	1,444,054	379,624	760,399	6,470,583	239	38,757	9280	261	9,017,496	143	37,450,858	22,860	13,145,009	3,438,707	28	0	Americas	large	4	0	2
True	obj3146	test	0	86	V. Popov	Kinetic Prayer	Universe Zero	24.07.2025	MV202503111	4134	82,8	1,211,620	140,388	52,326,627	807,028	8,525	101,612	255,080	656,519	3,571,655	268	57,746	77355	295	2,860,414	106	32,756,224	48,635	20,377,014	2,656,396	23	0	Latin America	large	4	0	3
True	obj3147	test	0	60	C. Wright	White Noise 2025	Dark Matter	04.01.2025	MV202503112	2698	108	2,377,497	136,237	61,239,587	428,743	5,000	552,272	345,804	819,806	17,435,037	42	38,003	80643	291	5,633,409	54	31,019,289	75,985	16,635,156	4,598,616	36	1	Europe	small	2	1	4
True	obj3148	test	0	53	Y. Tanaka	Last Signal	New Dawn	12.08.2025	MV202503062	3467	54,2	4,406,024	170,392	56,288,794	1,747,903	25,691	474,012	745,719	1,100,376	5,034,345	149	57,431	4837	280	8,790,353	83	30,995,377	2,056	6,658,322	4,228,339	39	0	Asia-Pacific	medium	1	2	1
True	obj3149	test	0	40	O. Dubois	Jade Frequency	Final Chapter	26.05.2025	MV202503064	3978	30,3	15,811,988	1,460	12,087,368	8,921,340	144,220	671,480	256,630	556,214	9,104,670	389	407,418	1339	105	6,115,682	94	5,442,588	54,183	22,430,121	574,490	66	1	Latin America	large	0	4	0
True	obj3150	test	0	64	R. Silva	Deep Current 2025	Final Chapter	06.06.2025	MV202503069	1416	60,5	4,349,399	179,205	995,326	2,602,767	96,661	799,756	1,061,584	3,060,200	11,834,633	236	173,357	83550	13	6,410,538	121	43,188,192	59,313	21,623,380	4,305,982	18	1	Latin America	large	2	2	2
True	obj3151	test	0	67	D. Rossi	Last Signal 2025 2	Prime Story	20.11.2025	MV202503099	4732	96,2	6,742,474	140,962	15,293,972	2,945,333	31,927	31,712	988,069	1,549,436	5,616,998	213	391,545	70078	276	2,453,521	36	3,573,577	99,845	8,361,161	2,181,834	78	1	Latin America	medium	2	2	3
True	obj3152	test	0	61	W. Stone	Neon Horizon	Dark Matter	24.06.2025	MV202503101	1398	27,3	5,359,517	199,691	59,437,232	2,474,701	67,115	1,504,444	961,169	2,272,036	11,104,254	431	449,653	54477	3	5,331,127	146	43,191,754	22,480	14,152,593	3,975,462	7	0	Americas	small	2	2	0
True	obj3153	test	0	40	F. Nguyen	Infinite Margin	Prime Story	09.05.2025	MV202503103	4969	19,1	6,178,909	152,524	37,320,396	2,127,531	89,125	211,746	1,371,261	2,862,874	12,636,100	120	446,698	40936	38	496,936	152	25,060,303	76,244	2,608,460	3,205,622	8	0	Asia-Pacific	large	0	2	0
True	obj3154	test	0	61	J. Martinez	Burning Atlas 2025	Universe Zero	22.04.2025	MV202503119	262	100	8,146,357	40,282	73,846,498	1,093,452	40,234	1,993,563	1,211,452	3,814,382	3,718,067	391	251,820	60574	121	2,384,806	69	24,821,062	75,584	23,260,409	2,094,569	23	0	Europe	large	2	3	4
True	obj3155	test	0	61	I. Hassan	Midnight Cartel 2025	Origin Arc	06.07.2025	MV202503123	47	25,9	19,882,253	7,292	5,999,748	10,749,502	302,105	31,987	5,167,136	18,040,903	4,094,221	169	200,428	75645	67	8,418,488	108	38,966,484	96,651	22,671,585	3,969,301	54	0	Americas	large	2	4	0
True	obj3156	test	0	74	V. Popov	White Noise 2025	Standalone	18.03.2025	MV202503136	1853	112,6	25,310,591	141,328	18,819,910	2,915,978	70,755	996,028	1,600,059	3,341,782	19,915,386	225	329,410	57297	137	9,990,492	136	34,647,183	48,918	22,675,397	2,227,673	93	1	Latin America	large	3	4	4
True	obj3157	test	0	37	H. Andersson	Ghost Frequency 2025	Standalone	10.12.2025	MV202503171	2448	112,4	371,572	181,186	73,384,071	205,799	3,293	957,304	45,362	101,922	5,562,551	91	144,795	10185	225	238,458	33	41,694,305	14,129	20,389,826	3,319,557	79	0	Asia-Pacific	large	0	0	4
True	obj3158	test	0	79	G. Murphy	Jade Frequency 2025	Universe Zero	04.09.2025	MV202503187	4428	81,5	39,123,434	56,541	38,353,718	18,377,432	684,371	1,397,010	8,922,359	33,409,969	18,546,546	295	199,486	35081	75	8,855,137	96	49,782,162	15,935	21,232,918	180,135	15	1	Europe	medium	3	4	3
True	obj3159	test	0	48	F. Nguyen	Glass Reactor 2025	Final Chapter	07.07.2025	MV202503194	3889	100	32,420,286	121,182	11,075,965	21,033,185	958,494	1,138,585	8,820,414	11,168,280	197,910	410	185,197	29057	87	3,055,533	185	41,928,207	35,967	11,178,094	3,401,241	76	0	Asia-Pacific	large	1	4	4
True	obj3160	test	0	73	Q. Jensen	Infinite Margin	Origin Arc	21.01.2025	MV202503195	1144	39	5,207,707	97,525	52,692,132	2,181,729	92,828	970,460	1,360,609	1,811,437	2,502,494	321	441,831	93787	195	2,779,874	179	24,243,400	91,977	6,802,011	1,339,412	69	0	Americas	medium	3	2	1
True	obj3161	test	0	67	J. Martinez	Burning Atlas 2025	New Dawn	04.02.2025	MV202503132	2975	97,3	14,712,754	90,456	1,043,154	3,712,912	172,407	201,754	1,186,518	1,865,845	8,574,865	488	396,768	88991	7	765,804	154	36,241,838	59,022	27,094,774	2,793,938	95	1	Europe	large	2	4	3
True	obj3162	test	0	58	C. Wright	Ember Valley 2025	Standalone	10.12.2025	MV202503144	681	30,8	2,964,901	191,895	52,978,910	1,994,139	84,336	441,214	134,400	521,437	7,718,103	424	335,433	55104	218	8,050,598	15	46,861,563	68,540	13,169,056	2,863,367	1	0	Europe	small	2	1	0
True	obj3163	test	0	33	K. Olsen	Red Meridian	Final Chapter	29.07.2025	MV202503147	3473	94	4,772,938	2,101	29,831,474	2,880,773	63,267	1,687,185	334,161	1,118,552	8,805,657	482	24,932	8585	13	3,290,939	22	44,090,795	17,178	21,573,924	2,177,626	10	0	Americas	large	0	2	3
True	obj3164	test	0	86	M. Chen	Arctic Pulse 2025	Final Chapter	03.08.2025	MV202503160	4619	109,6	3,207,680	64,125	16,743,261	1,541,868	28,312	1,208,830	239,865	430,936	19,381,563	236	144,859	96484	63	642,425	96	3,749,294	57,756	27,998,483	3,801,133	54	0	Asia-Pacific	large	4	1	4
True	obj3165	test	0	76	I. Hassan	Carbon Dreams 2025 3	Standalone	21.01.2025	MV202503166	3172	72,3	2,781,746	198,799	41,058,918	1,918,289	39,119	1,265,818	29,084	84,938	15,370,422	248	71,784	13175	157	6,079,544	142	5,104,366	37,100	20,552,127	4,130,974	60	0	Americas	large	3	1	2
True	obj3166	test	0	69	R. Silva	Desert Oracle 3	Open Sky	18.09.2025	MV202503180	1858	17,5	7,864,878	133,524	75,260,700	2,746,913	54,799	1,370,562	364,072	533,960	1,629,574	400	78,638	98452	268	2,845,484	13	19,049,433	83,077	28,881,107	2,142,030	38	0	Latin America	large	3	3	0
True	obj3167	test	0	35	M. Chen	Solar Drift 2025	Prime Story	12.05.2025	MV202503181	315	41	4,469,078	100,666	62,164,744	804,387	30,064	1,220,874	1,208,824	2,958,467	3,708,663	1	182,632	81663	112	7,606,341	181	9,947,033	52,987	326,504	4,358,639	94	1	Asia-Pacific	large	0	2	1
True	obj3168	test	0	67	R. Silva	City of Glass 2025	Universe Zero	23.11.2025	MV202503182	4846	114,4	2,816,370	1,013	18,577,564	1,818,103	40,001	964,087	366,877	446,206	13,276,904	381	200,754	77919	46	6,667,781	184	39,102,570	27,640	23,964,315	1,371,044	59	1	Latin America	large	2	1	4
True	obj3169	test	0	39	P. Singh	Feral Harmony	New Dawn	17.09.2025	MV202503200	4398	69,5	10,991,466	61,892	2,042,541	7,818,715	274,132	1,044,444	532,443	2,104,438	5,445,753	137	394,153	75658	68	8,264,355	114	46,347,234	59,080	19,750,868	1,811,295	30	0	Latin America	small	0	3	2
True	obj3170	test	0	79	V. Popov	Shadow Circuit 2025	Legacy Cycle	28.12.2025	MV202503202	3893	30,6	747,053	52,096	43,038,097	408,144	15,547	1,075,561	70,217	223,301	9,996,935	426	346,430	40413	21	5,008,726	154	11,246,818	81,773	24,164,598	4,973,157	49	0	Latin America	large	3	0	0
True	obj3171	test	0	48	H. Andersson	Crystal Fault	New Dawn	26.09.2025	MV202503203	3108	90,4	1,917,307	151,274	36,936,806	1,467,758	23,196	1,017,660	163,150	328,426	18,104,920	10	388,009	21259	44	2,356,548	123	7,070,473	42,216	15,172,019	529,625	21	1	Asia-Pacific	large	1	0	3
True	obj3172	test	0	86	Y. Tanaka	Burning Atlas	New Dawn	26.11.2025	MV202503238	1942	62,1	674,285	195,113	17,761,038	82,998	2,300	861,364	63,019	95,091	9,997,009	347	57,866	70577	132	3,763,053	137	48,838,877	98,680	23,732,692	531,851	80	0	Asia-Pacific	medium	4	0	2
True	obj3173	test	0	84	K. Olsen	Midnight Cartel 2025	Universe Zero	23.05.2025	MV202503205	1857	69,8	4,718,397	85,786	72,990,826	3,472,664	162,214	70,435	993,665	1,498,992	18,553,663	124	496,900	20938	217	3,939,819	34	2,279,902	46,704	24,673,971	3,167,808	19	0	Americas	large	4	2	2
True	obj3174	test	0	86	K. Olsen	Shadow Circuit 2025 4	Standalone	13.09.2025	MV202503206	1672	93,5	14,377,180	86,897	12,560,980	1,255,775	20,728	1,535,055	2,149,544	6,723,089	11,478,684	155	345,431	54011	225	3,823,828	151	5,652,418	51,772	10,277,437	4,482,518	24	0	Americas	large	4	4	3
True	obj3175	test	0	48	K. Olsen	Iron Garden 2025	Origin Arc	13.11.2025	MV202503212	3155	115,5	8,276,774	177,519	18,842,986	1,351,181	59,001	174,492	564,325	738,619	4,840,386	489	90,243	40972	88	9,174,473	40	26,539,195	21,653	27,985,031	3,445,496	28	0	Americas	large	1	3	4
True	obj3176	test	0	51	Y. Tanaka	Aurora Debt 2025	Origin Arc	05.10.2025	MV202503230	3168	86,4	2,870,571	79,597	44,927,380	324,903	11,242	908,535	671,137	2,477,435	16,149,688	185	85,195	32015	89	369,007	151	34,780,204	36,413	20,710,696	3,502,670	23	0	Asia-Pacific	medium	1	1	3
True	obj3177	test	0	47	F. Nguyen	Winter Echo	Legacy Cycle	21.09.2025	MV202503241	1608	27,3	76,443,514	80,296	459,276	36,355,166	1,158,383	230,703	12,915,070	40,665,642	2,884,427	204	6,256	83888	166	7,018,233	67	35,173,075	58,955	22,220,056	1,835,445	51	0	Asia-Pacific	large	1	4	0
True	obj3178	test	0	45	Q. Jensen	Burning Atlas 2025	New Dawn	28.04.2025	MV202503244	675	92,2	3,334,638	98,499	36,721,669	2,637,548	130,819	1,807,389	864,775	3,397,682	1,939,889	431	407,105	18060	265	624,500	125	42,144,361	76,515	10,633,811	2,935,684	66	0	Americas	medium	1	1	3
True	obj3179	test	0	81	F. Nguyen	Hollow Crown	Universe Zero	06.11.2025	MV202503262	2253	47,4	22,405,192	182,350	28,045,119	1,539,827	50,377	818,629	394,747	957,231	12,907,219	253	50,331	10182	288	2,779,602	149	34,277,237	31,076	9,952,032	4,376,997	35	0	Asia-Pacific	large	4	4	1
True	obj3180	test	0	31	J. Martinez	Quantum Rain	Dark Matter	04.02.2025	MV202503284	2802	37,3	693,831	86,733	3,452,230	223,409	3,311	1,260,869	62,033	135,029	8,075,916	489	269,193	89447	145	4,543,256	86	13,809,761	90,530	17,966,523	252,401	85	0	Europe	large	0	0	0
True	obj3181	test	0	31	G. Murphy	Infinite Margin 2025 2	Dark Matter	18.09.2025	MV202503285	1309	78,1	1,825,654	51,490	5,267,738	1,373,643	54,322	985,434	168,018	217,706	10,838,743	261	208,052	72834	95	8,831,035	45	18,785,108	32,705	18,951,991	3,102,508	93	0	Europe	medium	0	0	2
True	obj3182	test	0	93	J. Martinez	Parallel Lines 2	Final Chapter	21.06.2025	MV202503303	2545	18	666,725	14,981	26,767,985	392,758	9,117	256,766	177,322	596,137	3,311,834	91	287,415	84394	126	1,634,536	119	5,884,926	33,288	25,489,369	2,141,406	85	1	Europe	large	4	0	0
True	obj3183	test	0	65	T. Kim	Electric Mirage 2	Legacy Cycle	11.09.2025	MV202503333	1771	62,7	4,392,069	155,780	55,672,567	2,301,348	36,208	48,721	839,219	2,105,847	8,190,436	305	139,108	45503	243	1,583,185	182	48,518,571	41,104	17,545,554	2,470,127	17	1	Americas	small	2	2	2
True	obj3184	test	0	30	C. Wright	Neon Horizon	Origin Arc	02.12.2025	MV202503334	1232	72,9	13,173,814	32,535	9,920,888	8,118,680	225,803	591,891	2,844,003	7,369,881	13,028,539	60	270,383	31355	101	1,984,450	107	49,967,217	27,612	4,751,398	3,275,668	96	0	Europe	small	0	3	2
True	obj3185	test	0	85	A. Volkov	City of Glass 2025	Open Sky	16.05.2025	MV202503336	1815	60,1	3,357,742	140,631	37,814,550	2,492,523	106,349	1,034,669	949,088	1,968,207	12,001,123	247	229,465	30938	101	9,799,515	55	39,552,677	17,542	7,056,223	4,636,236	28	0	Americas	large	4	1	2
True	obj3186	test	0	47	W. Stone	Northern Code 2025	Universe Zero	26.08.2025	MV202503288	223	57,9	12,103,625	118,586	68,975,703	2,964,582	136,951	355,253	3,602,025	11,023,723	14,843,598	158	477,936	54244	119	5,335,834	144	5,124,381	26,149	16,264,816	4,174,618	14	1	Americas	small	1	3	1
True	obj3187	test	0	84	G. Murphy	Burning Atlas 2	Prime Story	29.07.2025	MV202503291	3591	53,6	12,097,500	75,393	69,218,985	2,991,236	135,552	1,499,095	1,952,971	3,768,406	19,020,491	422	417,115	48944	91	7,864,910	48	26,845,981	15,599	28,920,778	2,142,321	6	1	Europe	medium	4	3	1
True	obj3188	test	0	59	A. Volkov	Shadow Circuit	Prime Story	24.09.2025	MV202503308	2576	57,3	5,558,160	131,097	6,149,188	2,964,625	136,905	1,361,346	149,529	547,875	16,461,122	230	50,173	37077	58	5,475,391	114	45,708,717	83,000	23,102,617	1,352,458	41	1	Americas	large	2	2	1
True	obj3189	test	0	53	W. Stone	Echo Chamber 2025	Chronicles Saga	07.06.2025	MV202503312	3110	75,1	5,421,038	168,405	22,071,341	293,820	5,712	1,800,629	1,465,218	3,692,340	461,384	288	49,521	18178	115	6,497,942	29	15,710,714	42,600	20,251,536	2,470,363	11	0	Americas	small	1	2	2
True	obj3190	test	0	68	E. Brooks	Crystal Fault 2025	Universe Zero	09.06.2025	MV202503322	2978	63,2	522,540	126,457	15,299,627	232,272	10,736	499,585	41,774	102,193	13,432,506	33	363,161	40584	130	3,879,074	168	1,978,167	88,563	11,276,505	947,571	93	0	Americas	small	2	0	2
True	obj3191	test	0	59	S. Patel	Golden Ratio 2025	Open Sky	18.11.2025	MV202503344	4914	104,3	2,198,695	152,816	61,068,093	883,620	21,461	1,053,316	427,557	773,367	19,423,916	178	130,204	31290	122	6,888,167	67	7,489,053	1,498	5,445,740	515,359	10	0	Europe	large	2	1	4
True	obj3192	test	0	48	K. Olsen	Ember Valley 2025	Legacy Cycle	26.04.2025	MV202503383	95	23,5	4,990,987	120,653	56,551,696	1,564,044	55,991	27,996	969,139	3,243,072	7,705,772	378	446,810	9302	11	8,532,475	113	16,177,724	31,569	20,356,922	2,999,876	90	0	Americas	large	1	2	0
True	obj3193	test	0	65	E. Brooks	Ghost Frequency 2025	Origin Arc	10.02.2025	MV202503374	992	29,7	16,934,426	80,334	11,796,532	6,258,550	87,450	606,075	2,838,380	8,342,015	16,571,011	203	156,614	39181	12	3,569,835	11	37,712,814	83,469	12,032,482	2,381,083	29	1	Americas	small	2	4	0
True	obj3194	test	0	88	B. Carter	Feral Harmony 2025	Standalone	08.02.2025	MV202503390	1941	38,9	2,507,222	34,092	18,317,533	873,503	11,724	1,881,059	373,508	1,188,658	14,827,156	40	431,960	54163	54	186,619	129	17,170,626	56,874	3,129,804	4,962,922	83	1	Asia-Pacific	large	4	1	1
True	obj3195	test	0	53	Y. Tanaka	Violet Engine 2025	New Dawn	04.11.2025	MV202503391	1016	108,7	912,148	8,105	73,366,123	448,276	7,659	61,368	118,345	428,690	5,724,282	419	16,392	92254	237	7,747,705	143	23,151,671	45,946	7,133,383	4,875,077	40	0	Asia-Pacific	medium	1	0	4
True	obj3196	test	0	70	K. Olsen	Aurora Debt	Dark Matter	05.06.2025	MV202503440	3480	71,2	2,635,341	61,327	28,368,129	2,098,629	26,463	898,005	668,526	2,375,160	12,037,187	464	369,081	80745	239	9,572,938	189	46,176,641	46,137	25,216,578	2,467,782	46	0	Americas	large	3	1	2
True	obj3197	test	0	57	Y. Tanaka	Midnight Cartel 2025	Legacy Cycle	20.06.2025	MV202503443	2096	46,6	11,855,280	27,396	30,246,682	2,360,474	29,973	1,933,574	1,211,654	3,513,344	7,234,452	268	110,208	23916	110	2,370,669	109	32,996,131	57,848	5,975,944	4,410,271	47	0	Asia-Pacific	medium	2	3	1
True	obj3198	test	0	31	J. Martinez	Golden Ratio 2025	Standalone	21.11.2025	MV202503465	4234	36,2	2,520,303	87,641	57,960,510	903,151	11,169	923,412	476,488	1,787,129	2,061,004	80	307,345	77852	181	7,992,311	1	19,051,512	37,121	24,983,086	4,396,674	70	0	Europe	large	0	1	0
True	obj3199	test	0	30	L. Nakamura	Paper Kingdom 2025	Open Sky	04.06.2025	MV202503476	3700	39,1	32,204,166	4,060	60,043,091	13,001,590	156,066	518,782	7,636,834	12,046,481	6,973,180	485	82,999	27341	148	4,583,541	190	21,981,243	84,499	6,089,669	3,755,837	61	0	Americas	small	0	4	1
True	obj3200	test	0	83	L. Nakamura	Desert Oracle	Dark Matter	21.08.2025	MV202503477	604	65,2	3,913,616	131,690	1,154,514	650,886	22,258	515,383	940,004	2,593,021	19,598,417	234	267,006	43107	67	1,139,391	74	7,763,503	80,275	15,478,481	2,765,525	83	0	Americas	small	4	1	2
True	obj3201	test	0	58	K. Olsen	Aurora Debt 2025 3	Origin Arc	22.09.2025	MV202503412	1630	94,7	1,331,652	112,878	34,607,098	575,558	17,788	458,539	191,011	269,356	13,340,904	354	186,426	97360	143	2,191,607	118	10,534,131	15,096	2,584,324	1,569,343	63	1	Americas	large	2	0	3
True	obj3202	test	0	69	T. Kim	Infinite Margin	Chronicles Saga	28.12.2025	MV202503415	551	20,5	18,278,957	179,744	28,817,046	1,223,396	23,810	1,758,694	2,535,704	6,852,413	11,622,904	246	213,133	57753	179	1,265,756	98	16,159,630	35,963	26,928,979	683,639	3	1	Americas	small	3	4	0
True	obj3203	test	0	89	S. Patel	Stone Butterfly 2025	Chronicles Saga	11.01.2025	MV202503435	3926	107,7	2,684,863	88,706	27,120,117	1,906,743	57,955	1,727,409	765,130	2,667,730	14,386,093	267	263,091	20135	52	9,493,624	6	10,677,904	1,176	17,410,384	4,193,685	79	1	Europe	large	4	1	4
True	obj3204	test	0	36	Y. Tanaka	Crimson Archive	Prime Story	06.04.2025	MV202503456	2398	53,6	5,571,972	45,761	63,312,584	3,809,280	85,980	1,240,180	1,378,643	2,614,389	12,973,603	202	347,484	96958	248	8,996,498	35	7,196,453	92,259	13,552,814	2,588,458	88	1	Asia-Pacific	medium	0	2	1
True	obj3205	test	0	84	K. Olsen	Electric Mirage 2025	Standalone	19.08.2025	MV202503471	3950	34,3	10,770,609	67,611	45,500,940	1,592,889	35,961	426,197	1,675,842	3,326,590	2,928,929	96	354,307	59960	272	796,230	173	2,270,658	44,951	5,217,556	334,573	27	0	Americas	large	4	3	0
True	obj3206	test	0	45	M. Chen	Digital Saints 2025	New Dawn	10.05.2025	MV202503485	3071	108,4	13,787,337	84,595	591,687	2,288,385	59,011	1,254,301	1,232,020	1,617,773	16,299,271	324	459,321	89797	260	8,368,339	152	37,957,860	39,938	8,452,017	1,057,361	28	0	Asia-Pacific	large	1	4	4
True	obj3207	test	0	49	I. Hassan	Parallel Lines 2025	Standalone	07.10.2025	MV202503488	1190	111,3	2,833,011	14,678	6,869,976	2,168,494	31,963	177,744	153,311	234,065	18,238,215	137	153,094	86395	41	5,263,824	156	5,986,288	95,676	1,195,291	4,290,764	24	1	Americas	large	1	1	4
True	obj3208	test	0	49	K. Olsen	Blue Static	Standalone	08.08.2025	MV202503520	943	117,7	4,057,652	180,732	34,831,662	342,151	15,621	1,532,657	1,069,869	3,048,995	2,148,508	250	283,048	38645	158	5,438,950	41	24,922,574	20,325	1,349,075	2,709,751	4	0	Americas	large	1	1	4
True	obj3209	test	0	42	V. Popov	Last Signal 2025	Open Sky	20.10.2025	MV202503523	168	116,4	4,348,529	59,474	63,358,356	1,073,489	19,821	1,419,252	480,576	1,173,192	14,522,166	28	41,829	84311	271	6,471,297	105	26,184,827	41,965	22,944,862	3,613,380	40	0	Latin America	large	0	2	4
True	obj3210	test	0	51	P. Singh	Ember Valley 2025	New Dawn	15.12.2025	MV202503526	3667	118,1	20,892,435	149,985	50,020,473	11,537,156	165,468	344,281	1,544,888	2,201,718	17,281,900	3	167,559	98119	287	685,600	164	44,500,258	82,641	21,832,859	3,713,825	37	0	Latin America	small	1	4	4
True	obj3211	test	0	32	J. Martinez	Golden Ratio 2025	Dark Matter	14.05.2025	MV202503545	920	96,6	2,292,096	172,843	25,182,075	369,944	12,523	353,157	419,892	1,060,270	15,111,853	45	295,236	4910	247	9,410,688	37	16,999,100	64,694	29,671,982	3,806,113	44	0	Europe	large	0	1	3
True	obj3212	test	0	55	C. Wright	Arctic Pulse 2025	Origin Arc	09.08.2025	MV202503514	1333	42,3	2,031,966	168,643	32,549,837	1,484,768	19,449	220,795	300,899	1,072,586	17,086,915	205	74,305	6507	283	4,916,868	188	46,802,334	29,517	19,016,154	1,506,881	46	0	Europe	small	1	0	1
True	obj3213	test	0	34	V. Popov	Glass Reactor	New Dawn	15.07.2025	MV202503515	1099	30,4	8,258,660	158,770	75,262,130	1,628,210	31,019	26,082	1,784,595	2,761,732	15,781,917	217	272,298	55659	37	8,428,657	176	17,827,819	28,321	6,033,682	4,088,678	82	0	Latin America	large	0	3	0
True	obj3214	test	0	49	G. Murphy	Burning Atlas 2025	Final Chapter	27.04.2025	MV202503548	1839	48,6	1,213,521	158,496	1,580,745	667,597	24,399	1,183,924	281,347	512,342	4,538,246	286	191,724	79147	285	5,681,446	125	44,226,748	66,358	19,459,364	1,762,555	21	0	Europe	medium	1	0	1
True	obj3215	test	0	81	J. Martinez	Hyperion Rise 2025	Chronicles Saga	19.10.2025	MV202503552	1762	101,7	17,217,945	72,879	67,156,788	6,204,865	267,085	978,783	629,790	1,470,487	3,406,288	164	72,012	77029	157	7,441,726	167	9,347,884	83,611	26,737,609	4,541,586	51	0	Europe	large	4	4	4
True	obj3216	test	0	42	W. Stone	Velvet Storm 2025	Origin Arc	16.06.2025	MV202503555	3803	44,2	5,526,613	154,677	13,396,534	696,496	30,344	1,484,774	1,032,042	1,927,052	9,521,479	364	91,222	2306	13	8,028,152	15	33,034,927	42,599	8,985,096	3,657,493	87	0	Americas	small	0	2	1
True	obj3217	test	0	70	B. Carter	Iron Garden 2025	Origin Arc	18.12.2025	MV202503566	1062	56,3	1,192,611	171,637	46,258,195	204,068	4,749	319,383	320,500	1,081,048	1,014,836	255	84,136	10592	201	1,232,224	64	37,108,037	78,047	19,656,221	3,653,067	82	0	Asia-Pacific	large	3	0	1
True	obj3218	test	0	85	N. Fischer	Infinite Margin	Open Sky	17.02.2025	MV202503588	94	75,7	814,938	46,992	10,162,173	550,262	23,246	1,090,486	11,279	38,504	13,494,243	26	198,490	18722	103	4,064,452	31	49,172,559	46,950	24,298,173	872,954	69	0	Europe	small	4	0	2
True	obj3219	test	0	91	E. Brooks	Desert Oracle 2025	Origin Arc	24.11.2025	MV202503591	3465	59,7	2,872,502	125,227	24,541,714	1,382,086	35,317	172,934	91,851	347,239	3,967,006	208	235,364	67124	137	6,718,246	138	10,762,554	94,771	25,397,969	427,273	65	1	Americas	small	4	1	2
True	obj3220	test	0	77	D. Rossi	Red Meridian 2025	Open Sky	04.04.2025	MV202503604	611	101,6	20,282,841	171,079	224,078	2,922,949	145,459	1,608,015	2,430,173	5,954,293	5,963,314	57	317,901	75287	195	8,174,912	29	34,996,726	60,385	2,216,854	3,441,182	6	0	Latin America	medium	3	4	4
True	obj3221	test	0	41	L. Nakamura	Crimson Archive 2025 3	Legacy Cycle	23.07.2025	MV202503609	4187	58,8	7,763,389	101,842	56,123,064	1,536,461	24,837	1,000,722	1,202,786	1,888,334	99,856	88	127,651	96731	250	1,370,362	140	38,531,628	9,813	25,987,125	626,193	86	1	Americas	small	0	3	1
True	obj3222	test	0	45	F. Nguyen	Crystal Fault 2025	Standalone	11.06.2025	MV202503626	3223	46,2	1,306,622	177,190	32,620,191	657,064	7,782	1,200,969	109,393	400,856	10,614,296	409	193,032	37584	131	6,528,945	177	2,049,619	38,761	17,717,227	4,953,085	40	0	Asia-Pacific	large	1	0	1
True	obj3223	test	0	58	Y. Tanaka	Broken Compass 4	Universe Zero	08.03.2025	MV202503575	4249	70,5	6,162,796	18,376	78,183,662	3,673,582	161,156	1,858,981	387,416	1,145,092	5,852,881	84	418,256	51281	86	1,669,919	84	784,354	66,134	27,913,532	436,743	48	0	Asia-Pacific	medium	2	2	2
True	obj3224	test	0	40	Y. Tanaka	Echo Chamber 2	Dark Matter	19.09.2025	MV202503580	3547	84,5	332,922	77,522	39,083,958	40,211	1,048	838,265	34,659	52,705	8,195,817	244	69,793	70043	284	9,476,641	113	32,033,280	22,625	23,547,257	652,132	76	0	Asia-Pacific	medium	0	0	3
True	obj3225	test	0	50	D. Rossi	Deep Current	New Dawn	05.06.2025	MV202503595	674	23,6	1,533,306	172,890	22,506,926	823,735	28,629	1,955,826	410,929	1,147,888	16,669,910	460	322,716	18190	225	9,881,884	74	46,944,515	12,673	1,522,477	3,432,347	68	0	Latin America	medium	1	0	0
True	obj3226	test	0	69	V. Popov	Velvet Storm	Standalone	21.01.2025	MV202503597	3494	46,8	5,594,686	52,210	42,185,880	1,004,892	48,823	798,384	1,524,909	5,276,516	8,763,289	442	286,816	34995	86	5,808,106	3	945,125	61,716	274,372	3,161,171	88	0	Latin America	large	3	2	1
True	obj3227	test	0	74	E. Brooks	Stone Butterfly 2025	New Dawn	16.12.2025	MV202503616	4860	90	10,707,955	95,943	47,971,991	3,985,650	46,622	1,397,569	1,663,937	2,207,714	18,464,091	115	12,331	2613	31	1,067,813	126	21,847,997	34,020	15,822,404	1,996,350	14	0	Americas	small	3	3	3
True	obj3228	test	0	62	R. Silva	Final Orbit	New Dawn	20.12.2025	MV202503618	346	77,7	341,405	74,870	61,711,166	187,805	3,342	1,035,255	41,691	65,457	9,562,207	46	481,419	91767	273	849,476	187	41,633,567	34,646	12,890,844	4,012,006	26	0	Latin America	large	2	0	2
True	obj3229	test	0	79	O. Dubois	Infinite Margin	Open Sky	14.11.2025	MV202503630	2546	108,8	77,811,397	98,327	13,824,305	49,558,216	2,287,595	792,242	15,416,354	30,770,754	10,338,437	113	447,296	22791	58	3,908,566	178	35,658,556	59,922	10,500,405	4,714,886	9	0	Latin America	large	3	4	4
True	obj3230	test	0	66	B. Carter	Ocean of Stars	Dark Matter	02.05.2025	MV202503632	26	86,1	6,141,253	115,891	58,419,231	2,882,870	79,618	148,252	864,935	2,720,428	19,287,768	225	134,622	69510	22	5,181,461	114	21,505,366	2,250	2,241,898	4,794,869	41	0	Asia-Pacific	large	2	2	3
True	obj3231	test	0	82	S. Patel	Binary Sunset 2025 4	Legacy Cycle	14.01.2025	MV202503654	2001	114,3	3,416,569	179,486	52,771,125	1,214,620	40,065	1,907,364	461,407	1,244,275	18,001,706	415	351,156	83911	178	9,314,523	31	3,126,774	3,100	2,169,746	3,951,272	47	1	Europe	large	4	1	4
True	obj3232	test	0	68	J. Martinez	Iron Garden 2025	Prime Story	21.09.2025	MV202503666	68	68,1	910,469	121,360	38,090,633	101,811	2,211	740,316	25,034	84,939	10,135,572	139	165,640	51538	221	8,587,203	93	15,652,150	11,394	7,874,411	553,317	47	0	Europe	large	2	0	2
True	obj3233	test	0	76	K. Olsen	Shadow Circuit	Origin Arc	01.04.2025	MV202503672	2674	83,9	3,791,838	40,329	17,342,776	930,276	45,243	180,127	900,353	2,633,193	2,312,435	298	444,540	59949	188	7,888,828	108	6,788,104	96,600	11,076,296	4,027,031	80	0	Americas	large	3	1	3
True	obj3234	test	0	52	T. Kim	Glass Reactor 2025	Chronicles Saga	20.12.2025	MV202503683	885	106,6	9,053,789	20,403	40,505,631	5,291,730	216,172	861,360	2,005,962	5,366,240	4,195,824	125	131,357	61583	227	3,456,223	110	43,322,398	56,463	3,874,714	699,551	80	1	Americas	small	1	3	4
True	obj3235	test	0	39	B. Carter	Stone Butterfly	Final Chapter	09.10.2025	MV202503687	2349	59,4	1,112,125	133,747	11,061,225	437,128	16,563	1,333,492	13,792	44,111	16,502,294	75	312,294	77660	236	9,432,040	132	14,800,904	84,322	2,565,168	1,981,335	12	0	Asia-Pacific	large	0	0	2
True	obj3236	test	0	92	D. Rossi	Hyperion Rise 2025	Open Sky	31.08.2025	MV202503638	3478	88,4	8,811,198	153,690	76,164,097	3,286,329	121,652	946,712	735,080	2,503,933	2,091,321	153	95,477	94943	135	9,565,353	49	11,426,819	92,665	2,314,929	2,701,263	18	0	Latin America	medium	4	3	3
True	obj3237	test	0	82	A. Volkov	Crystal Fault 2025 4	Universe Zero	06.07.2025	MV202503640	659	92,9	981,656	158,053	25,943,300	571,278	11,111	1,101,427	141,861	455,168	19,740,928	123	121,265	83047	84	6,078,618	81	30,249,812	42,646	4,777,292	587,562	78	1	Americas	large	4	0	3
True	obj3238	test	0	69	P. Singh	Crystal Fault 2025	Origin Arc	04.05.2025	MV202503642	3025	110	4,248,148	66,839	70,842,683	3,032,950	73,105	1,162,348	1,122,978	3,892,447	11,828,113	339	248,496	83204	49	6,961,569	59	26,854,877	7,753	23,297,128	3,962,772	26	0	Latin America	small	3	2	4
True	obj3239	test	0	69	I. Hassan	Paper Kingdom 3	Chronicles Saga	18.08.2025	MV202503675	2584	33,4	4,939,818	52,546	43,460,629	3,117,140	118,955	1,265,448	936,200	3,667,519	7,023,730	13	144,984	18470	223	710,880	18	27,914,364	42,063	3,877,778	4,581,116	71	0	Americas	large	3	2	0
True	obj3240	test	0	34	W. Stone	Infinite Margin	Open Sky	14.09.2025	MV202503692	2050	86,9	3,682,813	100,746	46,319,179	2,786,884	128,749	632,622	225,990	475,240	11,236,233	469	58,617	24927	33	6,242,948	137	41,858,533	9,045	27,980,443	1,847,022	92	0	Americas	small	0	1	3
True	obj3241	test	0	69	O. Dubois	Digital Saints 2025	Chronicles Saga	14.08.2025	MV202503710	1886	47,8	9,561,143	94,198	36,912,608	6,500,801	298,341	394,836	1,088,989	3,487,918	7,826,952	136	328,045	71301	84	6,792,201	174	37,004,353	71,117	28,841,744	26,833	76	0	Latin America	large	3	3	1
True	obj3242	test	0	39	B. Carter	Binary Sunset 2025	Open Sky	30.09.2025	MV202503713	4521	25,2	2,697,842	154,447	5,871,307	1,599,385	58,508	1,134,846	682,327	2,388,273	6,226,496	333	487,294	7534	0	3,961	38	27,284,420	22,627	4,353,854	2,024,344	85	0	Asia-Pacific	large	0	1	0
True	obj3243	test	0	32	Z. Ali	Crystal Fault 2025 4	Final Chapter	08.12.2025	MV202503714	3169	68,8	2,960,320	137,648	23,464,946	2,019,011	27,181	1,179,306	703,467	2,088,694	11,540,841	306	260,308	74817	288	9,228,211	20	8,772,586	96,367	11,423,988	4,117,404	93	0	Latin America	small	0	1	2
True	obj3244	test	0	32	R. Silva	Obsidian Heart	New Dawn	20.11.2025	MV202503735	748	72	12,773,397	46,554	12,169,655	5,825,194	90,318	545,232	3,711,003	13,640,184	12,002,834	140	150,991	41392	281	2,260,711	156	23,339,739	54,075	5,767,989	4,135,858	83	0	Latin America	large	0	3	2
True	obj3245	test	0	31	D. Rossi	Hyperion Rise 2025	Legacy Cycle	03.07.2025	MV202503745	1508	98	1,904,964	135,216	62,852,623	422,668	20,542	1,100,251	96,838	197,817	5,454,416	307	130,451	61273	113	2,505,111	25	31,348,868	80,295	28,220,063	4,153,846	55	0	Latin America	medium	0	0	3
True	obj3246	test	0	42	Y. Tanaka	Violet Engine 2025	Prime Story	01.09.2025	MV202503747	73	62,7	9,530,732	23,160	26,227,090	7,598,705	351,813	68,765	746,172	2,283,459	13,832,684	403	450,582	99213	261	3,842,069	23	22,325,022	80,485	2,226,053	1,887,186	22	0	Asia-Pacific	medium	0	3	2
True	obj3247	test	0	92	C. Wright	Kinetic Prayer 2025	Legacy Cycle	13.03.2025	MV202503748	1975	28,6	5,058,634	102,644	25,788,279	2,995,729	80,407	954,024	1,207,505	3,142,159	14,579,934	102	122,761	91955	6	5,904,186	172	19,737,634	68,544	9,457,560	3,271,882	99	0	Europe	small	4	2	0
True	obj3248	test	1	85	N. Fischer	Infinite Margin 2025	Legacy Cycle	21.12.2025	MV202503769	3383	91	108,477,939	101,169	58,944,287	22,710,271	1,055,114	420,214	29,509,751	82,512,719	17,734,080	153	371,862	14633	106	3,911,297	54	17,626,631	66,222	21,601,026	3,546,679	70	0	Europe	small	4	4	3
True	obj3249	test	0	30	F. Nguyen	Violet Engine 2025	Dark Matter	16.03.2025	MV202503770	3930	84,4	428,259	77,574	47,014,238	239,334	5,501	301,108	55,224	86,100	9,211,014	448	110,190	28707	2	2,717,963	74	43,820,234	30,280	6,780,632	269,745	10	0	Asia-Pacific	large	0	0	3
True	obj3250	test	0	88	V. Popov	Burning Atlas 2025 2	Universe Zero	10.02.2025	MV202503703	1212	101,7	8,508,304	34,921	51,183,905	1,486,958	58,765	703,968	1,957,970	4,091,464	18,321,604	77	377,771	88809	173	5,180,273	47	17,399,529	34,488	16,647,718	1,089,401	79	0	Latin America	large	4	3	4
True	obj3251	test	0	30	G. Murphy	Northern Code 2025	Legacy Cycle	23.10.2025	MV202503704	161	23,5	2,385,441	37,285	12,841,061	1,905,680	54,086	1,409,738	380,865	1,292,564	18,600,972	456	99,679	76557	13	3,527,686	135	4,287,487	60,053	7,526,218	4,521,737	90	0	Europe	medium	0	1	0
True	obj3252	test	0	88	W. Stone	Violet Engine 2025	Prime Story	05.07.2025	MV202503775	4018	107,9	20,161,610	71,118	77,732,147	1,593,308	60,047	234,488	1,233,428	2,318,575	404,550	345	8,868	95770	61	4,761,561	62	7,699,186	19,075	18,255,115	4,404,641	14	1	Americas	small	4	4	4
True	obj3253	test	0	94	W. Stone	Burning Atlas	Origin Arc	15.06.2025	MV202503814	786	23,7	16,330,555	17,802	66,937,191	4,497,150	110,291	959,368	4,133,055	6,256,338	18,066,147	207	239,267	89825	276	61,059	31	34,198,927	93,939	16,322,084	4,386,453	14	0	Americas	small	4	4	0
True	obj3254	test	0	49	A. Volkov	Stone Butterfly	New Dawn	24.07.2025	MV202503815	713	29,1	2,583,447	140,380	18,643,286	1,808,846	77,220	1,722,565	492,231	1,691,456	14,236,570	438	372,128	46805	56	1,046,478	151	27,297,527	78,285	7,789,562	194,782	55	0	Americas	large	1	1	0
True	obj3255	test	0	57	J. Martinez	Deep Current 2025 4	Dark Matter	28.08.2025	MV202503816	3613	46,6	16,862,803	158,385	16,947,670	9,615,594	311,403	634,756	2,816,490	10,108,054	1,909,711	499	234,848	59693	0	2,542,227	37	13,708,216	85,785	17,627,836	1,832,747	87	0	Europe	large	2	4	1
True	obj3256	test	0	62	S. Patel	Broken Compass 2025	Chronicles Saga	21.07.2025	MV202503781	1849	85,6	6,613,285	90,442	48,416,636	3,564,816	60,983	1,187,719	1,575,368	5,530,154	3,784,208	462	292,331	68068	245	2,790,444	4	32,853,948	18,313	5,641,069	690,675	23	1	Europe	large	2	2	3
True	obj3257	test	0	73	L. Nakamura	Digital Saints 2025	New Dawn	28.05.2025	MV202503786	3356	101,6	15,348,348	118,698	34,622,821	5,865,369	252,070	89,183	1,724,953	6,041,264	4,177,546	397	334,774	93022	75	5,678,577	135	10,190,995	55,377	9,261,131	994,167	96	0	Americas	small	3	4	4
True	obj3258	test	0	93	G. Murphy	White Noise 2025	Dark Matter	19.12.2025	MV202503821	4431	80,4	3,158,134	185,549	36,149,582	2,285,995	79,177	1,285,049	559,382	1,967,716	14,849,453	476	124,390	15347	151	6,406,815	4	43,833,729	93,020	5,809,415	1,552,541	33	0	Europe	medium	4	1	3
True	obj3259	test	0	59	Y. Tanaka	Lunar Cartography 2025	Prime Story	06.02.2025	MV202503857	4276	34,7	836,497	173,223	3,996,991	190,294	4,953	614,794	195,135	323,207	13,716,610	104	368,569	51760	1	5,844,103	155	21,923,023	92,224	1,414,676	172,528	21	0	Asia-Pacific	medium	2	0	0
True	obj3260	test	0	84	Q. Jensen	Broken Compass 2025	Universe Zero	14.02.2025	MV202503896	1927	71,4	48,066,943	41,660	58,819,561	8,354,593	85,794	878,946	3,741,184	9,708,642	10,123,882	146	317,397	6323	62	2,766,338	189	33,035,114	92,370	11,409,264	2,180,813	39	0	Americas	medium	4	4	2
True	obj3261	test	0	60	T. Kim	Nova Protocol 2025 3	Standalone	13.03.2025	MV202503911	363	78,8	6,233,454	17,519	47,504,745	2,192,864	67,034	1,251,289	1,483,417	4,164,557	14,796,129	194	86,271	55597	265	6,917,363	112	49,922,992	22,264	25,142,258	646,045	20	0	Americas	small	2	2	3
True	obj3262	test	0	73	D. Rossi	Jade Frequency	Standalone	28.06.2025	MV202503849	387	61,1	894,236	13,598	44,425,853	164,570	4,652	19,098	220,462	873,289	12,820,596	380	297,916	4948	104	4,525,886	22	8,154,860	74,784	26,504,246	99,741	68	0	Latin America	medium	3	0	2
True	obj3263	test	0	86	O. Dubois	Blue Static	Dark Matter	24.03.2025	MV202503850	4050	17,4	42,704,958	87,575	14,337,752	13,847,344	419,649	1,568,933	1,173,075	1,834,101	16,149,998	284	269,819	90988	280	1,461,168	198	30,626,715	56,506	25,905,995	4,281,532	4	0	Latin America	large	4	4	0
True	obj3264	test	0	86	V. Popov	Northern Code 2025	Universe Zero	24.03.2025	MV202503880	2613	52,8	5,625,274	107,415	37,133,581	1,383,173	68,307	960,633	329,521	673,964	7,207,216	261	113,131	24303	0	9,060,490	105	24,867,038	77,896	14,148,945	4,351,636	11	1	Latin America	large	4	2	1
True	obj3265	test	0	91	J. Martinez	Last Signal 2025	New Dawn	23.04.2025	MV202503888	813	16,4	9,355,062	75,533	37,884,955	7,321,186	73,838	56,093	789,836	1,460,494	19,983,958	317	282,351	98671	151	8,298,464	64	12,788,379	42,026	3,891,907	2,075,931	2	1	Europe	large	4	3	0
True	obj3266	test	0	40	W. Stone	Binary Sunset 2025	Chronicles Saga	31.05.2025	MV202503901	1343	108,9	4,355,270	92,129	12,928,429	1,169,424	46,881	601,108	941,528	1,985,468	3,474,738	218	499,373	26985	141	3,274,725	65	4,521,341	24,563	17,653,859	4,182,897	50	0	Americas	small	0	2	4
True	obj3267	test	0	69	C. Wright	Jade Frequency 2025	Legacy Cycle	24.12.2025	MV202503918	3490	44,3	9,162,405	194,393	3,755,045	2,061,776	94,721	1,741,425	2,034,524	8,063,208	676,137	310	299,066	74080	213	9,730,415	191	43,271,298	28,507	28,233,488	1,888,777	70	0	Europe	small	3	3	1
True	obj3268	test	0	34	F. Nguyen	Ember Valley	Dark Matter	29.10.2025	MV202503919	498	74,5	6,797,158	197,688	32,133,426	5,248,745	114,622	27,033	1,178,029	3,222,955	19,760,876	99	33,464	19424	237	500,342	185	22,715,408	59,923	25,460,344	2,484,889	63	0	Asia-Pacific	large	0	2	2
True	obj3269	test	0	85	Z. Ali	Northern Code 4	Origin Arc	17.05.2025	MV202503923	1192	95,9	1,596,181	29,741	22,310,654	809,738	40,449	1,632,011	141,370	259,014	6,517,688	470	16,992	32687	20	7,840,068	125	26,177,609	77,871	18,237,598	496,671	13	0	Latin America	small	4	0	3
True	obj3270	test	0	51	Q. Jensen	Paper Kingdom 2025 2	Final Chapter	20.02.2025	MV202503924	4222	60,2	1,938,016	47,998	2,381,657	1,195,593	46,072	1,997,339	339,815	692,244	17,733,147	75	94,302	69228	59	1,587,725	48	1,563,636	64,993	23,081,692	1,372,372	16	1	Americas	medium	1	0	2
True	obj3271	test	0	92	J. Martinez	Ghost Frequency 2025	Prime Story	06.08.2025	MV202503935	2644	82	3,473,336	60,111	40,750,598	741,740	19,073	287,610	484,041	1,124,160	12,245,231	214	328,211	9170	149	8,998,508	10	31,027,613	30,462	9,012,754	705,314	48	0	Europe	large	4	1	3
True	obj3272	test	0	79	O. Dubois	Red Meridian 2025	Origin Arc	01.06.2025	MV202503942	4444	24,1	5,357,028	109,538	24,876,161	1,099,804	24,721	336,340	1,526,049	2,075,159	14,415,505	422	145,983	51601	152	7,987,555	16	40,373,097	42,407	4,428,277	3,059,984	56	1	Latin America	large	3	2	0
True	obj3273	test	0	32	Y. Tanaka	Silent Protocol 2025	Dark Matter	17.04.2025	MV202503977	4214	93,4	45,443,227	164,057	17,030,320	16,601,676	744,513	329,366	8,040,133	12,833,310	18,135,311	60	108,703	21915	185	9,462,860	169	24,868,001	75,984	25,425,627	666,257	69	0	Asia-Pacific	medium	0	4	3
True	obj3274	test	0	80	D. Rossi	Silver Transit 2025	Dark Matter	02.09.2025	MV202503930	3070	80,7	15,006,459	190,547	180,646	11,444,630	165,846	847,069	1,475,737	5,424,860	700,898	187	58,006	98445	111	90,397	20	23,061,032	89,222	25,936,551	4,313,170	6	0	Latin America	medium	3	4	3
True	obj3275	test	0	37	N. Fischer	Electric Mirage 2025	Prime Story	23.08.2025	MV202503962	2836	27,2	15,592,532	109,455	68,029,258	4,735,896	65,155	1,814,295	303,319	441,446	7,025,911	439	45,964	53878	95	6,868,557	4	29,045,761	93,322	21,520,554	1,522,348	32	0	Europe	small	0	4	0
True	obj3276	test	0	89	B. Carter	Electric Mirage 2025	New Dawn	21.06.2025	MV202503963	3341	38,2	4,138,278	16,795	29,121,632	269,273	13,107	283,343	431,869	912,667	6,861,215	258	251,894	84863	4	3,270,719	110	37,957,320	17,500	25,145,293	379,567	39	0	Asia-Pacific	large	4	2	1
True	obj3277	test	0	31	G. Murphy	Arctic Pulse 2025	Dark Matter	02.10.2025	MV202503967	1291	84,3	10,827,140	123,743	72,340,005	4,203,883	165,421	1,254,838	2,983,745	10,972,905	7,749,213	476	135,958	29427	58	7,328,204	82	33,023,004	92,473	11,792,765	2,155,041	80	0	Europe	medium	0	3	3
True	obj3278	test	0	78	F. Nguyen	Echo Chamber 2025	Origin Arc	24.10.2025	MV202504003	4042	86	3,007,011	83,526	62,468,693	467,651	8,795	1,295,362	215,321	823,384	16,207,551	140	298,901	24667	141	3,847,469	173	38,982,194	58,359	28,875,406	3,723,709	37	1	Asia-Pacific	large	3	1	3
True	obj3279	test	0	33	P. Singh	Echo Chamber	Dark Matter	26.10.2025	MV202504009	3641	119	1,132,466	184,006	11,306,351	510,949	11,822	988,750	24,966	88,414	5,416,576	451	77,317	50190	21	6,446,415	135	49,968,941	70,665	4,197,874	1,089,333	99	0	Latin America	small	0	0	4
True	obj3280	test	0	73	O. Dubois	Velvet Storm	Standalone	24.07.2025	MV202504012	223	77,3	6,679,870	55,815	47,388,173	3,289,820	155,276	604,715	1,133,256	2,097,987	13,279,858	231	336,367	31658	116	4,165,123	142	19,312,476	57,278	11,501,993	2,433,668	51	0	Latin America	large	3	2	2
True	obj3281	test	0	60	Q. Jensen	Ocean of Stars 2025	Standalone	06.02.2025	MV202504044	2721	63,6	6,832,904	168,313	34,776,623	2,989,339	41,448	1,453,537	616,157	1,640,325	4,509,828	409	80,793	23771	138	2,549,375	59	14,061,025	74,206	15,587,464	1,605,388	35	0	Americas	medium	2	2	2
True	obj3282	test	0	51	E. Brooks	Deep Current 2025	Legacy Cycle	14.08.2025	MV202504047	1070	107,5	7,534,732	165,001	15,613,628	5,240,049	111,208	1,362,647	2,076,118	3,913,119	9,926,842	140	142,080	3153	158	3,071,276	159	8,531,167	82,504	25,320,981	423,952	37	0	Americas	small	1	3	4
True	obj3283	test	0	66	P. Singh	Frozen Ledger 2025 3	Standalone	13.05.2025	MV202503990	1262	102	2,502,628	76,764	52,320,014	316,140	12,533	1,197,477	564,473	2,216,050	18,922,756	91	397,687	68496	219	4,168,907	153	49,226,638	33,416	13,863,036	2,352,419	69	0	Latin America	small	2	1	4
True	obj3284	test	0	37	W. Stone	Thunder Archive 2025 4	Chronicles Saga	24.01.2025	MV202503993	3787	22,3	1,436,895	10,583	72,556,562	1,033,244	26,810	1,741,495	342,839	1,228,329	5,924,973	350	226,772	65776	90	1,313,939	97	42,608,896	69,218	4,462,122	919,707	16	0	Americas	small	0	0	0
True	obj3285	test	0	69	Q. Jensen	Last Signal 2025 4	Dark Matter	08.05.2025	MV202503995	1211	32	6,741,171	112,563	11,496,864	3,527,315	73,408	455,314	1,072,745	1,861,897	14,667,424	388	451,411	46571	0	8,766,608	37	2,195,730	69,032	13,518,249	798,510	43	0	Americas	medium	3	2	0
True	obj3286	test	0	87	C. Wright	Hollow Crown 2025	Standalone	19.01.2025	MV202504035	41	82,2	8,884,189	27,728	1,368,776	6,720,369	92,383	1,075,009	110,732	296,592	3,052,475	396	444,312	22934	289	9,689,186	186	29,938,582	5,176	25,869,793	2,787,747	17	0	Europe	small	4	3	3
True	obj3287	test	0	36	L. Nakamura	Solar Drift 2025	Dark Matter	28.06.2025	MV202504053	3592	90,3	2,298,454	178,395	54,764,082	289,419	9,515	1,613,429	346,959	1,031,006	13,925,877	394	63,359	21522	221	1,086,290	165	31,517,767	22,214	14,698,336	4,572,450	78	0	Americas	small	0	1	3
True	obj3288	test	0	87	O. Dubois	Echo Chamber 2025 4	Open Sky	11.09.2025	MV202504056	3733	19,6	1,340,567	907	40,226,535	820,925	35,981	600,693	95,789	353,718	18,332,495	202	383,221	20079	174	6,409,299	67	43,783,968	33,353	3,347,457	353,536	48	0	Latin America	large	4	0	0
True	obj3289	test	0	80	Y. Tanaka	Midnight Cartel 2025	Legacy Cycle	14.04.2025	MV202504070	2730	117,2	1,315,838	48,593	17,646,816	884,916	14,877	1,893,130	243,053	298,753	12,711,650	439	465,741	53330	10	9,034,856	186	86,941	9,630	14,571,779	576,182	4	1	Asia-Pacific	medium	3	0	4
True	obj3290	test	0	65	R. Silva	Winter Echo	Dark Matter	16.03.2025	MV202504087	3967	21	13,912,472	33,501	37,892,939	3,795,820	78,685	202,306	974,425	3,864,033	18,839,176	124	123,848	94793	20	2,079,600	169	13,746,116	59,433	3,734,173	138,978	10	1	Latin America	large	2	4	0
True	obj3291	test	0	48	M. Chen	Blue Static 2025	Chronicles Saga	02.02.2025	MV202504108	4727	99,4	10,091,962	21,636	78,439,107	1,422,600	65,491	1,268,434	1,541,716	3,621,636	5,397,904	218	496,740	10041	126	1,149,640	185	27,870,474	84,972	7,933,253	1,716,130	60	1	Asia-Pacific	large	1	3	3
True	obj3292	test	0	56	Z. Ali	Digital Saints 2025	Origin Arc	30.11.2025	MV202504113	3900	78,7	9,062,679	151,048	2,011,919	2,910,904	50,322	541,698	1,893,423	4,995,890	16,521,651	114	107,357	29488	197	3,881,936	153	6,546,810	37,759	29,114,022	4,716,551	56	1	Latin America	small	2	3	3
True	obj3293	test	0	59	A. Volkov	Velvet Storm 2025	Universe Zero	17.01.2025	MV202504125	2048	25,2	18,271,854	191,363	38,597,639	2,434,050	33,560	500,478	957,923	1,816,102	528,430	443	11,435	61000	140	8,393,126	156	4,906,829	56,685	10,917,308	1,110,396	85	0	Americas	large	2	4	0
True	obj3294	test	0	41	G. Murphy	Northern Code 2025	Final Chapter	04.09.2025	MV202504065	549	37,2	1,823,166	162,176	3,431,967	1,232,019	36,837	1,837,565	529,695	1,048,871	16,921,467	23	221,493	41903	268	4,640,772	175	19,598,069	70,226	11,381,179	698,685	33	0	Europe	medium	0	0	0
True	obj3295	test	0	78	R. Silva	Thunder Archive 2025	New Dawn	01.08.2025	MV202504082	3938	43,7	2,414,492	123,791	68,262,483	1,885,909	59,696	385,581	696,445	1,301,658	17,595,678	479	168,376	14165	182	6,496,221	126	19,624,072	48,978	12,773,587	3,827,835	7	0	Latin America	large	3	1	1
True	obj3296	test	0	71	D. Rossi	White Noise	Legacy Cycle	14.11.2025	MV202504102	1489	69,6	6,666,085	197,976	70,737,817	2,516,210	85,709	344,542	503,869	1,074,661	6,960,687	272	281,088	69545	106	8,746,434	75	1,856,946	68,917	18,750,912	2,968,370	78	1	Latin America	medium	3	2	2
True	obj3297	test	0	44	Q. Jensen	Velvet Storm 2025	Prime Story	15.02.2025	MV202504119	4578	57,5	4,679,623	136,505	56,059,834	1,406,403	33,036	366,468	1,386,354	5,508,625	12,891,392	127	286,636	83097	270	6,787,371	98	16,803,265	71,036	13,920,657	2,130,377	26	0	Americas	medium	1	2	1
True	obj3298	test	0	60	C. Wright	Kinetic Prayer 2	Final Chapter	22.04.2025	MV202504120	3090	99,3	520,220	7,630	24,188,607	121,758	5,876	1,720,748	80,513	262,483	961,520	192	359,319	4780	81	5,132,768	189	17,704,821	7,697	12,532,028	1,122,347	4	0	Europe	small	2	0	3
True	obj3299	test	0	34	O. Dubois	Silver Transit 2025	Origin Arc	12.10.2025	MV202504132	2541	49,6	1,423,393	189,978	3,102,356	833,432	35,295	1,792,262	43,426	160,224	15,361,569	457	138,563	71183	171	5,871,817	32	23,165,117	81,884	8,583,864	4,510,596	39	1	Latin America	large	0	0	1
True	obj3300	test	0	81	P. Singh	Thunder Archive 2025	Universe Zero	03.03.2025	MV202504140	2215	82,3	3,514,524	42,129	64,546,535	1,648,666	73,844	1,030,025	781,889	947,799	14,872,457	299	462,433	2905	216	6,095,200	25	23,414,597	11,201	15,679,597	3,805,791	65	1	Latin America	small	4	1	3
True	obj3301	test	0	92	R. Silva	Kinetic Prayer 2025	Final Chapter	10.09.2025	MV202504168	3160	47,8	7,365,811	48,234	37,674,291	3,243,524	72,683	862,872	162,414	487,508	70,613	387	287,233	1857	166	5,101,247	174	30,420,949	26,333	2,303,585	2,954,437	9	0	Latin America	large	4	3	1
True	obj3302	test	0	35	S. Patel	Hollow Crown 2025	Final Chapter	22.08.2025	MV202504176	4801	89,7	2,073,879	158,399	14,573,334	993,198	48,626	420,016	586,634	1,464,125	16,562,544	171	100,904	85773	287	1,132,329	21	7,069,915	69,872	3,412,092	95,595	31	1	Europe	large	0	0	3
True	obj3303	test	0	59	E. Brooks	Ember Valley	Final Chapter	14.09.2025	MV202504191	239	113,5	6,525,476	131,841	18,231,707	1,456,284	72,283	514,008	575,267	1,811,285	16,708,508	319	192,269	69068	73	1,262,733	129	4,239,160	65,186	28,855,074	4,010,794	88	0	Americas	small	2	2	4
True	obj3304	test	0	70	A. Volkov	Electric Mirage 2025	Universe Zero	17.09.2025	MV202504162	1392	70,5	2,647,758	137,617	2,282,126	1,928,837	39,486	1,215,168	256,101	993,757	18,705,410	128	493,850	14932	108	2,944,997	160	36,038,219	74,391	23,799,067	4,926,398	51	0	Americas	large	3	1	2
True	obj3305	test	0	93	D. Rossi	Ocean of Stars	Standalone	18.03.2025	MV202504166	2417	86,2	4,952,479	41,528	41,641,659	3,634,976	64,908	1,674,541	194,953	514,157	14,247,213	91	64,923	25690	59	3,244,807	49	21,491,639	43,925	12,933,493	857,882	89	0	Latin America	medium	4	2	3
True	obj3306	test	0	62	T. Kim	Binary Sunset 2025	Chronicles Saga	26.09.2025	MV202504235	4599	70,2	5,253,155	199,150	4,185,416	2,237,674	44,131	241,204	960,777	1,950,803	6,757,632	94	382,689	24154	194	938,733	168	49,981,551	15,479	9,226,183	4,638,679	91	1	Americas	small	2	2	2
True	obj3307	test	0	94	K. Olsen	Parallel Lines 2025	Final Chapter	03.06.2025	MV202504250	3312	119,5	6,869,080	178,650	51,274,798	2,946,144	81,948	1,061,778	742,624	1,765,558	12,406,391	345	429,996	82036	247	1,593,561	166	33,855,039	30,327	26,137,066	2,606,523	69	0	Americas	large	4	2	4
True	obj3308	test	0	48	Z. Ali	Last Signal 2025 4	Dark Matter	09.01.2025	MV202504253	248	87,5	13,517,914	118,034	53,300,573	4,752,987	175,882	75,267	1,902,749	2,934,155	3,820,566	141	494,472	48158	268	1,844,849	5	33,775,521	93,501	22,361,050	3,721,275	58	1	Latin America	small	1	4	3
True	obj3309	test	0	30	D. Rossi	Burning Atlas 2025	Standalone	13.07.2025	MV202504271	4717	37	393,919	51,733	2,695,365	291,099	4,883	1,883,612	29,535	46,440	9,194,756	411	459,830	30152	139	542,558	7	25,666,794	94,200	23,388,950	4,662,812	77	0	Latin America	medium	0	0	0
True	obj3310	test	0	80	N. Fischer	Stone Butterfly 2025	Chronicles Saga	05.12.2025	MV202504275	602	22,7	12,395,429	71,119	77,349,159	6,893,992	134,577	808,931	1,996,823	7,423,615	19,104,416	278	430,336	1878	156	6,136,144	172	20,699,453	9,416	25,508,238	2,593,538	87	0	Europe	small	3	3	0
True	obj3311	test	0	58	J. Martinez	Blue Static	Universe Zero	04.08.2025	MV202504207	4788	28,8	1,610,140	25,433	38,481,956	1,141,163	35,799	416,953	397,626	629,435	305,890	142	491,840	9191	96	5,185,111	30	9,734,248	66,398	811,056	475,273	80	0	Europe	large	2	0	0
True	obj3312	test	0	32	S. Patel	Nova Protocol 2025	Origin Arc	07.12.2025	MV202504226	2107	102,6	1,952,477	177,028	3,369,698	1,044,755	20,153	237,205	246,095	684,006	15,103,162	464	272,937	16754	137	147,572	31	41,920,573	12,638	16,074,227	268,786	68	1	Europe	large	0	0	4
True	obj3313	test	0	30	B. Carter	Infinite Margin 2025	Universe Zero	31.12.2025	MV202504230	3657	55	3,259,926	87,822	48,080,087	2,436,967	38,256	49,703	132,220	376,884	8,824,493	89	27,061	8739	93	245,546	41	14,407,359	632	1,944,443	2,138,845	70	1	Asia-Pacific	large	0	1	1
True	obj3314	test	0	87	A. Volkov	Crimson Archive 2025	Universe Zero	24.09.2025	MV202504242	1448	81,6	6,495,451	98,830	72,978,682	326,067	15,601	13,999	1,892,209	4,069,685	11,660,459	223	483,510	86204	32	4,108,636	80	2,261,028	18,678	28,762,203	2,960,440	41	1	Americas	large	4	2	3
True	obj3315	test	0	71	N. Fischer	Ocean of Stars 2025	Open Sky	17.02.2025	MV202504262	1853	83,6	19,877,029	152,444	55,099,738	4,422,522	115,808	1,499,235	4,249,308	15,376,223	4,405,535	420	341,506	97687	255	6,782,666	172	23,388,609	19,346	10,399,543	2,899,740	87	0	Europe	small	3	4	3
True	obj3316	test	0	74	L. Nakamura	Violet Engine 2025	Chronicles Saga	01.04.2025	MV202504302	4581	73,8	1,578,158	63,864	23,904,550	1,227,523	57,959	854,730	439,864	974,543	18,517,170	63	321,980	88621	168	4,446,374	170	14,940,640	81,417	29,084,689	970,740	78	1	Americas	small	3	0	2
True	obj3317	test	0	47	D. Rossi	Silent Protocol 2025	Chronicles Saga	11.04.2025	MV202504316	2668	100,8	1,682,088	189,273	4,666,811	1,155,062	25,503	253,177	267,021	603,766	18,820,656	398	493,042	33436	74	826,674	169	20,985,640	61,254	10,592,511	4,966,123	96	0	Latin America	medium	1	0	4
True	obj3318	test	0	57	J. Martinez	Burning Atlas 2025	Origin Arc	06.01.2025	MV202504293	1537	62,5	32,892,019	41,225	15,490,140	8,891,480	228,092	464,631	878,829	3,173,624	8,887,751	461	53,787	95793	191	292,056	33	1,350,335	2,849	23,262,338	2,619,474	33	0	Europe	large	2	4	2
True	obj3319	test	0	34	B. Carter	Echo Chamber 2025	Final Chapter	04.09.2025	MV202504339	2501	102,9	15,440,083	156,866	34,733,943	5,515,036	99,972	1,736,128	1,699,685	2,422,569	18,561,517	2	235,993	55486	54	25,116	142	15,618,511	71,828	2,894,266	3,931,683	78	1	Asia-Pacific	large	0	4	4
True	obj3320	test	0	52	R. Silva	Paper Kingdom 2025 2	Dark Matter	15.07.2025	MV202504342	4389	27,1	3,837,827	191,526	78,542,391	780,012	35,593	1,307,611	318,032	1,078,654	4,878,226	368	24,927	77532	194	8,807,155	50	34,375,297	62,589	6,939,755	2,511,379	17	0	Latin America	large	1	1	0
True	obj3321	test	0	94	I. Hassan	Electric Mirage	Open Sky	20.08.2025	MV202504344	2664	79	3,425,519	29,477	25,263,922	2,368,394	106,135	1,322,629	135,935	304,699	11,596,316	498	99,533	30584	242	4,776,084	82	25,266,229	26,790	22,826,573	411,095	86	1	Americas	large	4	1	3
True	obj3322	test	0	31	K. Olsen	Quantum Rain 2025	Chronicles Saga	05.07.2025	MV202504360	4160	101,2	2,904,628	145,422	9,403,892	1,815,267	88,850	1,574,878	65,774	124,399	17,624,957	193	140,159	84480	13	9,922,985	138	8,532,053	66,874	26,097,291	3,818,167	9	0	Americas	large	0	1	4
True	obj3323	test	0	61	M. Chen	Final Orbit 2025	Legacy Cycle	13.09.2025	MV202504361	48	89	7,106,787	143,704	46,898,201	1,589,056	71,669	1,105,253	1,241,023	3,497,057	12,335,576	217	57,645	12579	201	2,359,646	35	40,066,863	42,298	28,009,593	569,182	65	0	Asia-Pacific	large	2	3	3
True	obj3324	test	0	34	Y. Tanaka	Feral Harmony 2025	Legacy Cycle	15.05.2025	MV202504380	4319	65,2	6,851,782	82,718	58,631,409	2,248,990	29,071	1,552,992	1,591,069	6,131,047	15,799,409	332	104,672	64808	119	616,967	124	11,847,271	53,844	3,424,387	1,403,509	68	0	Asia-Pacific	medium	0	2	2
True	obj3325	test	0	44	V. Popov	Infinite Margin 2025	Universe Zero	27.04.2025	MV202504396	4756	65,2	3,985,526	75,511	35,111,939	1,540,927	33,244	933,883	132,591	392,926	16,904,956	166	478,808	9809	168	7,784,550	148	39,927,297	12,777	12,507,714	3,877,828	11	0	Latin America	large	1	1	2
True	obj3326	test	0	32	O. Dubois	Silent Protocol 2025	Universe Zero	12.10.2025	MV202504414	2463	61,9	10,035,375	73,192	24,936,762	3,757,573	164,186	1,804,224	2,556,799	7,161,323	19,368,542	338	365,737	975	58	3,932,138	112	4,502,178	8,646	6,895,691	3,297,604	48	0	Latin America	large	0	3	2
True	obj3327	test	0	58	V. Popov	Infinite Margin 2025	New Dawn	18.01.2025	MV202504385	4265	109,7	8,464,757	121,091	14,307,940	5,791,071	258,246	415,439	1,177,944	2,842,782	12,000,950	17	404,333	25681	254	7,677,857	137	39,259,870	64,173	26,734,978	4,883,006	76	0	Latin America	large	2	3	4
True	obj3328	test	0	46	W. Stone	Silver Transit 2025	Legacy Cycle	28.06.2025	MV202504388	3801	34,7	1,572,276	131,953	44,444,114	163,046	2,925	288,033	385,298	998,140	2,547,032	391	316,777	45409	167	4,750,495	143	34,723,261	44,163	18,076,326	4,443,723	40	0	Americas	small	1	0	0
True	obj3329	test	0	77	H. Andersson	Arctic Pulse 4	Origin Arc	24.09.2025	MV202504424	4290	95,1	15,890,326	57,341	556,892	4,728,827	140,577	1,261,928	1,948,000	2,780,872	6,288,719	370	375,134	81798	267	3,122,009	23	19,892,052	52,994	18,685,465	1,200,230	11	1	Asia-Pacific	large	3	4	3
True	obj3330	test	0	86	S. Patel	Iron Garden 2025 4	Origin Arc	29.12.2025	MV202504439	3049	50,4	873,855	121,026	27,875,745	91,004	3,149	1,984,566	217,962	426,106	174,098	79	493,756	79170	33	4,539,722	113	36,993,837	31,228	1,331,668	1,521,514	80	0	Europe	large	4	0	1
True	obj3331	test	0	94	E. Brooks	Parallel Lines 3	Universe Zero	28.04.2025	MV202504445	4369	86,5	14,130,064	169,334	72,541,502	877,268	10,061	449,215	1,193,476	4,202,423	7,488,408	154	225,932	97534	44	1,448,923	33	41,087,269	39,162	23,416,826	3,932,859	52	0	Americas	small	4	4	3
True	obj3332	test	0	40	G. Murphy	Nova Protocol 2025 4	Dark Matter	25.08.2025	MV202504459	171	35,6	1,565,100	1,388	18,264,999	309,625	5,083	1,343,566	128,434	415,215	2,675,865	403	9,766	60301	228	5,255,279	54	15,778,446	8,585	28,048,706	1,663,828	87	0	Europe	medium	0	0	0
True	obj3333	test	0	94	S. Patel	Carbon Dreams 2025 3	Origin Arc	30.11.2025	MV202504475	4758	86,6	7,162,567	32,749	74,225,935	3,921,942	80,333	1,322,109	247,366	756,571	16,959,763	439	380,246	21985	19	2,384,954	87	14,799,099	95,447	18,386,824	4,864,909	8	0	Europe	large	4	3	3
True	obj3334	test	0	42	Q. Jensen	Ocean of Stars 3	Dark Matter	23.06.2025	MV202504481	4472	22,6	11,682,819	2,131	4,460,835	4,323,644	72,677	267,871	1,946,374	2,628,229	1,237,171	281	241,081	72636	265	6,431,202	17	9,192,679	38,525	22,841,641	3,300,437	47	0	Americas	medium	0	3	0
True	obj3335	test	0	33	W. Stone	City of Glass	Dark Matter	14.05.2025	MV202504432	1334	97,4	15,804,652	114,163	6,212,623	7,019,745	341,437	388,476	3,345,873	12,880,801	10,400,128	183	177,664	92951	175	8,439,868	52	44,638,425	66,224	28,701,070	4,672,987	65	0	Americas	small	0	4	3
True	obj3336	test	0	59	Y. Tanaka	Hollow Crown 2025	Standalone	18.04.2025	MV202504451	1295	20,7	2,389,736	69,978	23,890,859	1,361,517	18,863	1,488,975	659,475	2,541,237	3,809,646	223	276,307	22771	140	6,022,802	98	32,532,383	80,779	15,734,783	4,154,099	40	0	Asia-Pacific	medium	2	1	0
True	obj3337	test	0	66	P. Singh	Final Orbit 2025	Prime Story	05.06.2025	MV202504473	2346	39	13,267,604	125,574	73,786,645	737,022	35,593	1,608,758	2,086,140	2,567,250	14,667,315	368	47,948	65285	6	8,748,615	112	20,460,422	16,100	26,505,736	4,589,293	45	0	Latin America	small	2	3	1
True	obj3338	test	0	67	K. Olsen	Binary Sunset 2025	Chronicles Saga	28.06.2025	MV202504484	70	54,3	4,787,169	54,919	57,952,540	2,338,874	99,032	1,929,571	119,018	289,007	14,022,344	445	98,675	34855	73	1,243,407	183	27,581,150	94,745	20,236,564	3,864,179	38	0	Americas	large	2	2	1
True	obj3339	test	0	83	R. Silva	Infinite Margin 2025	New Dawn	28.01.2025	MV202504487	3762	65,9	3,691,034	4,154	77,507,475	2,014,706	38,289	1,377,023	681,654	1,417,928	15,962,982	435	479,651	65808	197	1,901,699	67	47,107,598	98,366	29,013,803	2,983,737	92	0	Latin America	large	4	1	2
True	obj3340	test	0	94	Q. Jensen	Hyperion Rise 2025	New Dawn	27.02.2025	MV202504491	3484	91,3	1,723,987	196,955	68,215,598	426,316	7,667	552,025	264,218	518,170	8,520,969	174	420,520	68692	107	7,286,665	78	24,505,605	60,514	19,664,600	264,917	41	0	Americas	medium	4	0	3
True	obj3341	test	0	32	I. Hassan	Electric Mirage 2025	New Dawn	11.10.2025	MV202504521	1129	104,2	850,864	138,050	55,033,138	523,243	22,929	846,908	216,523	647,915	9,013,862	135	114,835	66163	109	8,023,269	163	47,762,935	94,379	15,254,947	4,979,863	56	0	Americas	large	0	0	4
True	obj3342	test	0	41	M. Chen	City of Glass 2025	New Dawn	29.12.2025	MV202504544	2521	75,4	55,276,833	66,045	229,136	12,952,198	327,965	586,250	14,356,081	46,261,775	19,881,126	68	425,235	37512	193	2,465,658	101	36,860,436	49,937	11,218,893	1,817,267	19	1	Asia-Pacific	large	0	4	2
True	obj3343	test	0	50	Q. Jensen	Infinite Margin 2025	Legacy Cycle	30.07.2025	MV202504545	1576	28,8	5,977,428	74,644	41,203,934	479,630	20,622	370,484	613,362	1,838,243	2,144,169	142	440,893	18093	183	3,338,749	51	15,306,160	14,757	27,813,958	1,673,009	49	1	Americas	medium	1	2	0
True	obj3344	test	0	69	M. Chen	Frozen Ledger 2025	Origin Arc	10.10.2025	MV202504555	485	78	43,109,120	10,270	40,911,573	8,535,182	157,808	683,733	4,283,442	9,111,819	14,633,074	281	468,844	26182	226	3,242,889	179	2,466,010	12,860	18,444,396	617,759	4	0	Asia-Pacific	large	3	4	2
True	obj3345	test	0	40	M. Chen	Violet Engine 2025	Legacy Cycle	08.08.2025	MV202504560	4589	95,2	4,527,216	197,977	42,164,562	1,352,532	45,522	217,368	675,707	2,173,467	18,780,104	69	377,339	98376	290	8,340,619	102	20,492,283	64,687	10,220,022	702,118	84	0	Asia-Pacific	large	0	2	3
True	obj3346	test	0	69	C. Wright	Shadow Circuit 2025	Standalone	18.11.2025	MV202504494	4553	109,5	4,192,457	53,979	72,369,151	1,996,042	68,892	1,829,058	936,816	1,877,874	7,417,800	46	225,417	26670	153	1,775,481	136	38,999,618	74,845	28,432,346	2,965,589	7	1	Europe	small	3	2	4
True	obj3347	test	0	32	O. Dubois	White Noise	Dark Matter	16.04.2025	MV202504546	3405	59,2	30,382,349	109,223	31,701,951	21,575,507	1,064,725	1,437,641	7,505,618	24,102,228	5,125,353	193	461,446	40844	50	2,279,441	157	39,668,197	26,112	5,280,010	1,144,247	11	1	Latin America	large	0	4	2
True	obj3348	test	0	74	G. Murphy	Midnight Cartel 2025	New Dawn	10.01.2025	MV202504564	1380	48,6	1,433,003	87,674	6,301,979	805,370	11,717	271,891	148,327	221,966	999,346	124	209,893	96906	78	4,315,550	150	1,026,056	61,409	1,304,379	3,599,732	76	0	Europe	medium	3	0	1
True	obj3349	test	0	68	M. Chen	Obsidian Heart	Universe Zero	23.08.2025	MV202504565	72	87,1	4,683,900	124,670	17,183,405	3,593,698	58,827	854,796	1,064,880	2,702,877	12,068,518	187	305,867	73839	195	34,767	73	36,501,134	26,129	19,592,452	2,116,643	42	0	Asia-Pacific	large	2	2	3
True	obj3350	test	0	92	I. Hassan	Solar Drift 2025 2	Prime Story	13.12.2025	MV202504588	1669	25,2	8,270,087	138,341	16,940,460	720,327	21,539	1,058,746	1,739,331	3,804,967	19,709,663	11	426,162	69526	70	9,846,911	135	27,047,378	84,501	15,104,044	4,846,251	88	0	Americas	large	4	3	0
True	obj3351	test	0	54	B. Carter	Crimson Archive 2025	New Dawn	27.07.2025	MV202504577	4057	60,4	2,509,776	113,585	51,316,492	1,464,584	40,877	354,711	339,128	1,330,065	799,234	17	37,759	22489	198	5,472,752	61	47,502,368	45,580	5,557,429	3,251	64	0	Asia-Pacific	large	1	1	2
True	obj3352	test	0	76	Z. Ali	Carbon Dreams	Final Chapter	06.05.2025	MV202504593	733	79,8	4,853,184	87,289	7,550,860	2,754,879	136,998	491,959	914,572	1,788,593	19,311,128	360	19,803	51313	2	6,015,546	160	31,959,372	68,445	14,195,727	1,423,397	74	0	Latin America	small	3	2	3
True	obj3353	test	0	73	J. Martinez	Feral Harmony 2025 4	Chronicles Saga	02.04.2025	MV202504596	240	118,3	9,987,459	82,157	19,465,353	7,963,300	389,159	1,177,071	2,126,236	3,511,483	1,910,703	418	49,576	82794	198	7,096,497	5	1,115,595	75,036	23,972,832	327,480	53	0	Europe	large	3	3	4
True	obj3354	test	0	73	F. Nguyen	Frozen Ledger 2025	Dark Matter	22.09.2025	MV202504598	2065	87	2,963,956	111,779	72,953,444	2,346,759	48,563	356,444	391,633	879,786	17,046,768	348	287,152	74104	123	8,250,715	23	38,498,494	77,808	1,492,024	3,401,836	57	0	Asia-Pacific	large	3	1	3
